voucher_id,voucher_type,txn_date,created_at,account_code,account_name,debit,credit,narration,source,user_id,reversal_of
PUR-00001,Purchase,2024-06-10,2024-06-10 10:10,5401,Professional Fees,158208.00,,Being goods/services from Anand Auto Parts inv SI028/2000,PurchaseModule,ACCT-1,
PUR-00001,Purchase,2024-06-10,2024-06-10 10:10,2301,GST Input Credit,28477.44,,GST input on SI028/2000,PurchaseModule,ACCT-1,
PUR-00001,Purchase,2024-06-10,2024-06-10 10:10,2101,Sundry Creditors,,186685.44,Anand Auto Parts inv SI028/2000,PurchaseModule,ACCT-1,
PUR-00002,Purchase,2024-08-23,2024-08-24 10:28,5401,Professional Fees,12337.00,,Being goods/services from Jyoti Electrodes inv SI037/2001,PurchaseModule,ACCT-2,
PUR-00002,Purchase,2024-08-23,2024-08-24 10:28,2301,GST Input Credit,2220.66,,GST input on SI037/2001,PurchaseModule,ACCT-2,
PUR-00002,Purchase,2024-08-23,2024-08-24 10:28,2101,Sundry Creditors,,14557.66,Jyoti Electrodes inv SI037/2001,PurchaseModule,ACCT-2,
PUR-00003,Purchase,2024-08-07,2024-08-08 17:25,5001,Purchases - Trading Goods,108817.00,,Being goods/services from Falcon Security Services inv SI033/2002,PurchaseModule,ACCT-3,
PUR-00003,Purchase,2024-08-07,2024-08-08 17:25,2301,GST Input Credit,19587.06,,GST input on SI033/2002,PurchaseModule,ACCT-3,
PUR-00003,Purchase,2024-08-07,2024-08-08 17:25,2101,Sundry Creditors,,128404.06,Falcon Security Services inv SI033/2002,PurchaseModule,ACCT-3,
PUR-00004,Purchase,2025-02-04,2025-02-04 16:12,5301,Repairs & Maintenance,96949.00,,Being goods/services from Shree Ram Traders inv SI014/2003,PurchaseModule,ACCT-2,
PUR-00004,Purchase,2025-02-04,2025-02-04 16:12,2301,GST Input Credit,17450.82,,GST input on SI014/2003,PurchaseModule,ACCT-2,
PUR-00004,Purchase,2025-02-04,2025-02-04 16:12,2101,Sundry Creditors,,114399.82,Shree Ram Traders inv SI014/2003,PurchaseModule,ACCT-2,
PUR-00005,Purchase,2024-10-30,2024-10-31 16:27,5201,Rent Expense,186877.00,,Being goods/services from Omkar Engineering inv SI016/2004,PurchaseModule,ACCT-3,
PUR-00005,Purchase,2024-10-30,2024-10-31 16:27,2301,GST Input Credit,33637.86,,GST input on SI016/2004,PurchaseModule,ACCT-3,
PUR-00005,Purchase,2024-10-30,2024-10-31 16:27,2101,Sundry Creditors,,220514.86,Omkar Engineering inv SI016/2004,PurchaseModule,ACCT-3,
PUR-00006,Purchase,2024-09-18,2024-09-18 10:32,5201,Rent Expense,104669.00,,Being goods/services from National Weighbridge inv SI041/2005,PurchaseModule,ACCT-3,
PUR-00006,Purchase,2024-09-18,2024-09-18 10:32,2301,GST Input Credit,18840.42,,GST input on SI041/2005,PurchaseModule,ACCT-3,
PUR-00006,Purchase,2024-09-18,2024-09-18 10:32,2101,Sundry Creditors,,123509.42,National Weighbridge inv SI041/2005,PurchaseModule,ACCT-3,
PUR-00007,Purchase,2024-11-22,2024-11-23 15:26,5401,Professional Fees,188459.00,,Being goods/services from Balaji Packaging Co inv SI002/2006,PurchaseModule,ACCT-3,
PUR-00007,Purchase,2024-11-22,2024-11-23 15:26,2301,GST Input Credit,33922.62,,GST input on SI002/2006,PurchaseModule,ACCT-3,
PUR-00007,Purchase,2024-11-22,2024-11-23 15:26,2101,Sundry Creditors,,222381.62,Balaji Packaging Co inv SI002/2006,PurchaseModule,ACCT-3,
PUR-00008,Purchase,2024-04-08,2024-04-09 15:58,5401,Professional Fees,28430.00,,Being goods/services from Jaipur Textiles House inv SI010/2007,PurchaseModule,ACCT-3,
PUR-00008,Purchase,2024-04-08,2024-04-09 15:58,2301,GST Input Credit,5117.40,,GST input on SI010/2007,PurchaseModule,ACCT-3,
PUR-00008,Purchase,2024-04-08,2024-04-09 15:58,2101,Sundry Creditors,,33547.40,Jaipur Textiles House inv SI010/2007,PurchaseModule,ACCT-3,
PUR-00009,Purchase,2024-11-24,2024-11-25 15:09,5201,Rent Expense,48037.00,,Being goods/services from Zenith Abrasives inv SI027/2008,PurchaseModule,ACCT-1,
PUR-00009,Purchase,2024-11-24,2024-11-25 15:09,2301,GST Input Credit,8646.66,,GST input on SI027/2008,PurchaseModule,ACCT-1,
PUR-00009,Purchase,2024-11-24,2024-11-25 15:09,2101,Sundry Creditors,,56683.66,Zenith Abrasives inv SI027/2008,PurchaseModule,ACCT-1,
PUR-00010,Purchase,2025-03-05,2025-03-05 14:04,5101,Freight & Cartage,211959.00,,Being goods/services from Silverline Pipes inv SI045/2009,PurchaseModule,ACCT-1,
PUR-00010,Purchase,2025-03-05,2025-03-05 14:04,2301,GST Input Credit,38152.62,,GST input on SI045/2009,PurchaseModule,ACCT-1,
PUR-00010,Purchase,2025-03-05,2025-03-05 14:04,2101,Sundry Creditors,,250111.62,Silverline Pipes inv SI045/2009,PurchaseModule,ACCT-1,
PUR-00011,Purchase,2024-08-14,2024-08-15 17:12,5001,Purchases - Trading Goods,53102.00,,Being goods/services from Prakash Machinery inv SI043/2010,PurchaseModule,ACCT-1,
PUR-00011,Purchase,2024-08-14,2024-08-15 17:12,2301,GST Input Credit,9558.36,,GST input on SI043/2010,PurchaseModule,ACCT-1,
PUR-00011,Purchase,2024-08-14,2024-08-15 17:12,2101,Sundry Creditors,,62660.36,Prakash Machinery inv SI043/2010,PurchaseModule,ACCT-1,
PUR-00012,Purchase,2024-08-22,2024-08-22 09:33,5401,Professional Fees,65102.00,,Being goods/services from Kaveri Transport Co inv SI011/2011,PurchaseModule,ACCT-1,
PUR-00012,Purchase,2024-08-22,2024-08-22 09:33,2301,GST Input Credit,11718.36,,GST input on SI011/2011,PurchaseModule,ACCT-1,
PUR-00012,Purchase,2024-08-22,2024-08-22 09:33,2101,Sundry Creditors,,76820.36,Kaveri Transport Co inv SI011/2011,PurchaseModule,ACCT-1,
PUR-00013,Purchase,2024-05-12,2024-05-13 16:36,5301,Repairs & Maintenance,59251.00,,Being goods/services from Jyoti Electrodes inv SI037/2012,PurchaseModule,ACCT-1,
PUR-00013,Purchase,2024-05-12,2024-05-13 16:36,2301,GST Input Credit,10665.18,,GST input on SI037/2012,PurchaseModule,ACCT-1,
PUR-00013,Purchase,2024-05-12,2024-05-13 16:36,2101,Sundry Creditors,,69916.18,Jyoti Electrodes inv SI037/2012,PurchaseModule,ACCT-1,
PUR-00014,Purchase,2024-05-25,2024-05-25 14:27,5101,Freight & Cartage,8102.00,,Being goods/services from Crescent Ceramics inv SI030/2013,PurchaseModule,ACCT-2,
PUR-00014,Purchase,2024-05-25,2024-05-25 14:27,2301,GST Input Credit,1458.36,,GST input on SI030/2013,PurchaseModule,ACCT-2,
PUR-00014,Purchase,2024-05-25,2024-05-25 14:27,2101,Sundry Creditors,,9560.36,Crescent Ceramics inv SI030/2013,PurchaseModule,ACCT-2,
PUR-00015,Purchase,2024-11-01,2024-11-02 18:23,5301,Repairs & Maintenance,72912.00,,Being goods/services from Crescent Ceramics inv SI030/2014,PurchaseModule,ACCT-3,
PUR-00015,Purchase,2024-11-01,2024-11-02 18:23,2301,GST Input Credit,13124.16,,GST input on SI030/2014,PurchaseModule,ACCT-3,
PUR-00015,Purchase,2024-11-01,2024-11-02 18:23,2101,Sundry Creditors,,86036.16,Crescent Ceramics inv SI030/2014,PurchaseModule,ACCT-3,
PUR-00016,Purchase,2024-08-06,2024-08-06 10:18,5301,Repairs & Maintenance,74428.00,,Being goods/services from Falcon Security Services inv SI033/2015,PurchaseModule,ACCT-2,
PUR-00016,Purchase,2024-08-06,2024-08-06 10:18,2301,GST Input Credit,13397.04,,GST input on SI033/2015,PurchaseModule,ACCT-2,
PUR-00016,Purchase,2024-08-06,2024-08-06 10:18,2101,Sundry Creditors,,87825.04,Falcon Security Services inv SI033/2015,PurchaseModule,ACCT-2,
PUR-00017,Purchase,2024-11-12,2024-11-13 10:34,5001,Purchases - Trading Goods,87960.00,,Being goods/services from Universal Bearings inv SI022/2016,PurchaseModule,ACCT-1,
PUR-00017,Purchase,2024-11-12,2024-11-13 10:34,2301,GST Input Credit,15832.80,,GST input on SI022/2016,PurchaseModule,ACCT-1,
PUR-00017,Purchase,2024-11-12,2024-11-13 10:34,2101,Sundry Creditors,,103792.80,Universal Bearings inv SI022/2016,PurchaseModule,ACCT-1,
PUR-00018,Purchase,2024-12-04,2024-12-05 13:20,5101,Freight & Cartage,202961.00,,Being goods/services from Chennai Polymers Pvt Ltd inv SI003/2017,PurchaseModule,ACCT-1,
PUR-00018,Purchase,2024-12-04,2024-12-05 13:20,2301,GST Input Credit,36532.98,,GST input on SI003/2017,PurchaseModule,ACCT-1,
PUR-00018,Purchase,2024-12-04,2024-12-05 13:20,2101,Sundry Creditors,,239493.98,Chennai Polymers Pvt Ltd inv SI003/2017,PurchaseModule,ACCT-1,
PUR-00019,Purchase,2024-09-19,2024-09-19 12:59,5901,Miscellaneous Expenses,215201.00,,Being goods/services from Himalaya Papers inv SI008/2018,PurchaseModule,ACCT-1,
PUR-00019,Purchase,2024-09-19,2024-09-19 12:59,2301,GST Input Credit,38736.18,,GST input on SI008/2018,PurchaseModule,ACCT-1,
PUR-00019,Purchase,2024-09-19,2024-09-19 12:59,2101,Sundry Creditors,,253937.18,Himalaya Papers inv SI008/2018,PurchaseModule,ACCT-1,
PUR-00020,Purchase,2024-12-24,2024-12-24 15:10,5101,Freight & Cartage,96752.00,,Being goods/services from Xpress Couriers inv SI025/2019,PurchaseModule,ACCT-1,
PUR-00020,Purchase,2024-12-24,2024-12-24 15:10,2301,GST Input Credit,17415.36,,GST input on SI025/2019,PurchaseModule,ACCT-1,
PUR-00020,Purchase,2024-12-24,2024-12-24 15:10,2101,Sundry Creditors,,114167.36,Xpress Couriers inv SI025/2019,PurchaseModule,ACCT-1,
PUR-00021,Purchase,2024-09-04,2024-09-04 15:44,5101,Freight & Cartage,64655.00,,Being goods/services from Hitech Instruments inv SI035/2020,PurchaseModule,ACCT-1,
PUR-00021,Purchase,2024-09-04,2024-09-04 15:44,2301,GST Input Credit,11637.90,,GST input on SI035/2020,PurchaseModule,ACCT-1,
PUR-00021,Purchase,2024-09-04,2024-09-04 15:44,2101,Sundry Creditors,,76292.90,Hitech Instruments inv SI035/2020,PurchaseModule,ACCT-1,
PUR-00022,Purchase,2024-04-07,2024-04-08 11:25,5101,Freight & Cartage,196568.00,,Being goods/services from National Weighbridge inv SI041/2021,PurchaseModule,ACCT-1,
PUR-00022,Purchase,2024-04-07,2024-04-08 11:25,2301,GST Input Credit,35382.24,,GST input on SI041/2021,PurchaseModule,ACCT-1,
PUR-00022,Purchase,2024-04-07,2024-04-08 11:25,2101,Sundry Creditors,,231950.24,National Weighbridge inv SI041/2021,PurchaseModule,ACCT-1,
PUR-00023,Purchase,2024-12-21,2024-12-21 13:24,5901,Miscellaneous Expenses,68862.00,,Being goods/services from Jyoti Electrodes inv SI037/2022,PurchaseModule,ACCT-2,
PUR-00023,Purchase,2024-12-21,2024-12-21 13:24,2301,GST Input Credit,12395.16,,GST input on SI037/2022,PurchaseModule,ACCT-2,
PUR-00023,Purchase,2024-12-21,2024-12-21 13:24,2101,Sundry Creditors,,81257.16,Jyoti Electrodes inv SI037/2022,PurchaseModule,ACCT-2,
PUR-00024,Purchase,2025-01-15,2025-01-15 11:10,5201,Rent Expense,121410.00,,Being goods/services from Anand Auto Parts inv SI028/2023,PurchaseModule,ACCT-2,
PUR-00024,Purchase,2025-01-15,2025-01-15 11:10,2301,GST Input Credit,21853.80,,GST input on SI028/2023,PurchaseModule,ACCT-2,
PUR-00024,Purchase,2025-01-15,2025-01-15 11:10,2101,Sundry Creditors,,143263.80,Anand Auto Parts inv SI028/2023,PurchaseModule,ACCT-2,
PUR-00025,Purchase,2025-02-16,2025-02-16 14:59,5401,Professional Fees,147069.00,,Being goods/services from Royal Stationers inv SI019/2024,PurchaseModule,ACCT-3,
PUR-00025,Purchase,2025-02-16,2025-02-16 14:59,2301,GST Input Credit,26472.42,,GST input on SI019/2024,PurchaseModule,ACCT-3,
PUR-00025,Purchase,2025-02-16,2025-02-16 14:59,2101,Sundry Creditors,,173541.42,Royal Stationers inv SI019/2024,PurchaseModule,ACCT-3,
PUR-00026,Purchase,2024-07-15,2024-07-15 12:59,5101,Freight & Cartage,78482.00,,Being goods/services from Ganga Traders inv SI007/2025,PurchaseModule,ACCT-3,
PUR-00026,Purchase,2024-07-15,2024-07-15 12:59,2301,GST Input Credit,14126.76,,GST input on SI007/2025,PurchaseModule,ACCT-3,
PUR-00026,Purchase,2024-07-15,2024-07-15 12:59,2101,Sundry Creditors,,92608.76,Ganga Traders inv SI007/2025,PurchaseModule,ACCT-3,
PUR-00027,Purchase,2024-05-17,2024-05-18 16:49,5101,Freight & Cartage,87296.00,,Being goods/services from Sunrise Solvents inv SI020/2026,PurchaseModule,ACCT-1,
PUR-00027,Purchase,2024-05-17,2024-05-18 16:49,2301,GST Input Credit,15713.28,,GST input on SI020/2026,PurchaseModule,ACCT-1,
PUR-00027,Purchase,2024-05-17,2024-05-18 16:49,2101,Sundry Creditors,,103009.28,Sunrise Solvents inv SI020/2026,PurchaseModule,ACCT-1,
PUR-00028,Purchase,2024-07-14,2024-07-15 12:47,5201,Rent Expense,28559.00,,Being goods/services from Everest Scaffolding inv SI032/2027,PurchaseModule,ACCT-3,
PUR-00028,Purchase,2024-07-14,2024-07-15 12:47,2301,GST Input Credit,5140.62,,GST input on SI032/2027,PurchaseModule,ACCT-3,
PUR-00028,Purchase,2024-07-14,2024-07-15 12:47,2101,Sundry Creditors,,33699.62,Everest Scaffolding inv SI032/2027,PurchaseModule,ACCT-3,
PUR-00029,Purchase,2024-07-13,2024-07-14 09:00,5301,Repairs & Maintenance,230270.00,,Being goods/services from Chennai Polymers Pvt Ltd inv SI003/2028,PurchaseModule,ACCT-2,
PUR-00029,Purchase,2024-07-13,2024-07-14 09:00,2301,GST Input Credit,41448.60,,GST input on SI003/2028,PurchaseModule,ACCT-2,
PUR-00029,Purchase,2024-07-13,2024-07-14 09:00,2101,Sundry Creditors,,271718.60,Chennai Polymers Pvt Ltd inv SI003/2028,PurchaseModule,ACCT-2,
PUR-00030,Purchase,2024-11-20,2024-11-20 15:43,5301,Repairs & Maintenance,39762.00,,Being goods/services from Kaveri Transport Co inv SI011/2029,PurchaseModule,ACCT-2,
PUR-00030,Purchase,2024-11-20,2024-11-20 15:43,2301,GST Input Credit,7157.16,,GST input on SI011/2029,PurchaseModule,ACCT-2,
PUR-00030,Purchase,2024-11-20,2024-11-20 15:43,2101,Sundry Creditors,,46919.16,Kaveri Transport Co inv SI011/2029,PurchaseModule,ACCT-2,
PUR-00031,Purchase,2024-09-16,2024-09-17 17:17,5401,Professional Fees,170999.00,,Being goods/services from Xpress Couriers inv SI025/2030,PurchaseModule,ACCT-2,
PUR-00031,Purchase,2024-09-16,2024-09-17 17:17,2301,GST Input Credit,30779.82,,GST input on SI025/2030,PurchaseModule,ACCT-2,
PUR-00031,Purchase,2024-09-16,2024-09-17 17:17,2101,Sundry Creditors,,201778.82,Xpress Couriers inv SI025/2030,PurchaseModule,ACCT-2,
PUR-00032,Purchase,2025-02-22,2025-02-23 14:39,5101,Freight & Cartage,184029.00,,Being goods/services from Silverline Pipes inv SI045/2031,PurchaseModule,ACCT-2,
PUR-00032,Purchase,2025-02-22,2025-02-23 14:39,2301,GST Input Credit,33125.22,,GST input on SI045/2031,PurchaseModule,ACCT-2,
PUR-00032,Purchase,2025-02-22,2025-02-23 14:39,2101,Sundry Creditors,,217154.22,Silverline Pipes inv SI045/2031,PurchaseModule,ACCT-2,
PUR-00033,Purchase,2025-02-09,2025-02-10 10:35,5301,Repairs & Maintenance,133357.00,,Being goods/services from Universal Bearings inv SI022/2032,PurchaseModule,ACCT-1,
PUR-00033,Purchase,2025-02-09,2025-02-10 10:35,2301,GST Input Credit,24004.26,,GST input on SI022/2032,PurchaseModule,ACCT-1,
PUR-00033,Purchase,2025-02-09,2025-02-10 10:35,2101,Sundry Creditors,,157361.26,Universal Bearings inv SI022/2032,PurchaseModule,ACCT-1,
PUR-00034,Purchase,2024-05-22,2024-05-22 18:49,5401,Professional Fees,147373.00,,Being goods/services from Omkar Engineering inv SI016/2033,PurchaseModule,ACCT-1,
PUR-00034,Purchase,2024-05-22,2024-05-22 18:49,2301,GST Input Credit,26527.14,,GST input on SI016/2033,PurchaseModule,ACCT-1,
PUR-00034,Purchase,2024-05-22,2024-05-22 18:49,2101,Sundry Creditors,,173900.14,Omkar Engineering inv SI016/2033,PurchaseModule,ACCT-1,
PUR-00035,Purchase,2024-08-22,2024-08-23 15:43,5001,Purchases - Trading Goods,63315.00,,Being goods/services from Pioneer Plastics inv SI017/2034,PurchaseModule,ACCT-2,
PUR-00035,Purchase,2024-08-22,2024-08-23 15:43,2301,GST Input Credit,11396.70,,GST input on SI017/2034,PurchaseModule,ACCT-2,
PUR-00035,Purchase,2024-08-22,2024-08-23 15:43,2101,Sundry Creditors,,74711.70,Pioneer Plastics inv SI017/2034,PurchaseModule,ACCT-2,
PUR-00036,Purchase,2025-01-08,2025-01-09 09:27,5001,Purchases - Trading Goods,74190.00,,Being goods/services from Everest Scaffolding inv SI032/2035,PurchaseModule,ACCT-3,
PUR-00036,Purchase,2025-01-08,2025-01-09 09:27,2301,GST Input Credit,13354.20,,GST input on SI032/2035,PurchaseModule,ACCT-3,
PUR-00036,Purchase,2025-01-08,2025-01-09 09:27,2101,Sundry Creditors,,87544.20,Everest Scaffolding inv SI032/2035,PurchaseModule,ACCT-3,
PUR-00037,Purchase,2024-05-07,2024-05-07 12:04,5101,Freight & Cartage,150387.00,,Being goods/services from Everest Scaffolding inv SI032/2036,PurchaseModule,ACCT-3,
PUR-00037,Purchase,2024-05-07,2024-05-07 12:04,2301,GST Input Credit,27069.66,,GST input on SI032/2036,PurchaseModule,ACCT-3,
PUR-00037,Purchase,2024-05-07,2024-05-07 12:04,2101,Sundry Creditors,,177456.66,Everest Scaffolding inv SI032/2036,PurchaseModule,ACCT-3,
PUR-00038,Purchase,2024-06-11,2024-06-12 13:02,5101,Freight & Cartage,83944.00,,Being goods/services from Kaveri Transport Co inv SI011/2037,PurchaseModule,ACCT-3,
PUR-00038,Purchase,2024-06-11,2024-06-12 13:02,2301,GST Input Credit,15109.92,,GST input on SI011/2037,PurchaseModule,ACCT-3,
PUR-00038,Purchase,2024-06-11,2024-06-12 13:02,2101,Sundry Creditors,,99053.92,Kaveri Transport Co inv SI011/2037,PurchaseModule,ACCT-3,
PUR-00039,Purchase,2024-05-22,2024-05-22 12:43,5001,Purchases - Trading Goods,3484.00,,Being goods/services from Trident Tools Ltd inv SI021/2038,PurchaseModule,ACCT-3,
PUR-00039,Purchase,2024-05-22,2024-05-22 12:43,2301,GST Input Credit,627.12,,GST input on SI021/2038,PurchaseModule,ACCT-3,
PUR-00039,Purchase,2024-05-22,2024-05-22 12:43,2101,Sundry Creditors,,4111.12,Trident Tools Ltd inv SI021/2038,PurchaseModule,ACCT-3,
PUR-00040,Purchase,2024-07-23,2024-07-24 18:32,5401,Professional Fees,59386.00,,Being goods/services from Anand Auto Parts inv SI028/2039,PurchaseModule,ACCT-3,
PUR-00040,Purchase,2024-07-23,2024-07-24 18:32,2301,GST Input Credit,10689.48,,GST input on SI028/2039,PurchaseModule,ACCT-3,
PUR-00040,Purchase,2024-07-23,2024-07-24 18:32,2101,Sundry Creditors,,70075.48,Anand Auto Parts inv SI028/2039,PurchaseModule,ACCT-3,
PUR-00041,Purchase,2024-06-10,2024-06-11 15:54,5201,Rent Expense,141994.00,,Being goods/services from Xpress Couriers inv SI025/2040,PurchaseModule,ACCT-2,
PUR-00041,Purchase,2024-06-10,2024-06-11 15:54,2301,GST Input Credit,25558.92,,GST input on SI025/2040,PurchaseModule,ACCT-2,
PUR-00041,Purchase,2024-06-10,2024-06-11 15:54,2101,Sundry Creditors,,167552.92,Xpress Couriers inv SI025/2040,PurchaseModule,ACCT-2,
PUR-00042,Purchase,2024-05-30,2024-05-30 10:53,5901,Miscellaneous Expenses,53281.00,,Being goods/services from Divya Safety Equipments inv SI031/2041,PurchaseModule,ACCT-2,
PUR-00042,Purchase,2024-05-30,2024-05-30 10:53,2301,GST Input Credit,9590.58,,GST input on SI031/2041,PurchaseModule,ACCT-2,
PUR-00042,Purchase,2024-05-30,2024-05-30 10:53,2101,Sundry Creditors,,62871.58,Divya Safety Equipments inv SI031/2041,PurchaseModule,ACCT-2,
PUR-00043,Purchase,2024-07-06,2024-07-06 11:56,5001,Purchases - Trading Goods,108625.00,,Being goods/services from Anand Auto Parts inv SI028/2042,PurchaseModule,ACCT-1,
PUR-00043,Purchase,2024-07-06,2024-07-06 11:56,2301,GST Input Credit,19552.50,,GST input on SI028/2042,PurchaseModule,ACCT-1,
PUR-00043,Purchase,2024-07-06,2024-07-06 11:56,2101,Sundry Creditors,,128177.50,Anand Auto Parts inv SI028/2042,PurchaseModule,ACCT-1,
PUR-00044,Purchase,2024-12-06,2024-12-06 13:48,5101,Freight & Cartage,213866.00,,Being goods/services from Imperial Paints inv SI036/2043,PurchaseModule,ACCT-1,
PUR-00044,Purchase,2024-12-06,2024-12-06 13:48,2301,GST Input Credit,38495.88,,GST input on SI036/2043,PurchaseModule,ACCT-1,
PUR-00044,Purchase,2024-12-06,2024-12-06 13:48,2101,Sundry Creditors,,252361.88,Imperial Paints inv SI036/2043,PurchaseModule,ACCT-1,
PUR-00045,Purchase,2024-06-01,2024-06-02 16:57,5301,Repairs & Maintenance,154346.00,,Being goods/services from National Weighbridge inv SI041/2044,PurchaseModule,ACCT-3,
PUR-00045,Purchase,2024-06-01,2024-06-02 16:57,2301,GST Input Credit,27782.28,,GST input on SI041/2044,PurchaseModule,ACCT-3,
PUR-00045,Purchase,2024-06-01,2024-06-02 16:57,2101,Sundry Creditors,,182128.28,National Weighbridge inv SI041/2044,PurchaseModule,ACCT-3,
PUR-00046,Purchase,2024-08-19,2024-08-20 09:19,5101,Freight & Cartage,176252.00,,Being goods/services from Hitech Instruments inv SI035/2045,PurchaseModule,ACCT-1,
PUR-00046,Purchase,2024-08-19,2024-08-20 09:19,2301,GST Input Credit,31725.36,,GST input on SI035/2045,PurchaseModule,ACCT-1,
PUR-00046,Purchase,2024-08-19,2024-08-20 09:19,2101,Sundry Creditors,,207977.36,Hitech Instruments inv SI035/2045,PurchaseModule,ACCT-1,
PUR-00047,Purchase,2024-09-08,2024-09-08 15:12,5401,Professional Fees,169614.00,,Being goods/services from Eastern Electricals inv SI005/2046,PurchaseModule,ACCT-2,
PUR-00047,Purchase,2024-09-08,2024-09-08 15:12,2301,GST Input Credit,30530.52,,GST input on SI005/2046,PurchaseModule,ACCT-2,
PUR-00047,Purchase,2024-09-08,2024-09-08 15:12,2101,Sundry Creditors,,200144.52,Eastern Electricals inv SI005/2046,PurchaseModule,ACCT-2,
PUR-00048,Purchase,2024-10-18,2024-10-18 12:03,5901,Miscellaneous Expenses,130013.00,,Being goods/services from Fortune Chemicals inv SI006/2047,PurchaseModule,ACCT-1,
PUR-00048,Purchase,2024-10-18,2024-10-18 12:03,2301,GST Input Credit,23402.34,,GST input on SI006/2047,PurchaseModule,ACCT-1,
PUR-00048,Purchase,2024-10-18,2024-10-18 12:03,2101,Sundry Creditors,,153415.34,Fortune Chemicals inv SI006/2047,PurchaseModule,ACCT-1,
PUR-00049,Purchase,2024-06-26,2024-06-27 10:34,5301,Repairs & Maintenance,170367.00,,Being goods/services from Yamuna Enterprises inv SI026/2048,PurchaseModule,ACCT-2,
PUR-00049,Purchase,2024-06-26,2024-06-27 10:34,2301,GST Input Credit,30666.06,,GST input on SI026/2048,PurchaseModule,ACCT-2,
PUR-00049,Purchase,2024-06-26,2024-06-27 10:34,2101,Sundry Creditors,,201033.06,Yamuna Enterprises inv SI026/2048,PurchaseModule,ACCT-2,
PUR-00050,Purchase,2025-01-13,2025-01-13 16:59,5401,Professional Fees,124163.00,,Being goods/services from National Weighbridge inv SI041/2049,PurchaseModule,ACCT-2,
PUR-00050,Purchase,2025-01-13,2025-01-13 16:59,2301,GST Input Credit,22349.34,,GST input on SI041/2049,PurchaseModule,ACCT-2,
PUR-00050,Purchase,2025-01-13,2025-01-13 16:59,2101,Sundry Creditors,,146512.34,National Weighbridge inv SI041/2049,PurchaseModule,ACCT-2,
PUR-00051,Purchase,2024-05-07,2024-05-07 13:04,5201,Rent Expense,190913.00,,Being goods/services from Prakash Machinery inv SI043/2050,PurchaseModule,ACCT-1,
PUR-00051,Purchase,2024-05-07,2024-05-07 13:04,2301,GST Input Credit,34364.34,,GST input on SI043/2050,PurchaseModule,ACCT-1,
PUR-00051,Purchase,2024-05-07,2024-05-07 13:04,2101,Sundry Creditors,,225277.34,Prakash Machinery inv SI043/2050,PurchaseModule,ACCT-1,
PUR-00052,Purchase,2024-08-11,2024-08-11 13:58,5401,Professional Fees,92367.00,,Being goods/services from Venus Adhesives inv SI023/2051,PurchaseModule,ACCT-1,
PUR-00052,Purchase,2024-08-11,2024-08-11 13:58,2301,GST Input Credit,16626.06,,GST input on SI023/2051,PurchaseModule,ACCT-1,
PUR-00052,Purchase,2024-08-11,2024-08-11 13:58,2101,Sundry Creditors,,108993.06,Venus Adhesives inv SI023/2051,PurchaseModule,ACCT-1,
PUR-00053,Purchase,2024-10-19,2024-10-20 10:22,5201,Rent Expense,20513.00,,Being goods/services from Silverline Pipes inv SI045/2052,PurchaseModule,ACCT-1,
PUR-00053,Purchase,2024-10-19,2024-10-20 10:22,2301,GST Input Credit,3692.34,,GST input on SI045/2052,PurchaseModule,ACCT-1,
PUR-00053,Purchase,2024-10-19,2024-10-20 10:22,2101,Sundry Creditors,,24205.34,Silverline Pipes inv SI045/2052,PurchaseModule,ACCT-1,
PUR-00054,Purchase,2024-09-18,2024-09-19 18:52,5301,Repairs & Maintenance,176316.00,,Being goods/services from Universal Bearings inv SI022/2053,PurchaseModule,ACCT-2,
PUR-00054,Purchase,2024-09-18,2024-09-19 18:52,2301,GST Input Credit,31736.88,,GST input on SI022/2053,PurchaseModule,ACCT-2,
PUR-00054,Purchase,2024-09-18,2024-09-19 18:52,2101,Sundry Creditors,,208052.88,Universal Bearings inv SI022/2053,PurchaseModule,ACCT-2,
PUR-00055,Purchase,2024-04-16,2024-04-16 16:30,5401,Professional Fees,78482.00,,Being goods/services from Yamuna Enterprises inv SI026/2054,PurchaseModule,ACCT-1,
PUR-00055,Purchase,2024-04-16,2024-04-16 16:30,2301,GST Input Credit,14126.76,,GST input on SI026/2054,PurchaseModule,ACCT-1,
PUR-00055,Purchase,2024-04-16,2024-04-16 16:30,2101,Sundry Creditors,,92608.76,Yamuna Enterprises inv SI026/2054,PurchaseModule,ACCT-1,
PUR-00056,Purchase,2025-03-31,2025-03-31 15:34,5001,Purchases - Trading Goods,38818.00,,Being goods/services from Xpress Couriers inv SI025/2055,PurchaseModule,ACCT-2,
PUR-00056,Purchase,2025-03-31,2025-03-31 15:34,2301,GST Input Credit,6987.24,,GST input on SI025/2055,PurchaseModule,ACCT-2,
PUR-00056,Purchase,2025-03-31,2025-03-31 15:34,2101,Sundry Creditors,,45805.24,Xpress Couriers inv SI025/2055,PurchaseModule,ACCT-2,
PUR-00057,Purchase,2025-01-16,2025-01-17 14:48,5901,Miscellaneous Expenses,53658.00,,Being goods/services from Orient Glass House inv SI042/2056,PurchaseModule,ACCT-3,
PUR-00057,Purchase,2025-01-16,2025-01-17 14:48,2301,GST Input Credit,9658.44,,GST input on SI042/2056,PurchaseModule,ACCT-3,
PUR-00057,Purchase,2025-01-16,2025-01-17 14:48,2101,Sundry Creditors,,63316.44,Orient Glass House inv SI042/2056,PurchaseModule,ACCT-3,
PUR-00058,Purchase,2024-10-28,2024-10-28 16:08,5901,Miscellaneous Expenses,166484.00,,Being goods/services from Orient Glass House inv SI042/2057,PurchaseModule,ACCT-1,
PUR-00058,Purchase,2024-10-28,2024-10-28 16:08,2301,GST Input Credit,29967.12,,GST input on SI042/2057,PurchaseModule,ACCT-1,
PUR-00058,Purchase,2024-10-28,2024-10-28 16:08,2101,Sundry Creditors,,196451.12,Orient Glass House inv SI042/2057,PurchaseModule,ACCT-1,
PUR-00059,Purchase,2024-10-15,2024-10-16 10:21,5001,Purchases - Trading Goods,163428.00,,Being goods/services from Trident Tools Ltd inv SI021/2058,PurchaseModule,ACCT-3,
PUR-00059,Purchase,2024-10-15,2024-10-16 10:21,2301,GST Input Credit,29417.04,,GST input on SI021/2058,PurchaseModule,ACCT-3,
PUR-00059,Purchase,2024-10-15,2024-10-16 10:21,2101,Sundry Creditors,,192845.04,Trident Tools Ltd inv SI021/2058,PurchaseModule,ACCT-3,
PUR-00060,Purchase,2024-08-09,2024-08-09 18:35,5301,Repairs & Maintenance,35489.00,,Being goods/services from Zenith Abrasives inv SI027/2059,PurchaseModule,ACCT-3,
PUR-00060,Purchase,2024-08-09,2024-08-09 18:35,2301,GST Input Credit,6388.02,,GST input on SI027/2059,PurchaseModule,ACCT-3,
PUR-00060,Purchase,2024-08-09,2024-08-09 18:35,2101,Sundry Creditors,,41877.02,Zenith Abrasives inv SI027/2059,PurchaseModule,ACCT-3,
PUR-00061,Purchase,2025-01-19,2025-01-20 17:15,5001,Purchases - Trading Goods,82902.00,,Being goods/services from Madras Hardware Mart inv SI013/2060,PurchaseModule,ACCT-1,
PUR-00061,Purchase,2025-01-19,2025-01-20 17:15,2301,GST Input Credit,14922.36,,GST input on SI013/2060,PurchaseModule,ACCT-1,
PUR-00061,Purchase,2025-01-19,2025-01-20 17:15,2101,Sundry Creditors,,97824.36,Madras Hardware Mart inv SI013/2060,PurchaseModule,ACCT-1,
PUR-00062,Purchase,2024-04-06,2024-04-06 14:49,5101,Freight & Cartage,121538.00,,Being goods/services from Kaveri Transport Co inv SI011/2061,PurchaseModule,ACCT-1,
PUR-00062,Purchase,2024-04-06,2024-04-06 14:49,2301,GST Input Credit,21876.84,,GST input on SI011/2061,PurchaseModule,ACCT-1,
PUR-00062,Purchase,2024-04-06,2024-04-06 14:49,2101,Sundry Creditors,,143414.84,Kaveri Transport Co inv SI011/2061,PurchaseModule,ACCT-1,
PUR-00063,Purchase,2024-05-27,2024-05-27 13:15,5101,Freight & Cartage,204304.00,,Being goods/services from Pioneer Plastics inv SI017/2062,PurchaseModule,ACCT-2,
PUR-00063,Purchase,2024-05-27,2024-05-27 13:15,2301,GST Input Credit,36774.72,,GST input on SI017/2062,PurchaseModule,ACCT-2,
PUR-00063,Purchase,2024-05-27,2024-05-27 13:15,2101,Sundry Creditors,,241078.72,Pioneer Plastics inv SI017/2062,PurchaseModule,ACCT-2,
PUR-00064,Purchase,2024-11-18,2024-11-18 09:41,5401,Professional Fees,53831.00,,Being goods/services from Jyoti Electrodes inv SI037/2063,PurchaseModule,ACCT-2,
PUR-00064,Purchase,2024-11-18,2024-11-18 09:41,2301,GST Input Credit,9689.58,,GST input on SI037/2063,PurchaseModule,ACCT-2,
PUR-00064,Purchase,2024-11-18,2024-11-18 09:41,2101,Sundry Creditors,,63520.58,Jyoti Electrodes inv SI037/2063,PurchaseModule,ACCT-2,
PUR-00065,Purchase,2024-11-01,2024-11-02 14:22,5401,Professional Fees,19885.00,,Being goods/services from Quality Fasteners inv SI018/2064,PurchaseModule,ACCT-1,
PUR-00065,Purchase,2024-11-01,2024-11-02 14:22,2301,GST Input Credit,3579.30,,GST input on SI018/2064,PurchaseModule,ACCT-1,
PUR-00065,Purchase,2024-11-01,2024-11-02 14:22,2101,Sundry Creditors,,23464.30,Quality Fasteners inv SI018/2064,PurchaseModule,ACCT-1,
PUR-00066,Purchase,2024-12-21,2024-12-22 11:49,5401,Professional Fees,180415.00,,Being goods/services from Agarwal Steel Suppliers inv SI001/2065,PurchaseModule,ACCT-1,
PUR-00066,Purchase,2024-12-21,2024-12-22 11:49,2301,GST Input Credit,32474.70,,GST input on SI001/2065,PurchaseModule,ACCT-1,
PUR-00066,Purchase,2024-12-21,2024-12-22 11:49,2101,Sundry Creditors,,212889.70,Agarwal Steel Suppliers inv SI001/2065,PurchaseModule,ACCT-1,
PUR-00067,Purchase,2024-12-07,2024-12-08 15:36,5901,Miscellaneous Expenses,208406.00,,Being goods/services from Anand Auto Parts inv SI028/2066,PurchaseModule,ACCT-1,
PUR-00067,Purchase,2024-12-07,2024-12-08 15:36,2301,GST Input Credit,37513.08,,GST input on SI028/2066,PurchaseModule,ACCT-1,
PUR-00067,Purchase,2024-12-07,2024-12-08 15:36,2101,Sundry Creditors,,245919.08,Anand Auto Parts inv SI028/2066,PurchaseModule,ACCT-1,
PUR-00068,Purchase,2025-03-08,2025-03-08 18:53,5201,Rent Expense,109513.00,,Being goods/services from Crescent Ceramics inv SI030/2067,PurchaseModule,ACCT-1,
PUR-00068,Purchase,2025-03-08,2025-03-08 18:53,2301,GST Input Credit,19712.34,,GST input on SI030/2067,PurchaseModule,ACCT-1,
PUR-00068,Purchase,2025-03-08,2025-03-08 18:53,2101,Sundry Creditors,,129225.34,Crescent Ceramics inv SI030/2067,PurchaseModule,ACCT-1,
PUR-00069,Purchase,2024-05-29,2024-05-29 13:51,5901,Miscellaneous Expenses,156117.00,,Being goods/services from Sunrise Solvents inv SI020/2068,PurchaseModule,ACCT-2,
PUR-00069,Purchase,2024-05-29,2024-05-29 13:51,2301,GST Input Credit,28101.06,,GST input on SI020/2068,PurchaseModule,ACCT-2,
PUR-00069,Purchase,2024-05-29,2024-05-29 13:51,2101,Sundry Creditors,,184218.06,Sunrise Solvents inv SI020/2068,PurchaseModule,ACCT-2,
PUR-00070,Purchase,2024-07-25,2024-07-25 16:06,5901,Miscellaneous Expenses,146008.00,,Being goods/services from Divya Safety Equipments inv SI031/2069,PurchaseModule,ACCT-3,
PUR-00070,Purchase,2024-07-25,2024-07-25 16:06,2301,GST Input Credit,26281.44,,GST input on SI031/2069,PurchaseModule,ACCT-3,
PUR-00070,Purchase,2024-07-25,2024-07-25 16:06,2101,Sundry Creditors,,172289.44,Divya Safety Equipments inv SI031/2069,PurchaseModule,ACCT-3,
PUR-00071,Purchase,2024-08-09,2024-08-10 18:01,5101,Freight & Cartage,116555.00,,Being goods/services from Universal Bearings inv SI022/2070,PurchaseModule,ACCT-2,
PUR-00071,Purchase,2024-08-09,2024-08-10 18:01,2301,GST Input Credit,20979.90,,GST input on SI022/2070,PurchaseModule,ACCT-2,
PUR-00071,Purchase,2024-08-09,2024-08-10 18:01,2101,Sundry Creditors,,137534.90,Universal Bearings inv SI022/2070,PurchaseModule,ACCT-2,
PUR-00072,Purchase,2025-02-12,2025-02-12 16:08,5001,Purchases - Trading Goods,38429.00,,Being goods/services from Ganga Traders inv SI007/2071,PurchaseModule,ACCT-2,
PUR-00072,Purchase,2025-02-12,2025-02-12 16:08,2301,GST Input Credit,6917.22,,GST input on SI007/2071,PurchaseModule,ACCT-2,
PUR-00072,Purchase,2025-02-12,2025-02-12 16:08,2101,Sundry Creditors,,45346.22,Ganga Traders inv SI007/2071,PurchaseModule,ACCT-2,
PUR-00073,Purchase,2024-07-27,2024-07-27 16:46,5401,Professional Fees,134043.00,,Being goods/services from Chennai Polymers Pvt Ltd inv SI003/2072,PurchaseModule,ACCT-2,
PUR-00073,Purchase,2024-07-27,2024-07-27 16:46,2301,GST Input Credit,24127.74,,GST input on SI003/2072,PurchaseModule,ACCT-2,
PUR-00073,Purchase,2024-07-27,2024-07-27 16:46,2101,Sundry Creditors,,158170.74,Chennai Polymers Pvt Ltd inv SI003/2072,PurchaseModule,ACCT-2,
PUR-00074,Purchase,2024-10-18,2024-10-19 16:41,5901,Miscellaneous Expenses,37343.00,,Being goods/services from Madras Hardware Mart inv SI013/2073,PurchaseModule,ACCT-3,
PUR-00074,Purchase,2024-10-18,2024-10-19 16:41,2301,GST Input Credit,6721.74,,GST input on SI013/2073,PurchaseModule,ACCT-3,
PUR-00074,Purchase,2024-10-18,2024-10-19 16:41,2101,Sundry Creditors,,44064.74,Madras Hardware Mart inv SI013/2073,PurchaseModule,ACCT-3,
PUR-00075,Purchase,2025-01-26,2025-01-27 14:57,5901,Miscellaneous Expenses,58464.00,,Being goods/services from Quality Fasteners inv SI018/2074,PurchaseModule,ACCT-1,
PUR-00075,Purchase,2025-01-26,2025-01-27 14:57,2301,GST Input Credit,10523.52,,GST input on SI018/2074,PurchaseModule,ACCT-1,
PUR-00075,Purchase,2025-01-26,2025-01-27 14:57,2101,Sundry Creditors,,68987.52,Quality Fasteners inv SI018/2074,PurchaseModule,ACCT-1,
PUR-00076,Purchase,2024-07-22,2024-07-22 14:52,5401,Professional Fees,9048.00,,Being goods/services from Prakash Machinery inv SI043/2075,PurchaseModule,ACCT-1,
PUR-00076,Purchase,2024-07-22,2024-07-22 14:52,2301,GST Input Credit,1628.64,,GST input on SI043/2075,PurchaseModule,ACCT-1,
PUR-00076,Purchase,2024-07-22,2024-07-22 14:52,2101,Sundry Creditors,,10676.64,Prakash Machinery inv SI043/2075,PurchaseModule,ACCT-1,
PUR-00077,Purchase,2024-06-19,2024-06-19 15:54,5201,Rent Expense,59404.00,,Being goods/services from Xpress Couriers inv SI025/2076,PurchaseModule,ACCT-3,
PUR-00077,Purchase,2024-06-19,2024-06-19 15:54,2301,GST Input Credit,10692.72,,GST input on SI025/2076,PurchaseModule,ACCT-3,
PUR-00077,Purchase,2024-06-19,2024-06-19 15:54,2101,Sundry Creditors,,70096.72,Xpress Couriers inv SI025/2076,PurchaseModule,ACCT-3,
PUR-00078,Purchase,2025-03-24,2025-03-24 15:16,5001,Purchases - Trading Goods,197941.00,,Being goods/services from Liberty Rubber Works inv SI039/2077,PurchaseModule,ACCT-2,
PUR-00078,Purchase,2025-03-24,2025-03-24 15:16,2301,GST Input Credit,35629.38,,GST input on SI039/2077,PurchaseModule,ACCT-2,
PUR-00078,Purchase,2025-03-24,2025-03-24 15:16,2101,Sundry Creditors,,233570.38,Liberty Rubber Works inv SI039/2077,PurchaseModule,ACCT-2,
PUR-00079,Purchase,2024-12-22,2024-12-23 14:25,5901,Miscellaneous Expenses,72739.00,,Being goods/services from National Weighbridge inv SI041/2078,PurchaseModule,ACCT-2,
PUR-00079,Purchase,2024-12-22,2024-12-23 14:25,2301,GST Input Credit,13093.02,,GST input on SI041/2078,PurchaseModule,ACCT-2,
PUR-00079,Purchase,2024-12-22,2024-12-23 14:25,2101,Sundry Creditors,,85832.02,National Weighbridge inv SI041/2078,PurchaseModule,ACCT-2,
PUR-00080,Purchase,2024-08-01,2024-08-01 13:32,5201,Rent Expense,131839.00,,Being goods/services from Indus Metal Works inv SI009/2079,PurchaseModule,ACCT-3,
PUR-00080,Purchase,2024-08-01,2024-08-01 13:32,2301,GST Input Credit,23731.02,,GST input on SI009/2079,PurchaseModule,ACCT-3,
PUR-00080,Purchase,2024-08-01,2024-08-01 13:32,2101,Sundry Creditors,,155570.02,Indus Metal Works inv SI009/2079,PurchaseModule,ACCT-3,
PUR-00081,Purchase,2024-06-15,2024-06-15 12:21,5201,Rent Expense,49640.00,,Being goods/services from Imperial Paints inv SI036/2080,PurchaseModule,ACCT-3,
PUR-00081,Purchase,2024-06-15,2024-06-15 12:21,2301,GST Input Credit,8935.20,,GST input on SI036/2080,PurchaseModule,ACCT-3,
PUR-00081,Purchase,2024-06-15,2024-06-15 12:21,2101,Sundry Creditors,,58575.20,Imperial Paints inv SI036/2080,PurchaseModule,ACCT-3,
PUR-00082,Purchase,2024-06-24,2024-06-24 11:20,5301,Repairs & Maintenance,134415.00,,Being goods/services from Divya Safety Equipments inv SI031/2081,PurchaseModule,ACCT-2,
PUR-00082,Purchase,2024-06-24,2024-06-24 11:20,2301,GST Input Credit,24194.70,,GST input on SI031/2081,PurchaseModule,ACCT-2,
PUR-00082,Purchase,2024-06-24,2024-06-24 11:20,2101,Sundry Creditors,,158609.70,Divya Safety Equipments inv SI031/2081,PurchaseModule,ACCT-2,
PUR-00083,Purchase,2024-07-25,2024-07-26 12:13,5101,Freight & Cartage,87046.00,,Being goods/services from Fortune Chemicals inv SI006/2082,PurchaseModule,ACCT-2,
PUR-00083,Purchase,2024-07-25,2024-07-26 12:13,2301,GST Input Credit,15668.28,,GST input on SI006/2082,PurchaseModule,ACCT-2,
PUR-00083,Purchase,2024-07-25,2024-07-26 12:13,2101,Sundry Creditors,,102714.28,Fortune Chemicals inv SI006/2082,PurchaseModule,ACCT-2,
PUR-00084,Purchase,2024-10-02,2024-10-03 14:10,5201,Rent Expense,60919.00,,Being goods/services from Pioneer Plastics inv SI017/2083,PurchaseModule,ACCT-2,
PUR-00084,Purchase,2024-10-02,2024-10-03 14:10,2301,GST Input Credit,10965.42,,GST input on SI017/2083,PurchaseModule,ACCT-2,
PUR-00084,Purchase,2024-10-02,2024-10-03 14:10,2101,Sundry Creditors,,71884.42,Pioneer Plastics inv SI017/2083,PurchaseModule,ACCT-2,
PUR-00085,Purchase,2024-04-26,2024-04-26 11:28,5401,Professional Fees,237502.00,,Being goods/services from Chennai Polymers Pvt Ltd inv SI003/2084,PurchaseModule,ACCT-3,
PUR-00085,Purchase,2024-04-26,2024-04-26 11:28,2301,GST Input Credit,42750.36,,GST input on SI003/2084,PurchaseModule,ACCT-3,
PUR-00085,Purchase,2024-04-26,2024-04-26 11:28,2101,Sundry Creditors,,280252.36,Chennai Polymers Pvt Ltd inv SI003/2084,PurchaseModule,ACCT-3,
PUR-00086,Purchase,2024-11-02,2024-11-02 12:12,5901,Miscellaneous Expenses,126626.00,,Being goods/services from Venus Adhesives inv SI023/2085,PurchaseModule,ACCT-1,
PUR-00086,Purchase,2024-11-02,2024-11-02 12:12,2301,GST Input Credit,22792.68,,GST input on SI023/2085,PurchaseModule,ACCT-1,
PUR-00086,Purchase,2024-11-02,2024-11-02 12:12,2101,Sundry Creditors,,149418.68,Venus Adhesives inv SI023/2085,PurchaseModule,ACCT-1,
PUR-00087,Purchase,2025-03-13,2025-03-13 10:20,5901,Miscellaneous Expenses,225998.00,,Being goods/services from Mount Cables inv SI040/2086,PurchaseModule,ACCT-2,
PUR-00087,Purchase,2025-03-13,2025-03-13 10:20,2301,GST Input Credit,40679.64,,GST input on SI040/2086,PurchaseModule,ACCT-2,
PUR-00087,Purchase,2025-03-13,2025-03-13 10:20,2101,Sundry Creditors,,266677.64,Mount Cables inv SI040/2086,PurchaseModule,ACCT-2,
PUR-00088,Purchase,2024-12-29,2024-12-30 15:42,5901,Miscellaneous Expenses,24795.00,,Being goods/services from Himalaya Papers inv SI008/2087,PurchaseModule,ACCT-3,
PUR-00088,Purchase,2024-12-29,2024-12-30 15:42,2301,GST Input Credit,4463.10,,GST input on SI008/2087,PurchaseModule,ACCT-3,
PUR-00088,Purchase,2024-12-29,2024-12-30 15:42,2101,Sundry Creditors,,29258.10,Himalaya Papers inv SI008/2087,PurchaseModule,ACCT-3,
PUR-00089,Purchase,2024-09-11,2024-09-12 17:33,5901,Miscellaneous Expenses,83297.00,,Being goods/services from Liberty Rubber Works inv SI039/2088,PurchaseModule,ACCT-1,
PUR-00089,Purchase,2024-09-11,2024-09-12 17:33,2301,GST Input Credit,14993.46,,GST input on SI039/2088,PurchaseModule,ACCT-1,
PUR-00089,Purchase,2024-09-11,2024-09-12 17:33,2101,Sundry Creditors,,98290.46,Liberty Rubber Works inv SI039/2088,PurchaseModule,ACCT-1,
PUR-00090,Purchase,2025-01-27,2025-01-28 16:20,5401,Professional Fees,6919.00,,Being goods/services from Jyoti Electrodes inv SI037/2089,PurchaseModule,ACCT-1,
PUR-00090,Purchase,2025-01-27,2025-01-28 16:20,2301,GST Input Credit,1245.42,,GST input on SI037/2089,PurchaseModule,ACCT-1,
PUR-00090,Purchase,2025-01-27,2025-01-28 16:20,2101,Sundry Creditors,,8164.42,Jyoti Electrodes inv SI037/2089,PurchaseModule,ACCT-1,
PUR-00091,Purchase,2024-10-10,2024-10-10 13:48,5101,Freight & Cartage,143948.00,,Being goods/services from Universal Bearings inv SI022/2090,PurchaseModule,ACCT-3,
PUR-00091,Purchase,2024-10-10,2024-10-10 13:48,2301,GST Input Credit,25910.64,,GST input on SI022/2090,PurchaseModule,ACCT-3,
PUR-00091,Purchase,2024-10-10,2024-10-10 13:48,2101,Sundry Creditors,,169858.64,Universal Bearings inv SI022/2090,PurchaseModule,ACCT-3,
PUR-00092,Purchase,2024-07-04,2024-07-04 13:03,5301,Repairs & Maintenance,137375.00,,Being goods/services from Eastern Electricals inv SI005/2091,PurchaseModule,ACCT-3,
PUR-00092,Purchase,2024-07-04,2024-07-04 13:03,2301,GST Input Credit,24727.50,,GST input on SI005/2091,PurchaseModule,ACCT-3,
PUR-00092,Purchase,2024-07-04,2024-07-04 13:03,2101,Sundry Creditors,,162102.50,Eastern Electricals inv SI005/2091,PurchaseModule,ACCT-3,
PUR-00093,Purchase,2024-09-11,2024-09-12 16:10,5101,Freight & Cartage,40654.00,,Being goods/services from Crescent Ceramics inv SI030/2092,PurchaseModule,ACCT-2,
PUR-00093,Purchase,2024-09-11,2024-09-12 16:10,2301,GST Input Credit,7317.72,,GST input on SI030/2092,PurchaseModule,ACCT-2,
PUR-00093,Purchase,2024-09-11,2024-09-12 16:10,2101,Sundry Creditors,,47971.72,Crescent Ceramics inv SI030/2092,PurchaseModule,ACCT-2,
PUR-00094,Purchase,2024-10-29,2024-10-30 14:17,5901,Miscellaneous Expenses,175635.00,,Being goods/services from Xpress Couriers inv SI025/2093,PurchaseModule,ACCT-2,
PUR-00094,Purchase,2024-10-29,2024-10-30 14:17,2301,GST Input Credit,31614.30,,GST input on SI025/2093,PurchaseModule,ACCT-2,
PUR-00094,Purchase,2024-10-29,2024-10-30 14:17,2101,Sundry Creditors,,207249.30,Xpress Couriers inv SI025/2093,PurchaseModule,ACCT-2,
PUR-00095,Purchase,2025-01-09,2025-01-10 13:34,5101,Freight & Cartage,154326.00,,Being goods/services from Divya Safety Equipments inv SI031/2094,PurchaseModule,ACCT-2,
PUR-00095,Purchase,2025-01-09,2025-01-10 13:34,2301,GST Input Credit,27778.68,,GST input on SI031/2094,PurchaseModule,ACCT-2,
PUR-00095,Purchase,2025-01-09,2025-01-10 13:34,2101,Sundry Creditors,,182104.68,Divya Safety Equipments inv SI031/2094,PurchaseModule,ACCT-2,
PUR-00096,Purchase,2024-06-02,2024-06-03 11:53,5201,Rent Expense,118412.00,,Being goods/services from Agarwal Steel Suppliers inv SI001/2095,PurchaseModule,ACCT-1,
PUR-00096,Purchase,2024-06-02,2024-06-03 11:53,2301,GST Input Credit,21314.16,,GST input on SI001/2095,PurchaseModule,ACCT-1,
PUR-00096,Purchase,2024-06-02,2024-06-03 11:53,2101,Sundry Creditors,,139726.16,Agarwal Steel Suppliers inv SI001/2095,PurchaseModule,ACCT-1,
PUR-00097,Purchase,2024-04-14,2024-04-14 13:45,5401,Professional Fees,56703.00,,Being goods/services from Mount Cables inv SI040/2096,PurchaseModule,ACCT-1,
PUR-00097,Purchase,2024-04-14,2024-04-14 13:45,2301,GST Input Credit,10206.54,,GST input on SI040/2096,PurchaseModule,ACCT-1,
PUR-00097,Purchase,2024-04-14,2024-04-14 13:45,2101,Sundry Creditors,,66909.54,Mount Cables inv SI040/2096,PurchaseModule,ACCT-1,
PUR-00098,Purchase,2024-06-30,2024-06-30 18:51,5901,Miscellaneous Expenses,235725.00,,Being goods/services from National Weighbridge inv SI041/2097,PurchaseModule,ACCT-3,
PUR-00098,Purchase,2024-06-30,2024-06-30 18:51,2301,GST Input Credit,42430.50,,GST input on SI041/2097,PurchaseModule,ACCT-3,
PUR-00098,Purchase,2024-06-30,2024-06-30 18:51,2101,Sundry Creditors,,278155.50,National Weighbridge inv SI041/2097,PurchaseModule,ACCT-3,
PUR-00099,Purchase,2024-11-10,2024-11-10 13:47,5301,Repairs & Maintenance,82601.00,,Being goods/services from Noble Printing Press inv SI015/2098,PurchaseModule,ACCT-2,
PUR-00099,Purchase,2024-11-10,2024-11-10 13:47,2301,GST Input Credit,14868.18,,GST input on SI015/2098,PurchaseModule,ACCT-2,
PUR-00099,Purchase,2024-11-10,2024-11-10 13:47,2101,Sundry Creditors,,97469.18,Noble Printing Press inv SI015/2098,PurchaseModule,ACCT-2,
PUR-00100,Purchase,2024-08-06,2024-08-06 16:59,5901,Miscellaneous Expenses,127818.00,,Being goods/services from Shree Ram Traders inv SI014/2099,PurchaseModule,ACCT-1,
PUR-00100,Purchase,2024-08-06,2024-08-06 16:59,2301,GST Input Credit,23007.24,,GST input on SI014/2099,PurchaseModule,ACCT-1,
PUR-00100,Purchase,2024-08-06,2024-08-06 16:59,2101,Sundry Creditors,,150825.24,Shree Ram Traders inv SI014/2099,PurchaseModule,ACCT-1,
PUR-00101,Purchase,2024-07-23,2024-07-23 09:03,5101,Freight & Cartage,38529.00,,Being goods/services from Krishna Cement Agency inv SI038/2100,PurchaseModule,ACCT-3,
PUR-00101,Purchase,2024-07-23,2024-07-23 09:03,2301,GST Input Credit,6935.22,,GST input on SI038/2100,PurchaseModule,ACCT-3,
PUR-00101,Purchase,2024-07-23,2024-07-23 09:03,2101,Sundry Creditors,,45464.22,Krishna Cement Agency inv SI038/2100,PurchaseModule,ACCT-3,
PUR-00102,Purchase,2024-08-14,2024-08-14 11:03,5101,Freight & Cartage,2759.00,,Being goods/services from Green Valley Agro inv SI034/2101,PurchaseModule,ACCT-3,
PUR-00102,Purchase,2024-08-14,2024-08-14 11:03,2301,GST Input Credit,496.62,,GST input on SI034/2101,PurchaseModule,ACCT-3,
PUR-00102,Purchase,2024-08-14,2024-08-14 11:03,2101,Sundry Creditors,,3255.62,Green Valley Agro inv SI034/2101,PurchaseModule,ACCT-3,
PUR-00103,Purchase,2025-02-24,2025-02-25 10:53,5401,Professional Fees,59883.00,,Being goods/services from Yamuna Enterprises inv SI026/2102,PurchaseModule,ACCT-3,
PUR-00103,Purchase,2025-02-24,2025-02-25 10:53,2301,GST Input Credit,10778.94,,GST input on SI026/2102,PurchaseModule,ACCT-3,
PUR-00103,Purchase,2025-02-24,2025-02-25 10:53,2101,Sundry Creditors,,70661.94,Yamuna Enterprises inv SI026/2102,PurchaseModule,ACCT-3,
PUR-00104,Purchase,2024-07-26,2024-07-26 11:43,5101,Freight & Cartage,156103.00,,Being goods/services from Indus Metal Works inv SI009/2103,PurchaseModule,ACCT-1,
PUR-00104,Purchase,2024-07-26,2024-07-26 11:43,2301,GST Input Credit,28098.54,,GST input on SI009/2103,PurchaseModule,ACCT-1,
PUR-00104,Purchase,2024-07-26,2024-07-26 11:43,2101,Sundry Creditors,,184201.54,Indus Metal Works inv SI009/2103,PurchaseModule,ACCT-1,
PUR-00105,Purchase,2025-02-21,2025-02-22 09:20,5401,Professional Fees,107859.00,,Being goods/services from Himalaya Papers inv SI008/2104,PurchaseModule,ACCT-3,
PUR-00105,Purchase,2025-02-21,2025-02-22 09:20,2301,GST Input Credit,19414.62,,GST input on SI008/2104,PurchaseModule,ACCT-3,
PUR-00105,Purchase,2025-02-21,2025-02-22 09:20,2101,Sundry Creditors,,127273.62,Himalaya Papers inv SI008/2104,PurchaseModule,ACCT-3,
PUR-00106,Purchase,2024-08-11,2024-08-11 17:39,5001,Purchases - Trading Goods,30557.00,,Being goods/services from Divya Safety Equipments inv SI031/2105,PurchaseModule,ACCT-3,
PUR-00106,Purchase,2024-08-11,2024-08-11 17:39,2301,GST Input Credit,5500.26,,GST input on SI031/2105,PurchaseModule,ACCT-3,
PUR-00106,Purchase,2024-08-11,2024-08-11 17:39,2101,Sundry Creditors,,36057.26,Divya Safety Equipments inv SI031/2105,PurchaseModule,ACCT-3,
PUR-00107,Purchase,2025-02-27,2025-02-28 11:58,5301,Repairs & Maintenance,118011.00,,Being goods/services from Omkar Engineering inv SI016/2106,PurchaseModule,ACCT-2,
PUR-00107,Purchase,2025-02-27,2025-02-28 11:58,2301,GST Input Credit,21241.98,,GST input on SI016/2106,PurchaseModule,ACCT-2,
PUR-00107,Purchase,2025-02-27,2025-02-28 11:58,2101,Sundry Creditors,,139252.98,Omkar Engineering inv SI016/2106,PurchaseModule,ACCT-2,
PUR-00108,Purchase,2024-07-18,2024-07-18 10:46,5201,Rent Expense,81248.00,,Being goods/services from Shree Ram Traders inv SI014/2107,PurchaseModule,ACCT-3,
PUR-00108,Purchase,2024-07-18,2024-07-18 10:46,2301,GST Input Credit,14624.64,,GST input on SI014/2107,PurchaseModule,ACCT-3,
PUR-00108,Purchase,2024-07-18,2024-07-18 10:46,2101,Sundry Creditors,,95872.64,Shree Ram Traders inv SI014/2107,PurchaseModule,ACCT-3,
PUR-00109,Purchase,2024-11-24,2024-11-24 13:13,5201,Rent Expense,224759.00,,Being goods/services from Silverline Pipes inv SI045/2108,PurchaseModule,ACCT-2,
PUR-00109,Purchase,2024-11-24,2024-11-24 13:13,2301,GST Input Credit,40456.62,,GST input on SI045/2108,PurchaseModule,ACCT-2,
PUR-00109,Purchase,2024-11-24,2024-11-24 13:13,2101,Sundry Creditors,,265215.62,Silverline Pipes inv SI045/2108,PurchaseModule,ACCT-2,
PUR-00110,Purchase,2024-11-18,2024-11-19 15:39,5401,Professional Fees,94669.00,,Being goods/services from Quality Fasteners inv SI018/2109,PurchaseModule,ACCT-1,
PUR-00110,Purchase,2024-11-18,2024-11-19 15:39,2301,GST Input Credit,17040.42,,GST input on SI018/2109,PurchaseModule,ACCT-1,
PUR-00110,Purchase,2024-11-18,2024-11-19 15:39,2101,Sundry Creditors,,111709.42,Quality Fasteners inv SI018/2109,PurchaseModule,ACCT-1,
PUR-00111,Purchase,2024-05-01,2024-05-01 16:11,5901,Miscellaneous Expenses,85701.00,,Being goods/services from Venus Adhesives inv SI023/2110,PurchaseModule,ACCT-3,
PUR-00111,Purchase,2024-05-01,2024-05-01 16:11,2301,GST Input Credit,15426.18,,GST input on SI023/2110,PurchaseModule,ACCT-3,
PUR-00111,Purchase,2024-05-01,2024-05-01 16:11,2101,Sundry Creditors,,101127.18,Venus Adhesives inv SI023/2110,PurchaseModule,ACCT-3,
PUR-00112,Purchase,2024-07-09,2024-07-09 15:33,5301,Repairs & Maintenance,97436.00,,Being goods/services from Crescent Ceramics inv SI030/2111,PurchaseModule,ACCT-1,
PUR-00112,Purchase,2024-07-09,2024-07-09 15:33,2301,GST Input Credit,17538.48,,GST input on SI030/2111,PurchaseModule,ACCT-1,
PUR-00112,Purchase,2024-07-09,2024-07-09 15:33,2101,Sundry Creditors,,114974.48,Crescent Ceramics inv SI030/2111,PurchaseModule,ACCT-1,
PUR-00113,Purchase,2024-12-16,2024-12-16 18:14,5001,Purchases - Trading Goods,139703.00,,Being goods/services from Zenith Abrasives inv SI027/2112,PurchaseModule,ACCT-3,
PUR-00113,Purchase,2024-12-16,2024-12-16 18:14,2301,GST Input Credit,25146.54,,GST input on SI027/2112,PurchaseModule,ACCT-3,
PUR-00113,Purchase,2024-12-16,2024-12-16 18:14,2101,Sundry Creditors,,164849.54,Zenith Abrasives inv SI027/2112,PurchaseModule,ACCT-3,
PUR-00114,Purchase,2024-05-21,2024-05-21 11:06,5301,Repairs & Maintenance,48009.00,,Being goods/services from Green Valley Agro inv SI034/2113,PurchaseModule,ACCT-2,
PUR-00114,Purchase,2024-05-21,2024-05-21 11:06,2301,GST Input Credit,8641.62,,GST input on SI034/2113,PurchaseModule,ACCT-2,
PUR-00114,Purchase,2024-05-21,2024-05-21 11:06,2101,Sundry Creditors,,56650.62,Green Valley Agro inv SI034/2113,PurchaseModule,ACCT-2,
PUR-00115,Purchase,2024-12-15,2024-12-16 11:32,5101,Freight & Cartage,28441.00,,Being goods/services from Sunrise Solvents inv SI020/2114,PurchaseModule,ACCT-1,
PUR-00115,Purchase,2024-12-15,2024-12-16 11:32,2301,GST Input Credit,5119.38,,GST input on SI020/2114,PurchaseModule,ACCT-1,
PUR-00115,Purchase,2024-12-15,2024-12-16 11:32,2101,Sundry Creditors,,33560.38,Sunrise Solvents inv SI020/2114,PurchaseModule,ACCT-1,
PUR-00116,Purchase,2024-12-25,2024-12-25 09:24,5901,Miscellaneous Expenses,10744.00,,Being goods/services from Krishna Cement Agency inv SI038/2115,PurchaseModule,ACCT-2,
PUR-00116,Purchase,2024-12-25,2024-12-25 09:24,2301,GST Input Credit,1933.92,,GST input on SI038/2115,PurchaseModule,ACCT-2,
PUR-00116,Purchase,2024-12-25,2024-12-25 09:24,2101,Sundry Creditors,,12677.92,Krishna Cement Agency inv SI038/2115,PurchaseModule,ACCT-2,
PUR-00117,Purchase,2025-03-08,2025-03-08 09:59,5301,Repairs & Maintenance,198302.00,,Being goods/services from Kaveri Transport Co inv SI011/2116,PurchaseModule,ACCT-1,
PUR-00117,Purchase,2025-03-08,2025-03-08 09:59,2301,GST Input Credit,35694.36,,GST input on SI011/2116,PurchaseModule,ACCT-1,
PUR-00117,Purchase,2025-03-08,2025-03-08 09:59,2101,Sundry Creditors,,233996.36,Kaveri Transport Co inv SI011/2116,PurchaseModule,ACCT-1,
PUR-00118,Purchase,2024-06-08,2024-06-09 17:14,5901,Miscellaneous Expenses,187645.00,,Being goods/services from Madras Hardware Mart inv SI013/2117,PurchaseModule,ACCT-3,
PUR-00118,Purchase,2024-06-08,2024-06-09 17:14,2301,GST Input Credit,33776.10,,GST input on SI013/2117,PurchaseModule,ACCT-3,
PUR-00118,Purchase,2024-06-08,2024-06-09 17:14,2101,Sundry Creditors,,221421.10,Madras Hardware Mart inv SI013/2117,PurchaseModule,ACCT-3,
PUR-00119,Purchase,2024-06-02,2024-06-02 12:12,5001,Purchases - Trading Goods,88769.00,,Being goods/services from Green Valley Agro inv SI034/2118,PurchaseModule,ACCT-2,
PUR-00119,Purchase,2024-06-02,2024-06-02 12:12,2301,GST Input Credit,15978.42,,GST input on SI034/2118,PurchaseModule,ACCT-2,
PUR-00119,Purchase,2024-06-02,2024-06-02 12:12,2101,Sundry Creditors,,104747.42,Green Valley Agro inv SI034/2118,PurchaseModule,ACCT-2,
PUR-00120,Purchase,2024-12-24,2024-12-24 10:49,5401,Professional Fees,140901.00,,Being goods/services from Crescent Ceramics inv SI030/2119,PurchaseModule,ACCT-3,
PUR-00120,Purchase,2024-12-24,2024-12-24 10:49,2301,GST Input Credit,25362.18,,GST input on SI030/2119,PurchaseModule,ACCT-3,
PUR-00120,Purchase,2024-12-24,2024-12-24 10:49,2101,Sundry Creditors,,166263.18,Crescent Ceramics inv SI030/2119,PurchaseModule,ACCT-3,
PUR-00121,Purchase,2024-04-20,2024-04-21 11:55,5401,Professional Fees,120924.00,,Being goods/services from Crescent Ceramics inv SI030/2120,PurchaseModule,ACCT-2,
PUR-00121,Purchase,2024-04-20,2024-04-21 11:55,2301,GST Input Credit,21766.32,,GST input on SI030/2120,PurchaseModule,ACCT-2,
PUR-00121,Purchase,2024-04-20,2024-04-21 11:55,2101,Sundry Creditors,,142690.32,Crescent Ceramics inv SI030/2120,PurchaseModule,ACCT-2,
PUR-00122,Purchase,2024-08-03,2024-08-03 18:23,5201,Rent Expense,67725.00,,Being goods/services from Pioneer Plastics inv SI017/2121,PurchaseModule,ACCT-2,
PUR-00122,Purchase,2024-08-03,2024-08-03 18:23,2301,GST Input Credit,12190.50,,GST input on SI017/2121,PurchaseModule,ACCT-2,
PUR-00122,Purchase,2024-08-03,2024-08-03 18:23,2101,Sundry Creditors,,79915.50,Pioneer Plastics inv SI017/2121,PurchaseModule,ACCT-2,
PUR-00123,Purchase,2024-09-01,2024-09-01 11:59,5301,Repairs & Maintenance,25937.00,,Being goods/services from Green Valley Agro inv SI034/2122,PurchaseModule,ACCT-2,
PUR-00123,Purchase,2024-09-01,2024-09-01 11:59,2301,GST Input Credit,4668.66,,GST input on SI034/2122,PurchaseModule,ACCT-2,
PUR-00123,Purchase,2024-09-01,2024-09-01 11:59,2101,Sundry Creditors,,30605.66,Green Valley Agro inv SI034/2122,PurchaseModule,ACCT-2,
PUR-00124,Purchase,2024-05-16,2024-05-16 12:39,5001,Purchases - Trading Goods,175395.00,,Being goods/services from National Weighbridge inv SI041/2123,PurchaseModule,ACCT-1,
PUR-00124,Purchase,2024-05-16,2024-05-16 12:39,2301,GST Input Credit,31571.10,,GST input on SI041/2123,PurchaseModule,ACCT-1,
PUR-00124,Purchase,2024-05-16,2024-05-16 12:39,2101,Sundry Creditors,,206966.10,National Weighbridge inv SI041/2123,PurchaseModule,ACCT-1,
PUR-00125,Purchase,2024-06-01,2024-06-02 17:06,5901,Miscellaneous Expenses,42916.00,,Being goods/services from Madras Hardware Mart inv SI013/2124,PurchaseModule,ACCT-1,
PUR-00125,Purchase,2024-06-01,2024-06-02 17:06,2301,GST Input Credit,7724.88,,GST input on SI013/2124,PurchaseModule,ACCT-1,
PUR-00125,Purchase,2024-06-01,2024-06-02 17:06,2101,Sundry Creditors,,50640.88,Madras Hardware Mart inv SI013/2124,PurchaseModule,ACCT-1,
PUR-00126,Purchase,2024-12-25,2024-12-26 10:00,5301,Repairs & Maintenance,156829.00,,Being goods/services from Ganga Traders inv SI007/2125,PurchaseModule,ACCT-3,
PUR-00126,Purchase,2024-12-25,2024-12-26 10:00,2301,GST Input Credit,28229.22,,GST input on SI007/2125,PurchaseModule,ACCT-3,
PUR-00126,Purchase,2024-12-25,2024-12-26 10:00,2101,Sundry Creditors,,185058.22,Ganga Traders inv SI007/2125,PurchaseModule,ACCT-3,
PUR-00127,Purchase,2024-11-08,2024-11-08 15:41,5101,Freight & Cartage,178296.00,,Being goods/services from Universal Bearings inv SI022/2126,PurchaseModule,ACCT-2,
PUR-00127,Purchase,2024-11-08,2024-11-08 15:41,2301,GST Input Credit,32093.28,,GST input on SI022/2126,PurchaseModule,ACCT-2,
PUR-00127,Purchase,2024-11-08,2024-11-08 15:41,2101,Sundry Creditors,,210389.28,Universal Bearings inv SI022/2126,PurchaseModule,ACCT-2,
PUR-00128,Purchase,2025-01-20,2025-01-21 10:23,5301,Repairs & Maintenance,131157.00,,Being goods/services from Venus Adhesives inv SI023/2127,PurchaseModule,ACCT-3,
PUR-00128,Purchase,2025-01-20,2025-01-21 10:23,2301,GST Input Credit,23608.26,,GST input on SI023/2127,PurchaseModule,ACCT-3,
PUR-00128,Purchase,2025-01-20,2025-01-21 10:23,2101,Sundry Creditors,,154765.26,Venus Adhesives inv SI023/2127,PurchaseModule,ACCT-3,
PUR-00129,Purchase,2024-10-14,2024-10-14 15:33,5401,Professional Fees,74559.00,,Being goods/services from Venus Adhesives inv SI023/2128,PurchaseModule,ACCT-3,
PUR-00129,Purchase,2024-10-14,2024-10-14 15:33,2301,GST Input Credit,13420.62,,GST input on SI023/2128,PurchaseModule,ACCT-3,
PUR-00129,Purchase,2024-10-14,2024-10-14 15:33,2101,Sundry Creditors,,87979.62,Venus Adhesives inv SI023/2128,PurchaseModule,ACCT-3,
PUR-00130,Purchase,2024-06-30,2024-06-30 12:00,5201,Rent Expense,61406.00,,Being goods/services from Himalaya Papers inv SI008/2129,PurchaseModule,ACCT-1,
PUR-00130,Purchase,2024-06-30,2024-06-30 12:00,2301,GST Input Credit,11053.08,,GST input on SI008/2129,PurchaseModule,ACCT-1,
PUR-00130,Purchase,2024-06-30,2024-06-30 12:00,2101,Sundry Creditors,,72459.08,Himalaya Papers inv SI008/2129,PurchaseModule,ACCT-1,
PUR-00131,Purchase,2024-09-28,2024-09-28 15:04,5401,Professional Fees,163833.00,,Being goods/services from Balaji Packaging Co inv SI002/2130,PurchaseModule,ACCT-2,
PUR-00131,Purchase,2024-09-28,2024-09-28 15:04,2301,GST Input Credit,29489.94,,GST input on SI002/2130,PurchaseModule,ACCT-2,
PUR-00131,Purchase,2024-09-28,2024-09-28 15:04,2101,Sundry Creditors,,193322.94,Balaji Packaging Co inv SI002/2130,PurchaseModule,ACCT-2,
PUR-00132,Purchase,2024-05-27,2024-05-27 13:51,5201,Rent Expense,233660.00,,Being goods/services from Divya Safety Equipments inv SI031/2131,PurchaseModule,ACCT-1,
PUR-00132,Purchase,2024-05-27,2024-05-27 13:51,2301,GST Input Credit,42058.80,,GST input on SI031/2131,PurchaseModule,ACCT-1,
PUR-00132,Purchase,2024-05-27,2024-05-27 13:51,2101,Sundry Creditors,,275718.80,Divya Safety Equipments inv SI031/2131,PurchaseModule,ACCT-1,
PUR-00133,Purchase,2024-12-09,2024-12-09 12:27,5101,Freight & Cartage,127540.00,,Being goods/services from Xpress Couriers inv SI025/2132,PurchaseModule,ACCT-3,
PUR-00133,Purchase,2024-12-09,2024-12-09 12:27,2301,GST Input Credit,22957.20,,GST input on SI025/2132,PurchaseModule,ACCT-3,
PUR-00133,Purchase,2024-12-09,2024-12-09 12:27,2101,Sundry Creditors,,150497.20,Xpress Couriers inv SI025/2132,PurchaseModule,ACCT-3,
PUR-00134,Purchase,2024-06-20,2024-06-20 17:01,5201,Rent Expense,119312.00,,Being goods/services from Krishna Cement Agency inv SI038/2133,PurchaseModule,ACCT-1,
PUR-00134,Purchase,2024-06-20,2024-06-20 17:01,2301,GST Input Credit,21476.16,,GST input on SI038/2133,PurchaseModule,ACCT-1,
PUR-00134,Purchase,2024-06-20,2024-06-20 17:01,2101,Sundry Creditors,,140788.16,Krishna Cement Agency inv SI038/2133,PurchaseModule,ACCT-1,
PUR-00135,Purchase,2025-03-26,2025-03-26 13:41,5901,Miscellaneous Expenses,101804.00,,Being goods/services from Venus Adhesives inv SI023/2134,PurchaseModule,ACCT-1,
PUR-00135,Purchase,2025-03-26,2025-03-26 13:41,2301,GST Input Credit,18324.72,,GST input on SI023/2134,PurchaseModule,ACCT-1,
PUR-00135,Purchase,2025-03-26,2025-03-26 13:41,2101,Sundry Creditors,,120128.72,Venus Adhesives inv SI023/2134,PurchaseModule,ACCT-1,
PUR-00136,Purchase,2024-08-01,2024-08-02 12:32,5001,Purchases - Trading Goods,151349.00,,Being goods/services from Prakash Machinery inv SI043/2135,PurchaseModule,ACCT-2,
PUR-00136,Purchase,2024-08-01,2024-08-02 12:32,2301,GST Input Credit,27242.82,,GST input on SI043/2135,PurchaseModule,ACCT-2,
PUR-00136,Purchase,2024-08-01,2024-08-02 12:32,2101,Sundry Creditors,,178591.82,Prakash Machinery inv SI043/2135,PurchaseModule,ACCT-2,
PUR-00137,Purchase,2025-03-15,2025-03-15 18:00,5001,Purchases - Trading Goods,167875.00,,Being goods/services from Orient Glass House inv SI042/2136,PurchaseModule,ACCT-3,
PUR-00137,Purchase,2025-03-15,2025-03-15 18:00,2301,GST Input Credit,30217.50,,GST input on SI042/2136,PurchaseModule,ACCT-3,
PUR-00137,Purchase,2025-03-15,2025-03-15 18:00,2101,Sundry Creditors,,198092.50,Orient Glass House inv SI042/2136,PurchaseModule,ACCT-3,
PUR-00138,Purchase,2024-10-31,2024-11-01 12:17,5001,Purchases - Trading Goods,164034.00,,Being goods/services from Yamuna Enterprises inv SI026/2137,PurchaseModule,ACCT-2,
PUR-00138,Purchase,2024-10-31,2024-11-01 12:17,2301,GST Input Credit,29526.12,,GST input on SI026/2137,PurchaseModule,ACCT-2,
PUR-00138,Purchase,2024-10-31,2024-11-01 12:17,2101,Sundry Creditors,,193560.12,Yamuna Enterprises inv SI026/2137,PurchaseModule,ACCT-2,
PUR-00139,Purchase,2024-04-27,2024-04-28 15:49,5101,Freight & Cartage,100590.00,,Being goods/services from Deccan Logistics inv SI004/2138,PurchaseModule,ACCT-2,
PUR-00139,Purchase,2024-04-27,2024-04-28 15:49,2301,GST Input Credit,18106.20,,GST input on SI004/2138,PurchaseModule,ACCT-2,
PUR-00139,Purchase,2024-04-27,2024-04-28 15:49,2101,Sundry Creditors,,118696.20,Deccan Logistics inv SI004/2138,PurchaseModule,ACCT-2,
PUR-00140,Purchase,2024-11-23,2024-11-24 16:51,5901,Miscellaneous Expenses,56070.00,,Being goods/services from Shree Ram Traders inv SI014/2139,PurchaseModule,ACCT-2,
PUR-00140,Purchase,2024-11-23,2024-11-24 16:51,2301,GST Input Credit,10092.60,,GST input on SI014/2139,PurchaseModule,ACCT-2,
PUR-00140,Purchase,2024-11-23,2024-11-24 16:51,2101,Sundry Creditors,,66162.60,Shree Ram Traders inv SI014/2139,PurchaseModule,ACCT-2,
PUR-00141,Purchase,2025-01-23,2025-01-23 18:35,5401,Professional Fees,201247.00,,Being goods/services from Crescent Ceramics inv SI030/2140,PurchaseModule,ACCT-2,
PUR-00141,Purchase,2025-01-23,2025-01-23 18:35,2301,GST Input Credit,36224.46,,GST input on SI030/2140,PurchaseModule,ACCT-2,
PUR-00141,Purchase,2025-01-23,2025-01-23 18:35,2101,Sundry Creditors,,237471.46,Crescent Ceramics inv SI030/2140,PurchaseModule,ACCT-2,
PUR-00142,Purchase,2024-08-26,2024-08-27 18:41,5201,Rent Expense,42007.00,,Being goods/services from Universal Bearings inv SI022/2141,PurchaseModule,ACCT-3,
PUR-00142,Purchase,2024-08-26,2024-08-27 18:41,2301,GST Input Credit,7561.26,,GST input on SI022/2141,PurchaseModule,ACCT-3,
PUR-00142,Purchase,2024-08-26,2024-08-27 18:41,2101,Sundry Creditors,,49568.26,Universal Bearings inv SI022/2141,PurchaseModule,ACCT-3,
PUR-00143,Purchase,2024-06-28,2024-06-28 16:11,5001,Purchases - Trading Goods,130149.00,,Being goods/services from Xpress Couriers inv SI025/2142,PurchaseModule,ACCT-1,
PUR-00143,Purchase,2024-06-28,2024-06-28 16:11,2301,GST Input Credit,23426.82,,GST input on SI025/2142,PurchaseModule,ACCT-1,
PUR-00143,Purchase,2024-06-28,2024-06-28 16:11,2101,Sundry Creditors,,153575.82,Xpress Couriers inv SI025/2142,PurchaseModule,ACCT-1,
PUR-00144,Purchase,2025-02-15,2025-02-16 13:58,5401,Professional Fees,100673.00,,Being goods/services from Zenith Abrasives inv SI027/2143,PurchaseModule,ACCT-1,
PUR-00144,Purchase,2025-02-15,2025-02-16 13:58,2301,GST Input Credit,18121.14,,GST input on SI027/2143,PurchaseModule,ACCT-1,
PUR-00144,Purchase,2025-02-15,2025-02-16 13:58,2101,Sundry Creditors,,118794.14,Zenith Abrasives inv SI027/2143,PurchaseModule,ACCT-1,
PUR-00145,Purchase,2024-10-29,2024-10-29 09:40,5001,Purchases - Trading Goods,119746.00,,Being goods/services from Xpress Couriers inv SI025/2144,PurchaseModule,ACCT-1,
PUR-00145,Purchase,2024-10-29,2024-10-29 09:40,2301,GST Input Credit,21554.28,,GST input on SI025/2144,PurchaseModule,ACCT-1,
PUR-00145,Purchase,2024-10-29,2024-10-29 09:40,2101,Sundry Creditors,,141300.28,Xpress Couriers inv SI025/2144,PurchaseModule,ACCT-1,
PUR-00146,Purchase,2024-07-26,2024-07-27 15:50,5901,Miscellaneous Expenses,124944.00,,Being goods/services from Everest Scaffolding inv SI032/2145,PurchaseModule,ACCT-3,
PUR-00146,Purchase,2024-07-26,2024-07-27 15:50,2301,GST Input Credit,22489.92,,GST input on SI032/2145,PurchaseModule,ACCT-3,
PUR-00146,Purchase,2024-07-26,2024-07-27 15:50,2101,Sundry Creditors,,147433.92,Everest Scaffolding inv SI032/2145,PurchaseModule,ACCT-3,
PUR-00147,Purchase,2025-02-08,2025-02-09 13:11,5401,Professional Fees,225102.00,,Being goods/services from Himalaya Papers inv SI008/2146,PurchaseModule,ACCT-1,
PUR-00147,Purchase,2025-02-08,2025-02-09 13:11,2301,GST Input Credit,40518.36,,GST input on SI008/2146,PurchaseModule,ACCT-1,
PUR-00147,Purchase,2025-02-08,2025-02-09 13:11,2101,Sundry Creditors,,265620.36,Himalaya Papers inv SI008/2146,PurchaseModule,ACCT-1,
PUR-00148,Purchase,2024-10-18,2024-10-19 18:14,5201,Rent Expense,31941.00,,Being goods/services from Deccan Logistics inv SI004/2147,PurchaseModule,ACCT-1,
PUR-00148,Purchase,2024-10-18,2024-10-19 18:14,2301,GST Input Credit,5749.38,,GST input on SI004/2147,PurchaseModule,ACCT-1,
PUR-00148,Purchase,2024-10-18,2024-10-19 18:14,2101,Sundry Creditors,,37690.38,Deccan Logistics inv SI004/2147,PurchaseModule,ACCT-1,
PUR-00149,Purchase,2024-05-19,2024-05-20 09:01,5901,Miscellaneous Expenses,141952.00,,Being goods/services from Crescent Ceramics inv SI030/2148,PurchaseModule,ACCT-3,
PUR-00149,Purchase,2024-05-19,2024-05-20 09:01,2301,GST Input Credit,25551.36,,GST input on SI030/2148,PurchaseModule,ACCT-3,
PUR-00149,Purchase,2024-05-19,2024-05-20 09:01,2101,Sundry Creditors,,167503.36,Crescent Ceramics inv SI030/2148,PurchaseModule,ACCT-3,
PUR-00150,Purchase,2024-04-05,2024-04-06 17:07,5401,Professional Fees,25463.00,,Being goods/services from Jyoti Electrodes inv SI037/2149,PurchaseModule,ACCT-2,
PUR-00150,Purchase,2024-04-05,2024-04-06 17:07,2301,GST Input Credit,4583.34,,GST input on SI037/2149,PurchaseModule,ACCT-2,
PUR-00150,Purchase,2024-04-05,2024-04-06 17:07,2101,Sundry Creditors,,30046.34,Jyoti Electrodes inv SI037/2149,PurchaseModule,ACCT-2,
PUR-00151,Purchase,2025-03-09,2025-03-09 14:39,5401,Professional Fees,172228.00,,Being goods/services from Sunrise Solvents inv SI020/2150,PurchaseModule,ACCT-1,
PUR-00151,Purchase,2025-03-09,2025-03-09 14:39,2301,GST Input Credit,31001.04,,GST input on SI020/2150,PurchaseModule,ACCT-1,
PUR-00151,Purchase,2025-03-09,2025-03-09 14:39,2101,Sundry Creditors,,203229.04,Sunrise Solvents inv SI020/2150,PurchaseModule,ACCT-1,
PUR-00152,Purchase,2025-03-20,2025-03-21 16:14,5301,Repairs & Maintenance,136852.00,,Being goods/services from Shree Ram Traders inv SI014/2151,PurchaseModule,ACCT-3,
PUR-00152,Purchase,2025-03-20,2025-03-21 16:14,2301,GST Input Credit,24633.36,,GST input on SI014/2151,PurchaseModule,ACCT-3,
PUR-00152,Purchase,2025-03-20,2025-03-21 16:14,2101,Sundry Creditors,,161485.36,Shree Ram Traders inv SI014/2151,PurchaseModule,ACCT-3,
PUR-00153,Purchase,2025-02-16,2025-02-17 15:07,5301,Repairs & Maintenance,207057.00,,Being goods/services from Kaveri Transport Co inv SI011/2152,PurchaseModule,ACCT-3,
PUR-00153,Purchase,2025-02-16,2025-02-17 15:07,2301,GST Input Credit,37270.26,,GST input on SI011/2152,PurchaseModule,ACCT-3,
PUR-00153,Purchase,2025-02-16,2025-02-17 15:07,2101,Sundry Creditors,,244327.26,Kaveri Transport Co inv SI011/2152,PurchaseModule,ACCT-3,
PUR-00154,Purchase,2024-05-05,2024-05-05 17:30,5901,Miscellaneous Expenses,212619.00,,Being goods/services from Madras Hardware Mart inv SI013/2153,PurchaseModule,ACCT-3,
PUR-00154,Purchase,2024-05-05,2024-05-05 17:30,2301,GST Input Credit,38271.42,,GST input on SI013/2153,PurchaseModule,ACCT-3,
PUR-00154,Purchase,2024-05-05,2024-05-05 17:30,2101,Sundry Creditors,,250890.42,Madras Hardware Mart inv SI013/2153,PurchaseModule,ACCT-3,
PUR-00155,Purchase,2024-08-17,2024-08-18 16:09,5401,Professional Fees,68257.00,,Being goods/services from Ganga Traders inv SI007/2154,PurchaseModule,ACCT-2,
PUR-00155,Purchase,2024-08-17,2024-08-18 16:09,2301,GST Input Credit,12286.26,,GST input on SI007/2154,PurchaseModule,ACCT-2,
PUR-00155,Purchase,2024-08-17,2024-08-18 16:09,2101,Sundry Creditors,,80543.26,Ganga Traders inv SI007/2154,PurchaseModule,ACCT-2,
PUR-00156,Purchase,2024-07-20,2024-07-20 14:13,5401,Professional Fees,213043.00,,Being goods/services from Everest Scaffolding inv SI032/2155,PurchaseModule,ACCT-3,
PUR-00156,Purchase,2024-07-20,2024-07-20 14:13,2301,GST Input Credit,38347.74,,GST input on SI032/2155,PurchaseModule,ACCT-3,
PUR-00156,Purchase,2024-07-20,2024-07-20 14:13,2101,Sundry Creditors,,251390.74,Everest Scaffolding inv SI032/2155,PurchaseModule,ACCT-3,
PUR-00157,Purchase,2024-08-21,2024-08-22 14:25,5401,Professional Fees,107125.00,,Being goods/services from Jyoti Electrodes inv SI037/2156,PurchaseModule,ACCT-3,
PUR-00157,Purchase,2024-08-21,2024-08-22 14:25,2301,GST Input Credit,19282.50,,GST input on SI037/2156,PurchaseModule,ACCT-3,
PUR-00157,Purchase,2024-08-21,2024-08-22 14:25,2101,Sundry Creditors,,126407.50,Jyoti Electrodes inv SI037/2156,PurchaseModule,ACCT-3,
PUR-00158,Purchase,2024-08-03,2024-08-03 12:46,5101,Freight & Cartage,153148.00,,Being goods/services from Agarwal Steel Suppliers inv SI001/2157,PurchaseModule,ACCT-1,
PUR-00158,Purchase,2024-08-03,2024-08-03 12:46,2301,GST Input Credit,27566.64,,GST input on SI001/2157,PurchaseModule,ACCT-1,
PUR-00158,Purchase,2024-08-03,2024-08-03 12:46,2101,Sundry Creditors,,180714.64,Agarwal Steel Suppliers inv SI001/2157,PurchaseModule,ACCT-1,
PUR-00159,Purchase,2024-11-14,2024-11-15 13:22,5001,Purchases - Trading Goods,54631.00,,Being goods/services from Falcon Security Services inv SI033/2158,PurchaseModule,ACCT-1,
PUR-00159,Purchase,2024-11-14,2024-11-15 13:22,2301,GST Input Credit,9833.58,,GST input on SI033/2158,PurchaseModule,ACCT-1,
PUR-00159,Purchase,2024-11-14,2024-11-15 13:22,2101,Sundry Creditors,,64464.58,Falcon Security Services inv SI033/2158,PurchaseModule,ACCT-1,
PUR-00160,Purchase,2024-05-20,2024-05-21 10:28,5101,Freight & Cartage,73661.00,,Being goods/services from Divya Safety Equipments inv SI031/2159,PurchaseModule,ACCT-3,
PUR-00160,Purchase,2024-05-20,2024-05-21 10:28,2301,GST Input Credit,13258.98,,GST input on SI031/2159,PurchaseModule,ACCT-3,
PUR-00160,Purchase,2024-05-20,2024-05-21 10:28,2101,Sundry Creditors,,86919.98,Divya Safety Equipments inv SI031/2159,PurchaseModule,ACCT-3,
PUR-00161,Purchase,2025-03-02,2025-03-02 17:05,5001,Purchases - Trading Goods,88281.00,,Being goods/services from Bharat Lubricants inv SI029/2160,PurchaseModule,ACCT-1,
PUR-00161,Purchase,2025-03-02,2025-03-02 17:05,2301,GST Input Credit,15890.58,,GST input on SI029/2160,PurchaseModule,ACCT-1,
PUR-00161,Purchase,2025-03-02,2025-03-02 17:05,2101,Sundry Creditors,,104171.58,Bharat Lubricants inv SI029/2160,PurchaseModule,ACCT-1,
PUR-00162,Purchase,2024-08-24,2024-08-25 10:23,5301,Repairs & Maintenance,122375.00,,Being goods/services from Sunrise Solvents inv SI020/2161,PurchaseModule,ACCT-2,
PUR-00162,Purchase,2024-08-24,2024-08-25 10:23,2301,GST Input Credit,22027.50,,GST input on SI020/2161,PurchaseModule,ACCT-2,
PUR-00162,Purchase,2024-08-24,2024-08-25 10:23,2101,Sundry Creditors,,144402.50,Sunrise Solvents inv SI020/2161,PurchaseModule,ACCT-2,
PUR-00163,Purchase,2024-10-25,2024-10-26 17:07,5201,Rent Expense,158642.00,,Being goods/services from Eastern Electricals inv SI005/2162,PurchaseModule,ACCT-3,
PUR-00163,Purchase,2024-10-25,2024-10-26 17:07,2301,GST Input Credit,28555.56,,GST input on SI005/2162,PurchaseModule,ACCT-3,
PUR-00163,Purchase,2024-10-25,2024-10-26 17:07,2101,Sundry Creditors,,187197.56,Eastern Electricals inv SI005/2162,PurchaseModule,ACCT-3,
PUR-00164,Purchase,2024-06-01,2024-06-02 11:23,5201,Rent Expense,43982.00,,Being goods/services from Madras Hardware Mart inv SI013/2163,PurchaseModule,ACCT-1,
PUR-00164,Purchase,2024-06-01,2024-06-02 11:23,2301,GST Input Credit,7916.76,,GST input on SI013/2163,PurchaseModule,ACCT-1,
PUR-00164,Purchase,2024-06-01,2024-06-02 11:23,2101,Sundry Creditors,,51898.76,Madras Hardware Mart inv SI013/2163,PurchaseModule,ACCT-1,
PUR-00165,Purchase,2024-10-21,2024-10-22 12:46,5901,Miscellaneous Expenses,67300.00,,Being goods/services from Prakash Machinery inv SI043/2164,PurchaseModule,ACCT-1,
PUR-00165,Purchase,2024-10-21,2024-10-22 12:46,2301,GST Input Credit,12114.00,,GST input on SI043/2164,PurchaseModule,ACCT-1,
PUR-00165,Purchase,2024-10-21,2024-10-22 12:46,2101,Sundry Creditors,,79414.00,Prakash Machinery inv SI043/2164,PurchaseModule,ACCT-1,
PUR-00166,Purchase,2025-01-07,2025-01-07 18:46,5101,Freight & Cartage,217362.00,,Being goods/services from Indus Metal Works inv SI009/2165,PurchaseModule,ACCT-3,
PUR-00166,Purchase,2025-01-07,2025-01-07 18:46,2301,GST Input Credit,39125.16,,GST input on SI009/2165,PurchaseModule,ACCT-3,
PUR-00166,Purchase,2025-01-07,2025-01-07 18:46,2101,Sundry Creditors,,256487.16,Indus Metal Works inv SI009/2165,PurchaseModule,ACCT-3,
PUR-00167,Purchase,2025-03-30,2025-03-30 16:47,5201,Rent Expense,102589.00,,Being goods/services from Quality Fasteners inv SI018/2166,PurchaseModule,ACCT-3,
PUR-00167,Purchase,2025-03-30,2025-03-30 16:47,2301,GST Input Credit,18466.02,,GST input on SI018/2166,PurchaseModule,ACCT-3,
PUR-00167,Purchase,2025-03-30,2025-03-30 16:47,2101,Sundry Creditors,,121055.02,Quality Fasteners inv SI018/2166,PurchaseModule,ACCT-3,
PUR-00168,Purchase,2025-01-03,2025-01-03 09:12,5001,Purchases - Trading Goods,218793.00,,Being goods/services from Anand Auto Parts inv SI028/2167,PurchaseModule,ACCT-1,
PUR-00168,Purchase,2025-01-03,2025-01-03 09:12,2301,GST Input Credit,39382.74,,GST input on SI028/2167,PurchaseModule,ACCT-1,
PUR-00168,Purchase,2025-01-03,2025-01-03 09:12,2101,Sundry Creditors,,258175.74,Anand Auto Parts inv SI028/2167,PurchaseModule,ACCT-1,
PUR-00169,Purchase,2024-10-18,2024-10-19 18:59,5101,Freight & Cartage,192965.00,,Being goods/services from Balaji Packaging Co inv SI002/2168,PurchaseModule,ACCT-1,
PUR-00169,Purchase,2024-10-18,2024-10-19 18:59,2301,GST Input Credit,34733.70,,GST input on SI002/2168,PurchaseModule,ACCT-1,
PUR-00169,Purchase,2024-10-18,2024-10-19 18:59,2101,Sundry Creditors,,227698.70,Balaji Packaging Co inv SI002/2168,PurchaseModule,ACCT-1,
PUR-00170,Purchase,2024-06-09,2024-06-09 14:19,5401,Professional Fees,2112.00,,Being goods/services from Jaipur Textiles House inv SI010/2169,PurchaseModule,ACCT-2,
PUR-00170,Purchase,2024-06-09,2024-06-09 14:19,2301,GST Input Credit,380.16,,GST input on SI010/2169,PurchaseModule,ACCT-2,
PUR-00170,Purchase,2024-06-09,2024-06-09 14:19,2101,Sundry Creditors,,2492.16,Jaipur Textiles House inv SI010/2169,PurchaseModule,ACCT-2,
PUR-00171,Purchase,2024-06-09,2024-06-09 17:27,5401,Professional Fees,128366.00,,Being goods/services from Yamuna Enterprises inv SI026/2170,PurchaseModule,ACCT-2,
PUR-00171,Purchase,2024-06-09,2024-06-09 17:27,2301,GST Input Credit,23105.88,,GST input on SI026/2170,PurchaseModule,ACCT-2,
PUR-00171,Purchase,2024-06-09,2024-06-09 17:27,2101,Sundry Creditors,,151471.88,Yamuna Enterprises inv SI026/2170,PurchaseModule,ACCT-2,
PUR-00172,Purchase,2024-06-06,2024-06-06 16:09,5201,Rent Expense,35236.00,,Being goods/services from National Weighbridge inv SI041/2171,PurchaseModule,ACCT-1,
PUR-00172,Purchase,2024-06-06,2024-06-06 16:09,2301,GST Input Credit,6342.48,,GST input on SI041/2171,PurchaseModule,ACCT-1,
PUR-00172,Purchase,2024-06-06,2024-06-06 16:09,2101,Sundry Creditors,,41578.48,National Weighbridge inv SI041/2171,PurchaseModule,ACCT-1,
PUR-00173,Purchase,2025-03-23,2025-03-23 14:35,5201,Rent Expense,85941.00,,Being goods/services from Lakshmi Industrial Stores inv SI012/2172,PurchaseModule,ACCT-2,
PUR-00173,Purchase,2025-03-23,2025-03-23 14:35,2301,GST Input Credit,15469.38,,GST input on SI012/2172,PurchaseModule,ACCT-2,
PUR-00173,Purchase,2025-03-23,2025-03-23 14:35,2101,Sundry Creditors,,101410.38,Lakshmi Industrial Stores inv SI012/2172,PurchaseModule,ACCT-2,
PUR-00174,Purchase,2024-11-17,2024-11-18 17:17,5301,Repairs & Maintenance,134204.00,,Being goods/services from Royal Stationers inv SI019/2173,PurchaseModule,ACCT-3,
PUR-00174,Purchase,2024-11-17,2024-11-18 17:17,2301,GST Input Credit,24156.72,,GST input on SI019/2173,PurchaseModule,ACCT-3,
PUR-00174,Purchase,2024-11-17,2024-11-18 17:17,2101,Sundry Creditors,,158360.72,Royal Stationers inv SI019/2173,PurchaseModule,ACCT-3,
PUR-00175,Purchase,2024-12-08,2024-12-09 16:19,5101,Freight & Cartage,232281.00,,Being goods/services from Fortune Chemicals inv SI006/2174,PurchaseModule,ACCT-3,
PUR-00175,Purchase,2024-12-08,2024-12-09 16:19,2301,GST Input Credit,41810.58,,GST input on SI006/2174,PurchaseModule,ACCT-3,
PUR-00175,Purchase,2024-12-08,2024-12-09 16:19,2101,Sundry Creditors,,274091.58,Fortune Chemicals inv SI006/2174,PurchaseModule,ACCT-3,
PUR-00176,Purchase,2024-07-23,2024-07-24 18:18,5901,Miscellaneous Expenses,49289.00,,Being goods/services from Xpress Couriers inv SI025/2175,PurchaseModule,ACCT-3,
PUR-00176,Purchase,2024-07-23,2024-07-24 18:18,2301,GST Input Credit,8872.02,,GST input on SI025/2175,PurchaseModule,ACCT-3,
PUR-00176,Purchase,2024-07-23,2024-07-24 18:18,2101,Sundry Creditors,,58161.02,Xpress Couriers inv SI025/2175,PurchaseModule,ACCT-3,
PUR-00177,Purchase,2024-07-14,2024-07-14 12:55,5401,Professional Fees,182324.00,,Being goods/services from Zenith Abrasives inv SI027/2176,PurchaseModule,ACCT-3,
PUR-00177,Purchase,2024-07-14,2024-07-14 12:55,2301,GST Input Credit,32818.32,,GST input on SI027/2176,PurchaseModule,ACCT-3,
PUR-00177,Purchase,2024-07-14,2024-07-14 12:55,2101,Sundry Creditors,,215142.32,Zenith Abrasives inv SI027/2176,PurchaseModule,ACCT-3,
PUR-00178,Purchase,2024-08-20,2024-08-20 14:38,5201,Rent Expense,164060.00,,Being goods/services from Venus Adhesives inv SI023/2177,PurchaseModule,ACCT-2,
PUR-00178,Purchase,2024-08-20,2024-08-20 14:38,2301,GST Input Credit,29530.80,,GST input on SI023/2177,PurchaseModule,ACCT-2,
PUR-00178,Purchase,2024-08-20,2024-08-20 14:38,2101,Sundry Creditors,,193590.80,Venus Adhesives inv SI023/2177,PurchaseModule,ACCT-2,
PUR-00179,Purchase,2025-02-18,2025-02-18 13:57,5101,Freight & Cartage,213647.00,,Being goods/services from Liberty Rubber Works inv SI039/2178,PurchaseModule,ACCT-3,
PUR-00179,Purchase,2025-02-18,2025-02-18 13:57,2301,GST Input Credit,38456.46,,GST input on SI039/2178,PurchaseModule,ACCT-3,
PUR-00179,Purchase,2025-02-18,2025-02-18 13:57,2101,Sundry Creditors,,252103.46,Liberty Rubber Works inv SI039/2178,PurchaseModule,ACCT-3,
PUR-00180,Purchase,2024-07-13,2024-07-14 12:59,5901,Miscellaneous Expenses,222018.00,,Being goods/services from Krishna Cement Agency inv SI038/2179,PurchaseModule,ACCT-2,
PUR-00180,Purchase,2024-07-13,2024-07-14 12:59,2301,GST Input Credit,39963.24,,GST input on SI038/2179,PurchaseModule,ACCT-2,
PUR-00180,Purchase,2024-07-13,2024-07-14 12:59,2101,Sundry Creditors,,261981.24,Krishna Cement Agency inv SI038/2179,PurchaseModule,ACCT-2,
PUR-00181,Purchase,2025-03-19,2025-03-19 10:13,5901,Miscellaneous Expenses,38101.00,,Being goods/services from Ganga Traders inv SI007/2180,PurchaseModule,ACCT-2,
PUR-00181,Purchase,2025-03-19,2025-03-19 10:13,2301,GST Input Credit,6858.18,,GST input on SI007/2180,PurchaseModule,ACCT-2,
PUR-00181,Purchase,2025-03-19,2025-03-19 10:13,2101,Sundry Creditors,,44959.18,Ganga Traders inv SI007/2180,PurchaseModule,ACCT-2,
PUR-00182,Purchase,2024-10-12,2024-10-13 11:08,5901,Miscellaneous Expenses,108530.00,,Being goods/services from Falcon Security Services inv SI033/2181,PurchaseModule,ACCT-3,
PUR-00182,Purchase,2024-10-12,2024-10-13 11:08,2301,GST Input Credit,19535.40,,GST input on SI033/2181,PurchaseModule,ACCT-3,
PUR-00182,Purchase,2024-10-12,2024-10-13 11:08,2101,Sundry Creditors,,128065.40,Falcon Security Services inv SI033/2181,PurchaseModule,ACCT-3,
PUR-00183,Purchase,2024-04-30,2024-05-01 14:16,5001,Purchases - Trading Goods,173610.00,,Being goods/services from Shree Ram Traders inv SI014/2182,PurchaseModule,ACCT-1,
PUR-00183,Purchase,2024-04-30,2024-05-01 14:16,2301,GST Input Credit,31249.80,,GST input on SI014/2182,PurchaseModule,ACCT-1,
PUR-00183,Purchase,2024-04-30,2024-05-01 14:16,2101,Sundry Creditors,,204859.80,Shree Ram Traders inv SI014/2182,PurchaseModule,ACCT-1,
PUR-00184,Purchase,2024-10-30,2024-10-31 09:50,5301,Repairs & Maintenance,119525.00,,Being goods/services from Silverline Pipes inv SI045/2183,PurchaseModule,ACCT-3,
PUR-00184,Purchase,2024-10-30,2024-10-31 09:50,2301,GST Input Credit,21514.50,,GST input on SI045/2183,PurchaseModule,ACCT-3,
PUR-00184,Purchase,2024-10-30,2024-10-31 09:50,2101,Sundry Creditors,,141039.50,Silverline Pipes inv SI045/2183,PurchaseModule,ACCT-3,
PUR-00185,Purchase,2024-05-03,2024-05-04 15:48,5101,Freight & Cartage,88700.00,,Being goods/services from Prakash Machinery inv SI043/2184,PurchaseModule,ACCT-1,
PUR-00185,Purchase,2024-05-03,2024-05-04 15:48,2301,GST Input Credit,15966.00,,GST input on SI043/2184,PurchaseModule,ACCT-1,
PUR-00185,Purchase,2024-05-03,2024-05-04 15:48,2101,Sundry Creditors,,104666.00,Prakash Machinery inv SI043/2184,PurchaseModule,ACCT-1,
PUR-00186,Purchase,2024-12-19,2024-12-20 10:55,5901,Miscellaneous Expenses,26119.00,,Being goods/services from Universal Bearings inv SI022/2185,PurchaseModule,ACCT-1,
PUR-00186,Purchase,2024-12-19,2024-12-20 10:55,2301,GST Input Credit,4701.42,,GST input on SI022/2185,PurchaseModule,ACCT-1,
PUR-00186,Purchase,2024-12-19,2024-12-20 10:55,2101,Sundry Creditors,,30820.42,Universal Bearings inv SI022/2185,PurchaseModule,ACCT-1,
PUR-00187,Purchase,2024-11-06,2024-11-06 11:47,5201,Rent Expense,197881.00,,Being goods/services from Yamuna Enterprises inv SI026/2186,PurchaseModule,ACCT-3,
PUR-00187,Purchase,2024-11-06,2024-11-06 11:47,2301,GST Input Credit,35618.58,,GST input on SI026/2186,PurchaseModule,ACCT-3,
PUR-00187,Purchase,2024-11-06,2024-11-06 11:47,2101,Sundry Creditors,,233499.58,Yamuna Enterprises inv SI026/2186,PurchaseModule,ACCT-3,
PUR-00188,Purchase,2025-01-26,2025-01-26 16:43,5901,Miscellaneous Expenses,160949.00,,Being goods/services from Jyoti Electrodes inv SI037/2187,PurchaseModule,ACCT-1,
PUR-00188,Purchase,2025-01-26,2025-01-26 16:43,2301,GST Input Credit,28970.82,,GST input on SI037/2187,PurchaseModule,ACCT-1,
PUR-00188,Purchase,2025-01-26,2025-01-26 16:43,2101,Sundry Creditors,,189919.82,Jyoti Electrodes inv SI037/2187,PurchaseModule,ACCT-1,
PUR-00189,Purchase,2024-09-11,2024-09-12 12:19,5901,Miscellaneous Expenses,180637.00,,Being goods/services from Liberty Rubber Works inv SI039/2188,PurchaseModule,ACCT-1,
PUR-00189,Purchase,2024-09-11,2024-09-12 12:19,2301,GST Input Credit,32514.66,,GST input on SI039/2188,PurchaseModule,ACCT-1,
PUR-00189,Purchase,2024-09-11,2024-09-12 12:19,2101,Sundry Creditors,,213151.66,Liberty Rubber Works inv SI039/2188,PurchaseModule,ACCT-1,
PUR-00190,Purchase,2024-07-03,2024-07-03 10:43,5101,Freight & Cartage,50896.00,,Being goods/services from Anand Auto Parts inv SI028/2189,PurchaseModule,ACCT-3,
PUR-00190,Purchase,2024-07-03,2024-07-03 10:43,2301,GST Input Credit,9161.28,,GST input on SI028/2189,PurchaseModule,ACCT-3,
PUR-00190,Purchase,2024-07-03,2024-07-03 10:43,2101,Sundry Creditors,,60057.28,Anand Auto Parts inv SI028/2189,PurchaseModule,ACCT-3,
PUR-00191,Purchase,2024-08-10,2024-08-10 18:14,5001,Purchases - Trading Goods,73284.00,,Being goods/services from Pioneer Plastics inv SI017/2190,PurchaseModule,ACCT-1,
PUR-00191,Purchase,2024-08-10,2024-08-10 18:14,2301,GST Input Credit,13191.12,,GST input on SI017/2190,PurchaseModule,ACCT-1,
PUR-00191,Purchase,2024-08-10,2024-08-10 18:14,2101,Sundry Creditors,,86475.12,Pioneer Plastics inv SI017/2190,PurchaseModule,ACCT-1,
PUR-00192,Purchase,2024-11-29,2024-11-30 11:29,5001,Purchases - Trading Goods,153995.00,,Being goods/services from Silverline Pipes inv SI045/2191,PurchaseModule,ACCT-1,
PUR-00192,Purchase,2024-11-29,2024-11-30 11:29,2301,GST Input Credit,27719.10,,GST input on SI045/2191,PurchaseModule,ACCT-1,
PUR-00192,Purchase,2024-11-29,2024-11-30 11:29,2101,Sundry Creditors,,181714.10,Silverline Pipes inv SI045/2191,PurchaseModule,ACCT-1,
PUR-00193,Purchase,2024-05-04,2024-05-04 10:54,5401,Professional Fees,225367.00,,Being goods/services from Green Valley Agro inv SI034/2192,PurchaseModule,ACCT-2,
PUR-00193,Purchase,2024-05-04,2024-05-04 10:54,2301,GST Input Credit,40566.06,,GST input on SI034/2192,PurchaseModule,ACCT-2,
PUR-00193,Purchase,2024-05-04,2024-05-04 10:54,2101,Sundry Creditors,,265933.06,Green Valley Agro inv SI034/2192,PurchaseModule,ACCT-2,
PUR-00194,Purchase,2025-03-09,2025-03-10 13:07,5401,Professional Fees,110697.00,,Being goods/services from Universal Bearings inv SI022/2193,PurchaseModule,ACCT-1,
PUR-00194,Purchase,2025-03-09,2025-03-10 13:07,2301,GST Input Credit,19925.46,,GST input on SI022/2193,PurchaseModule,ACCT-1,
PUR-00194,Purchase,2025-03-09,2025-03-10 13:07,2101,Sundry Creditors,,130622.46,Universal Bearings inv SI022/2193,PurchaseModule,ACCT-1,
PUR-00195,Purchase,2024-06-03,2024-06-03 17:38,5001,Purchases - Trading Goods,14024.00,,Being goods/services from Orient Glass House inv SI042/2194,PurchaseModule,ACCT-3,
PUR-00195,Purchase,2024-06-03,2024-06-03 17:38,2301,GST Input Credit,2524.32,,GST input on SI042/2194,PurchaseModule,ACCT-3,
PUR-00195,Purchase,2024-06-03,2024-06-03 17:38,2101,Sundry Creditors,,16548.32,Orient Glass House inv SI042/2194,PurchaseModule,ACCT-3,
PUR-00196,Purchase,2024-05-27,2024-05-27 09:17,5901,Miscellaneous Expenses,100141.00,,Being goods/services from Jaipur Textiles House inv SI010/2195,PurchaseModule,ACCT-1,
PUR-00196,Purchase,2024-05-27,2024-05-27 09:17,2301,GST Input Credit,18025.38,,GST input on SI010/2195,PurchaseModule,ACCT-1,
PUR-00196,Purchase,2024-05-27,2024-05-27 09:17,2101,Sundry Creditors,,118166.38,Jaipur Textiles House inv SI010/2195,PurchaseModule,ACCT-1,
PUR-00197,Purchase,2025-02-24,2025-02-25 16:35,5401,Professional Fees,114480.00,,Being goods/services from Trident Tools Ltd inv SI021/2196,PurchaseModule,ACCT-1,
PUR-00197,Purchase,2025-02-24,2025-02-25 16:35,2301,GST Input Credit,20606.40,,GST input on SI021/2196,PurchaseModule,ACCT-1,
PUR-00197,Purchase,2025-02-24,2025-02-25 16:35,2101,Sundry Creditors,,135086.40,Trident Tools Ltd inv SI021/2196,PurchaseModule,ACCT-1,
PUR-00198,Purchase,2025-01-11,2025-01-12 12:21,5001,Purchases - Trading Goods,85652.00,,Being goods/services from Agarwal Steel Suppliers inv SI001/2197,PurchaseModule,ACCT-1,
PUR-00198,Purchase,2025-01-11,2025-01-12 12:21,2301,GST Input Credit,15417.36,,GST input on SI001/2197,PurchaseModule,ACCT-1,
PUR-00198,Purchase,2025-01-11,2025-01-12 12:21,2101,Sundry Creditors,,101069.36,Agarwal Steel Suppliers inv SI001/2197,PurchaseModule,ACCT-1,
PUR-00199,Purchase,2024-10-11,2024-10-12 14:44,5301,Repairs & Maintenance,132576.00,,Being goods/services from Omkar Engineering inv SI016/2198,PurchaseModule,ACCT-3,
PUR-00199,Purchase,2024-10-11,2024-10-12 14:44,2301,GST Input Credit,23863.68,,GST input on SI016/2198,PurchaseModule,ACCT-3,
PUR-00199,Purchase,2024-10-11,2024-10-12 14:44,2101,Sundry Creditors,,156439.68,Omkar Engineering inv SI016/2198,PurchaseModule,ACCT-3,
PUR-00200,Purchase,2024-04-15,2024-04-16 09:49,5401,Professional Fees,27825.00,,Being goods/services from Green Valley Agro inv SI034/2199,PurchaseModule,ACCT-1,
PUR-00200,Purchase,2024-04-15,2024-04-16 09:49,2301,GST Input Credit,5008.50,,GST input on SI034/2199,PurchaseModule,ACCT-1,
PUR-00200,Purchase,2024-04-15,2024-04-16 09:49,2101,Sundry Creditors,,32833.50,Green Valley Agro inv SI034/2199,PurchaseModule,ACCT-1,
PUR-00201,Purchase,2024-07-23,2024-07-23 15:01,5401,Professional Fees,6907.00,,Being goods/services from Xpress Couriers inv SI025/2200,PurchaseModule,ACCT-2,
PUR-00201,Purchase,2024-07-23,2024-07-23 15:01,2301,GST Input Credit,1243.26,,GST input on SI025/2200,PurchaseModule,ACCT-2,
PUR-00201,Purchase,2024-07-23,2024-07-23 15:01,2101,Sundry Creditors,,8150.26,Xpress Couriers inv SI025/2200,PurchaseModule,ACCT-2,
PUR-00202,Purchase,2025-03-21,2025-03-22 17:42,5201,Rent Expense,10958.00,,Being goods/services from Hitech Instruments inv SI035/2201,PurchaseModule,ACCT-1,
PUR-00202,Purchase,2025-03-21,2025-03-22 17:42,2301,GST Input Credit,1972.44,,GST input on SI035/2201,PurchaseModule,ACCT-1,
PUR-00202,Purchase,2025-03-21,2025-03-22 17:42,2101,Sundry Creditors,,12930.44,Hitech Instruments inv SI035/2201,PurchaseModule,ACCT-1,
PUR-00203,Purchase,2024-10-02,2024-10-02 16:38,5001,Purchases - Trading Goods,108046.00,,Being goods/services from Shree Ram Traders inv SI014/2202,PurchaseModule,ACCT-1,
PUR-00203,Purchase,2024-10-02,2024-10-02 16:38,2301,GST Input Credit,19448.28,,GST input on SI014/2202,PurchaseModule,ACCT-1,
PUR-00203,Purchase,2024-10-02,2024-10-02 16:38,2101,Sundry Creditors,,127494.28,Shree Ram Traders inv SI014/2202,PurchaseModule,ACCT-1,
PUR-00204,Purchase,2024-09-20,2024-09-21 09:24,5101,Freight & Cartage,8940.00,,Being goods/services from Crescent Ceramics inv SI030/2203,PurchaseModule,ACCT-1,
PUR-00204,Purchase,2024-09-20,2024-09-21 09:24,2301,GST Input Credit,1609.20,,GST input on SI030/2203,PurchaseModule,ACCT-1,
PUR-00204,Purchase,2024-09-20,2024-09-21 09:24,2101,Sundry Creditors,,10549.20,Crescent Ceramics inv SI030/2203,PurchaseModule,ACCT-1,
PUR-00205,Purchase,2024-08-17,2024-08-18 10:57,5901,Miscellaneous Expenses,124334.00,,Being goods/services from Divya Safety Equipments inv SI031/2204,PurchaseModule,ACCT-1,
PUR-00205,Purchase,2024-08-17,2024-08-18 10:57,2301,GST Input Credit,22380.12,,GST input on SI031/2204,PurchaseModule,ACCT-1,
PUR-00205,Purchase,2024-08-17,2024-08-18 10:57,2101,Sundry Creditors,,146714.12,Divya Safety Equipments inv SI031/2204,PurchaseModule,ACCT-1,
PUR-00206,Purchase,2024-06-27,2024-06-27 15:24,5301,Repairs & Maintenance,239685.00,,Being goods/services from Crescent Ceramics inv SI030/2205,PurchaseModule,ACCT-2,
PUR-00206,Purchase,2024-06-27,2024-06-27 15:24,2301,GST Input Credit,43143.30,,GST input on SI030/2205,PurchaseModule,ACCT-2,
PUR-00206,Purchase,2024-06-27,2024-06-27 15:24,2101,Sundry Creditors,,282828.30,Crescent Ceramics inv SI030/2205,PurchaseModule,ACCT-2,
PUR-00207,Purchase,2024-04-28,2024-04-28 13:08,5001,Purchases - Trading Goods,239711.00,,Being goods/services from Deccan Logistics inv SI004/2206,PurchaseModule,ACCT-1,
PUR-00207,Purchase,2024-04-28,2024-04-28 13:08,2301,GST Input Credit,43147.98,,GST input on SI004/2206,PurchaseModule,ACCT-1,
PUR-00207,Purchase,2024-04-28,2024-04-28 13:08,2101,Sundry Creditors,,282858.98,Deccan Logistics inv SI004/2206,PurchaseModule,ACCT-1,
PUR-00208,Purchase,2024-08-12,2024-08-13 17:18,5301,Repairs & Maintenance,74901.00,,Being goods/services from Bharat Lubricants inv SI029/2207,PurchaseModule,ACCT-2,
PUR-00208,Purchase,2024-08-12,2024-08-13 17:18,2301,GST Input Credit,13482.18,,GST input on SI029/2207,PurchaseModule,ACCT-2,
PUR-00208,Purchase,2024-08-12,2024-08-13 17:18,2101,Sundry Creditors,,88383.18,Bharat Lubricants inv SI029/2207,PurchaseModule,ACCT-2,
PUR-00209,Purchase,2024-10-31,2024-11-01 15:42,5001,Purchases - Trading Goods,14500.00,,Being goods/services from Anand Auto Parts inv SI028/2208,PurchaseModule,ACCT-2,
PUR-00209,Purchase,2024-10-31,2024-11-01 15:42,2301,GST Input Credit,2610.00,,GST input on SI028/2208,PurchaseModule,ACCT-2,
PUR-00209,Purchase,2024-10-31,2024-11-01 15:42,2101,Sundry Creditors,,17110.00,Anand Auto Parts inv SI028/2208,PurchaseModule,ACCT-2,
PUR-00210,Purchase,2024-08-07,2024-08-07 12:13,5101,Freight & Cartage,57193.00,,Being goods/services from Balaji Packaging Co inv SI002/2209,PurchaseModule,ACCT-3,
PUR-00210,Purchase,2024-08-07,2024-08-07 12:13,2301,GST Input Credit,10294.74,,GST input on SI002/2209,PurchaseModule,ACCT-3,
PUR-00210,Purchase,2024-08-07,2024-08-07 12:13,2101,Sundry Creditors,,67487.74,Balaji Packaging Co inv SI002/2209,PurchaseModule,ACCT-3,
PUR-00211,Purchase,2024-11-30,2024-12-01 10:52,5901,Miscellaneous Expenses,80054.00,,Being goods/services from Trident Tools Ltd inv SI021/2210,PurchaseModule,ACCT-3,
PUR-00211,Purchase,2024-11-30,2024-12-01 10:52,2301,GST Input Credit,14409.72,,GST input on SI021/2210,PurchaseModule,ACCT-3,
PUR-00211,Purchase,2024-11-30,2024-12-01 10:52,2101,Sundry Creditors,,94463.72,Trident Tools Ltd inv SI021/2210,PurchaseModule,ACCT-3,
PUR-00212,Purchase,2024-07-05,2024-07-05 18:25,5901,Miscellaneous Expenses,141660.00,,Being goods/services from Royal Stationers inv SI019/2211,PurchaseModule,ACCT-2,
PUR-00212,Purchase,2024-07-05,2024-07-05 18:25,2301,GST Input Credit,25498.80,,GST input on SI019/2211,PurchaseModule,ACCT-2,
PUR-00212,Purchase,2024-07-05,2024-07-05 18:25,2101,Sundry Creditors,,167158.80,Royal Stationers inv SI019/2211,PurchaseModule,ACCT-2,
PUR-00213,Purchase,2024-05-28,2024-05-28 15:31,5901,Miscellaneous Expenses,237114.00,,Being goods/services from Mount Cables inv SI040/2212,PurchaseModule,ACCT-1,
PUR-00213,Purchase,2024-05-28,2024-05-28 15:31,2301,GST Input Credit,42680.52,,GST input on SI040/2212,PurchaseModule,ACCT-1,
PUR-00213,Purchase,2024-05-28,2024-05-28 15:31,2101,Sundry Creditors,,279794.52,Mount Cables inv SI040/2212,PurchaseModule,ACCT-1,
PUR-00214,Purchase,2024-05-08,2024-05-09 15:56,5001,Purchases - Trading Goods,190781.00,,Being goods/services from Venus Adhesives inv SI023/2213,PurchaseModule,ACCT-2,
PUR-00214,Purchase,2024-05-08,2024-05-09 15:56,2301,GST Input Credit,34340.58,,GST input on SI023/2213,PurchaseModule,ACCT-2,
PUR-00214,Purchase,2024-05-08,2024-05-09 15:56,2101,Sundry Creditors,,225121.58,Venus Adhesives inv SI023/2213,PurchaseModule,ACCT-2,
PUR-00215,Purchase,2024-05-25,2024-05-26 17:29,5301,Repairs & Maintenance,35594.00,,Being goods/services from Divya Safety Equipments inv SI031/2214,PurchaseModule,ACCT-1,
PUR-00215,Purchase,2024-05-25,2024-05-26 17:29,2301,GST Input Credit,6406.92,,GST input on SI031/2214,PurchaseModule,ACCT-1,
PUR-00215,Purchase,2024-05-25,2024-05-26 17:29,2101,Sundry Creditors,,42000.92,Divya Safety Equipments inv SI031/2214,PurchaseModule,ACCT-1,
PUR-00216,Purchase,2024-06-14,2024-06-14 11:51,5301,Repairs & Maintenance,72506.00,,Being goods/services from Chennai Polymers Pvt Ltd inv SI003/2215,PurchaseModule,ACCT-1,
PUR-00216,Purchase,2024-06-14,2024-06-14 11:51,2301,GST Input Credit,13051.08,,GST input on SI003/2215,PurchaseModule,ACCT-1,
PUR-00216,Purchase,2024-06-14,2024-06-14 11:51,2101,Sundry Creditors,,85557.08,Chennai Polymers Pvt Ltd inv SI003/2215,PurchaseModule,ACCT-1,
PUR-00217,Purchase,2025-03-17,2025-03-18 11:41,5201,Rent Expense,216257.00,,Being goods/services from Yamuna Enterprises inv SI026/2216,PurchaseModule,ACCT-2,
PUR-00217,Purchase,2025-03-17,2025-03-18 11:41,2301,GST Input Credit,38926.26,,GST input on SI026/2216,PurchaseModule,ACCT-2,
PUR-00217,Purchase,2025-03-17,2025-03-18 11:41,2101,Sundry Creditors,,255183.26,Yamuna Enterprises inv SI026/2216,PurchaseModule,ACCT-2,
PUR-00218,Purchase,2024-11-21,2024-11-22 14:21,5901,Miscellaneous Expenses,15583.00,,Being goods/services from Liberty Rubber Works inv SI039/2217,PurchaseModule,ACCT-1,
PUR-00218,Purchase,2024-11-21,2024-11-22 14:21,2301,GST Input Credit,2804.94,,GST input on SI039/2217,PurchaseModule,ACCT-1,
PUR-00218,Purchase,2024-11-21,2024-11-22 14:21,2101,Sundry Creditors,,18387.94,Liberty Rubber Works inv SI039/2217,PurchaseModule,ACCT-1,
PUR-00219,Purchase,2024-06-06,2024-06-06 12:35,5301,Repairs & Maintenance,138153.00,,Being goods/services from Prakash Machinery inv SI043/2218,PurchaseModule,ACCT-2,
PUR-00219,Purchase,2024-06-06,2024-06-06 12:35,2301,GST Input Credit,24867.54,,GST input on SI043/2218,PurchaseModule,ACCT-2,
PUR-00219,Purchase,2024-06-06,2024-06-06 12:35,2101,Sundry Creditors,,163020.54,Prakash Machinery inv SI043/2218,PurchaseModule,ACCT-2,
PUR-00220,Purchase,2024-09-28,2024-09-28 16:28,5001,Purchases - Trading Goods,157339.00,,Being goods/services from Agarwal Steel Suppliers inv SI001/2219,PurchaseModule,ACCT-1,
PUR-00220,Purchase,2024-09-28,2024-09-28 16:28,2301,GST Input Credit,28321.02,,GST input on SI001/2219,PurchaseModule,ACCT-1,
PUR-00220,Purchase,2024-09-28,2024-09-28 16:28,2101,Sundry Creditors,,185660.02,Agarwal Steel Suppliers inv SI001/2219,PurchaseModule,ACCT-1,
PUR-00221,Purchase,2025-01-23,2025-01-23 14:15,5901,Miscellaneous Expenses,72640.00,,Being goods/services from Orient Glass House inv SI042/2220,PurchaseModule,ACCT-2,
PUR-00221,Purchase,2025-01-23,2025-01-23 14:15,2301,GST Input Credit,13075.20,,GST input on SI042/2220,PurchaseModule,ACCT-2,
PUR-00221,Purchase,2025-01-23,2025-01-23 14:15,2101,Sundry Creditors,,85715.20,Orient Glass House inv SI042/2220,PurchaseModule,ACCT-2,
PUR-00222,Purchase,2024-04-13,2024-04-13 17:10,5201,Rent Expense,42421.00,,Being goods/services from Krishna Cement Agency inv SI038/2221,PurchaseModule,ACCT-2,
PUR-00222,Purchase,2024-04-13,2024-04-13 17:10,2301,GST Input Credit,7635.78,,GST input on SI038/2221,PurchaseModule,ACCT-2,
PUR-00222,Purchase,2024-04-13,2024-04-13 17:10,2101,Sundry Creditors,,50056.78,Krishna Cement Agency inv SI038/2221,PurchaseModule,ACCT-2,
PUR-00223,Purchase,2024-12-29,2024-12-29 10:02,5401,Professional Fees,160033.00,,Being goods/services from Deccan Logistics inv SI004/2222,PurchaseModule,ACCT-1,
PUR-00223,Purchase,2024-12-29,2024-12-29 10:02,2301,GST Input Credit,28805.94,,GST input on SI004/2222,PurchaseModule,ACCT-1,
PUR-00223,Purchase,2024-12-29,2024-12-29 10:02,2101,Sundry Creditors,,188838.94,Deccan Logistics inv SI004/2222,PurchaseModule,ACCT-1,
PUR-00224,Purchase,2024-05-10,2024-05-10 15:29,5901,Miscellaneous Expenses,165670.00,,Being goods/services from Falcon Security Services inv SI033/2223,PurchaseModule,ACCT-2,
PUR-00224,Purchase,2024-05-10,2024-05-10 15:29,2301,GST Input Credit,29820.60,,GST input on SI033/2223,PurchaseModule,ACCT-2,
PUR-00224,Purchase,2024-05-10,2024-05-10 15:29,2101,Sundry Creditors,,195490.60,Falcon Security Services inv SI033/2223,PurchaseModule,ACCT-2,
PUR-00225,Purchase,2024-07-20,2024-07-20 16:21,5201,Rent Expense,125911.00,,Being goods/services from Pioneer Plastics inv SI017/2224,PurchaseModule,ACCT-2,
PUR-00225,Purchase,2024-07-20,2024-07-20 16:21,2301,GST Input Credit,22663.98,,GST input on SI017/2224,PurchaseModule,ACCT-2,
PUR-00225,Purchase,2024-07-20,2024-07-20 16:21,2101,Sundry Creditors,,148574.98,Pioneer Plastics inv SI017/2224,PurchaseModule,ACCT-2,
PUR-00226,Purchase,2025-03-23,2025-03-24 16:13,5901,Miscellaneous Expenses,39006.00,,Being goods/services from Falcon Security Services inv SI033/2225,PurchaseModule,ACCT-3,
PUR-00226,Purchase,2025-03-23,2025-03-24 16:13,2301,GST Input Credit,7021.08,,GST input on SI033/2225,PurchaseModule,ACCT-3,
PUR-00226,Purchase,2025-03-23,2025-03-24 16:13,2101,Sundry Creditors,,46027.08,Falcon Security Services inv SI033/2225,PurchaseModule,ACCT-3,
PUR-00227,Purchase,2024-11-03,2024-11-03 13:35,5201,Rent Expense,69221.00,,Being goods/services from Green Valley Agro inv SI034/2226,PurchaseModule,ACCT-3,
PUR-00227,Purchase,2024-11-03,2024-11-03 13:35,2301,GST Input Credit,12459.78,,GST input on SI034/2226,PurchaseModule,ACCT-3,
PUR-00227,Purchase,2024-11-03,2024-11-03 13:35,2101,Sundry Creditors,,81680.78,Green Valley Agro inv SI034/2226,PurchaseModule,ACCT-3,
PUR-00228,Purchase,2024-04-18,2024-04-19 10:55,5401,Professional Fees,181824.00,,Being goods/services from Zenith Abrasives inv SI027/2227,PurchaseModule,ACCT-2,
PUR-00228,Purchase,2024-04-18,2024-04-19 10:55,2301,GST Input Credit,32728.32,,GST input on SI027/2227,PurchaseModule,ACCT-2,
PUR-00228,Purchase,2024-04-18,2024-04-19 10:55,2101,Sundry Creditors,,214552.32,Zenith Abrasives inv SI027/2227,PurchaseModule,ACCT-2,
PUR-00229,Purchase,2024-09-01,2024-09-02 10:25,5101,Freight & Cartage,51832.00,,Being goods/services from Crescent Ceramics inv SI030/2228,PurchaseModule,ACCT-1,
PUR-00229,Purchase,2024-09-01,2024-09-02 10:25,2301,GST Input Credit,9329.76,,GST input on SI030/2228,PurchaseModule,ACCT-1,
PUR-00229,Purchase,2024-09-01,2024-09-02 10:25,2101,Sundry Creditors,,61161.76,Crescent Ceramics inv SI030/2228,PurchaseModule,ACCT-1,
PUR-00230,Purchase,2024-07-10,2024-07-11 11:31,5001,Purchases - Trading Goods,114179.00,,Being goods/services from Liberty Rubber Works inv SI039/2229,PurchaseModule,ACCT-3,
PUR-00230,Purchase,2024-07-10,2024-07-11 11:31,2301,GST Input Credit,20552.22,,GST input on SI039/2229,PurchaseModule,ACCT-3,
PUR-00230,Purchase,2024-07-10,2024-07-11 11:31,2101,Sundry Creditors,,134731.22,Liberty Rubber Works inv SI039/2229,PurchaseModule,ACCT-3,
PUR-00231,Purchase,2024-09-11,2024-09-12 13:22,5201,Rent Expense,211305.00,,Being goods/services from Hitech Instruments inv SI035/2230,PurchaseModule,ACCT-2,
PUR-00231,Purchase,2024-09-11,2024-09-12 13:22,2301,GST Input Credit,38034.90,,GST input on SI035/2230,PurchaseModule,ACCT-2,
PUR-00231,Purchase,2024-09-11,2024-09-12 13:22,2101,Sundry Creditors,,249339.90,Hitech Instruments inv SI035/2230,PurchaseModule,ACCT-2,
PUR-00232,Purchase,2024-04-17,2024-04-18 13:49,5301,Repairs & Maintenance,56145.00,,Being goods/services from Orient Glass House inv SI042/2231,PurchaseModule,ACCT-3,
PUR-00232,Purchase,2024-04-17,2024-04-18 13:49,2301,GST Input Credit,10106.10,,GST input on SI042/2231,PurchaseModule,ACCT-3,
PUR-00232,Purchase,2024-04-17,2024-04-18 13:49,2101,Sundry Creditors,,66251.10,Orient Glass House inv SI042/2231,PurchaseModule,ACCT-3,
PUR-00233,Purchase,2024-06-23,2024-06-23 10:18,5201,Rent Expense,137727.00,,Being goods/services from Falcon Security Services inv SI033/2232,PurchaseModule,ACCT-2,
PUR-00233,Purchase,2024-06-23,2024-06-23 10:18,2301,GST Input Credit,24790.86,,GST input on SI033/2232,PurchaseModule,ACCT-2,
PUR-00233,Purchase,2024-06-23,2024-06-23 10:18,2101,Sundry Creditors,,162517.86,Falcon Security Services inv SI033/2232,PurchaseModule,ACCT-2,
PUR-00234,Purchase,2024-10-30,2024-10-30 11:00,5101,Freight & Cartage,11013.00,,Being goods/services from Falcon Security Services inv SI033/2233,PurchaseModule,ACCT-3,
PUR-00234,Purchase,2024-10-30,2024-10-30 11:00,2301,GST Input Credit,1982.34,,GST input on SI033/2233,PurchaseModule,ACCT-3,
PUR-00234,Purchase,2024-10-30,2024-10-30 11:00,2101,Sundry Creditors,,12995.34,Falcon Security Services inv SI033/2233,PurchaseModule,ACCT-3,
PUR-00235,Purchase,2024-08-21,2024-08-21 14:45,5201,Rent Expense,62011.00,,Being goods/services from Krishna Cement Agency inv SI038/2234,PurchaseModule,ACCT-2,
PUR-00235,Purchase,2024-08-21,2024-08-21 14:45,2301,GST Input Credit,11161.98,,GST input on SI038/2234,PurchaseModule,ACCT-2,
PUR-00235,Purchase,2024-08-21,2024-08-21 14:45,2101,Sundry Creditors,,73172.98,Krishna Cement Agency inv SI038/2234,PurchaseModule,ACCT-2,
PUR-00236,Purchase,2024-04-15,2024-04-15 18:27,5101,Freight & Cartage,163190.00,,Being goods/services from Crescent Ceramics inv SI030/2235,PurchaseModule,ACCT-3,
PUR-00236,Purchase,2024-04-15,2024-04-15 18:27,2301,GST Input Credit,29374.20,,GST input on SI030/2235,PurchaseModule,ACCT-3,
PUR-00236,Purchase,2024-04-15,2024-04-15 18:27,2101,Sundry Creditors,,192564.20,Crescent Ceramics inv SI030/2235,PurchaseModule,ACCT-3,
PUR-00237,Purchase,2024-08-26,2024-08-26 13:00,5001,Purchases - Trading Goods,222520.00,,Being goods/services from Universal Bearings inv SI022/2236,PurchaseModule,ACCT-2,
PUR-00237,Purchase,2024-08-26,2024-08-26 13:00,2301,GST Input Credit,40053.60,,GST input on SI022/2236,PurchaseModule,ACCT-2,
PUR-00237,Purchase,2024-08-26,2024-08-26 13:00,2101,Sundry Creditors,,262573.60,Universal Bearings inv SI022/2236,PurchaseModule,ACCT-2,
PUR-00238,Purchase,2025-02-10,2025-02-11 11:14,5301,Repairs & Maintenance,30668.00,,Being goods/services from Noble Printing Press inv SI015/2237,PurchaseModule,ACCT-3,
PUR-00238,Purchase,2025-02-10,2025-02-11 11:14,2301,GST Input Credit,5520.24,,GST input on SI015/2237,PurchaseModule,ACCT-3,
PUR-00238,Purchase,2025-02-10,2025-02-11 11:14,2101,Sundry Creditors,,36188.24,Noble Printing Press inv SI015/2237,PurchaseModule,ACCT-3,
PUR-00239,Purchase,2025-03-11,2025-03-12 17:09,5001,Purchases - Trading Goods,114291.00,,Being goods/services from Bharat Lubricants inv SI029/2238,PurchaseModule,ACCT-3,
PUR-00239,Purchase,2025-03-11,2025-03-12 17:09,2301,GST Input Credit,20572.38,,GST input on SI029/2238,PurchaseModule,ACCT-3,
PUR-00239,Purchase,2025-03-11,2025-03-12 17:09,2101,Sundry Creditors,,134863.38,Bharat Lubricants inv SI029/2238,PurchaseModule,ACCT-3,
PUR-00240,Purchase,2025-03-10,2025-03-11 17:10,5301,Repairs & Maintenance,55283.00,,Being goods/services from Venus Adhesives inv SI023/2239,PurchaseModule,ACCT-3,
PUR-00240,Purchase,2025-03-10,2025-03-11 17:10,2301,GST Input Credit,9950.94,,GST input on SI023/2239,PurchaseModule,ACCT-3,
PUR-00240,Purchase,2025-03-10,2025-03-11 17:10,2101,Sundry Creditors,,65233.94,Venus Adhesives inv SI023/2239,PurchaseModule,ACCT-3,
PUR-00241,Purchase,2024-10-27,2024-10-27 14:27,5301,Repairs & Maintenance,94129.00,,Being goods/services from Omkar Engineering inv SI016/2240,PurchaseModule,ACCT-2,
PUR-00241,Purchase,2024-10-27,2024-10-27 14:27,2301,GST Input Credit,16943.22,,GST input on SI016/2240,PurchaseModule,ACCT-2,
PUR-00241,Purchase,2024-10-27,2024-10-27 14:27,2101,Sundry Creditors,,111072.22,Omkar Engineering inv SI016/2240,PurchaseModule,ACCT-2,
PUR-00242,Purchase,2024-04-07,2024-04-08 17:23,5201,Rent Expense,179176.00,,Being goods/services from Divya Safety Equipments inv SI031/2241,PurchaseModule,ACCT-1,
PUR-00242,Purchase,2024-04-07,2024-04-08 17:23,2301,GST Input Credit,32251.68,,GST input on SI031/2241,PurchaseModule,ACCT-1,
PUR-00242,Purchase,2024-04-07,2024-04-08 17:23,2101,Sundry Creditors,,211427.68,Divya Safety Equipments inv SI031/2241,PurchaseModule,ACCT-1,
PUR-00243,Purchase,2024-11-10,2024-11-11 12:19,5101,Freight & Cartage,52610.00,,Being goods/services from Imperial Paints inv SI036/2242,PurchaseModule,ACCT-3,
PUR-00243,Purchase,2024-11-10,2024-11-11 12:19,2301,GST Input Credit,9469.80,,GST input on SI036/2242,PurchaseModule,ACCT-3,
PUR-00243,Purchase,2024-11-10,2024-11-11 12:19,2101,Sundry Creditors,,62079.80,Imperial Paints inv SI036/2242,PurchaseModule,ACCT-3,
PUR-00244,Purchase,2024-12-02,2024-12-03 09:56,5401,Professional Fees,157368.00,,Being goods/services from Trident Tools Ltd inv SI021/2243,PurchaseModule,ACCT-3,
PUR-00244,Purchase,2024-12-02,2024-12-03 09:56,2301,GST Input Credit,28326.24,,GST input on SI021/2243,PurchaseModule,ACCT-3,
PUR-00244,Purchase,2024-12-02,2024-12-03 09:56,2101,Sundry Creditors,,185694.24,Trident Tools Ltd inv SI021/2243,PurchaseModule,ACCT-3,
PUR-00245,Purchase,2024-05-16,2024-05-17 11:59,5901,Miscellaneous Expenses,3695.00,,Being goods/services from Venus Adhesives inv SI023/2244,PurchaseModule,ACCT-2,
PUR-00245,Purchase,2024-05-16,2024-05-17 11:59,2301,GST Input Credit,665.10,,GST input on SI023/2244,PurchaseModule,ACCT-2,
PUR-00245,Purchase,2024-05-16,2024-05-17 11:59,2101,Sundry Creditors,,4360.10,Venus Adhesives inv SI023/2244,PurchaseModule,ACCT-2,
PUR-00246,Purchase,2024-04-19,2024-04-20 11:29,5201,Rent Expense,1774.00,,Being goods/services from Deccan Logistics inv SI004/2245,PurchaseModule,ACCT-2,
PUR-00246,Purchase,2024-04-19,2024-04-20 11:29,2301,GST Input Credit,319.32,,GST input on SI004/2245,PurchaseModule,ACCT-2,
PUR-00246,Purchase,2024-04-19,2024-04-20 11:29,2101,Sundry Creditors,,2093.32,Deccan Logistics inv SI004/2245,PurchaseModule,ACCT-2,
PUR-00247,Purchase,2024-06-03,2024-06-03 17:22,5101,Freight & Cartage,135859.00,,Being goods/services from Venus Adhesives inv SI023/2246,PurchaseModule,ACCT-1,
PUR-00247,Purchase,2024-06-03,2024-06-03 17:22,2301,GST Input Credit,24454.62,,GST input on SI023/2246,PurchaseModule,ACCT-1,
PUR-00247,Purchase,2024-06-03,2024-06-03 17:22,2101,Sundry Creditors,,160313.62,Venus Adhesives inv SI023/2246,PurchaseModule,ACCT-1,
PUR-00248,Purchase,2025-01-30,2025-01-31 18:55,5101,Freight & Cartage,168214.00,,Being goods/services from Liberty Rubber Works inv SI039/2247,PurchaseModule,ACCT-2,
PUR-00248,Purchase,2025-01-30,2025-01-31 18:55,2301,GST Input Credit,30278.52,,GST input on SI039/2247,PurchaseModule,ACCT-2,
PUR-00248,Purchase,2025-01-30,2025-01-31 18:55,2101,Sundry Creditors,,198492.52,Liberty Rubber Works inv SI039/2247,PurchaseModule,ACCT-2,
PUR-00249,Purchase,2025-02-27,2025-02-27 09:50,5401,Professional Fees,62555.00,,Being goods/services from Royal Stationers inv SI019/2248,PurchaseModule,ACCT-1,
PUR-00249,Purchase,2025-02-27,2025-02-27 09:50,2301,GST Input Credit,11259.90,,GST input on SI019/2248,PurchaseModule,ACCT-1,
PUR-00249,Purchase,2025-02-27,2025-02-27 09:50,2101,Sundry Creditors,,73814.90,Royal Stationers inv SI019/2248,PurchaseModule,ACCT-1,
PUR-00250,Purchase,2024-06-29,2024-06-29 12:46,5001,Purchases - Trading Goods,165408.00,,Being goods/services from Universal Bearings inv SI022/2249,PurchaseModule,ACCT-2,
PUR-00250,Purchase,2024-06-29,2024-06-29 12:46,2301,GST Input Credit,29773.44,,GST input on SI022/2249,PurchaseModule,ACCT-2,
PUR-00250,Purchase,2024-06-29,2024-06-29 12:46,2101,Sundry Creditors,,195181.44,Universal Bearings inv SI022/2249,PurchaseModule,ACCT-2,
PUR-00251,Purchase,2025-02-28,2025-03-01 16:58,5001,Purchases - Trading Goods,203088.00,,Being goods/services from Orient Glass House inv SI042/2250,PurchaseModule,ACCT-1,
PUR-00251,Purchase,2025-02-28,2025-03-01 16:58,2301,GST Input Credit,36555.84,,GST input on SI042/2250,PurchaseModule,ACCT-1,
PUR-00251,Purchase,2025-02-28,2025-03-01 16:58,2101,Sundry Creditors,,239643.84,Orient Glass House inv SI042/2250,PurchaseModule,ACCT-1,
PUR-00252,Purchase,2024-09-30,2024-10-01 10:18,5101,Freight & Cartage,107357.00,,Being goods/services from Lakshmi Industrial Stores inv SI012/2251,PurchaseModule,ACCT-3,
PUR-00252,Purchase,2024-09-30,2024-10-01 10:18,2301,GST Input Credit,19324.26,,GST input on SI012/2251,PurchaseModule,ACCT-3,
PUR-00252,Purchase,2024-09-30,2024-10-01 10:18,2101,Sundry Creditors,,126681.26,Lakshmi Industrial Stores inv SI012/2251,PurchaseModule,ACCT-3,
PUR-00253,Purchase,2025-01-23,2025-01-23 15:00,5201,Rent Expense,139123.00,,Being goods/services from Jyoti Electrodes inv SI037/2252,PurchaseModule,ACCT-3,
PUR-00253,Purchase,2025-01-23,2025-01-23 15:00,2301,GST Input Credit,25042.14,,GST input on SI037/2252,PurchaseModule,ACCT-3,
PUR-00253,Purchase,2025-01-23,2025-01-23 15:00,2101,Sundry Creditors,,164165.14,Jyoti Electrodes inv SI037/2252,PurchaseModule,ACCT-3,
PUR-00254,Purchase,2024-10-20,2024-10-20 11:36,5101,Freight & Cartage,211262.00,,Being goods/services from Sunrise Solvents inv SI020/2253,PurchaseModule,ACCT-1,
PUR-00254,Purchase,2024-10-20,2024-10-20 11:36,2301,GST Input Credit,38027.16,,GST input on SI020/2253,PurchaseModule,ACCT-1,
PUR-00254,Purchase,2024-10-20,2024-10-20 11:36,2101,Sundry Creditors,,249289.16,Sunrise Solvents inv SI020/2253,PurchaseModule,ACCT-1,
PUR-00255,Purchase,2024-06-26,2024-06-26 13:58,5301,Repairs & Maintenance,76657.00,,Being goods/services from Indus Metal Works inv SI009/2254,PurchaseModule,ACCT-1,
PUR-00255,Purchase,2024-06-26,2024-06-26 13:58,2301,GST Input Credit,13798.26,,GST input on SI009/2254,PurchaseModule,ACCT-1,
PUR-00255,Purchase,2024-06-26,2024-06-26 13:58,2101,Sundry Creditors,,90455.26,Indus Metal Works inv SI009/2254,PurchaseModule,ACCT-1,
PUR-00256,Purchase,2024-07-25,2024-07-25 12:59,5401,Professional Fees,176761.00,,Being goods/services from Jyoti Electrodes inv SI037/2255,PurchaseModule,ACCT-2,
PUR-00256,Purchase,2024-07-25,2024-07-25 12:59,2301,GST Input Credit,31816.98,,GST input on SI037/2255,PurchaseModule,ACCT-2,
PUR-00256,Purchase,2024-07-25,2024-07-25 12:59,2101,Sundry Creditors,,208577.98,Jyoti Electrodes inv SI037/2255,PurchaseModule,ACCT-2,
PUR-00257,Purchase,2024-08-31,2024-09-01 12:30,5101,Freight & Cartage,60427.00,,Being goods/services from Omkar Engineering inv SI016/2256,PurchaseModule,ACCT-1,
PUR-00257,Purchase,2024-08-31,2024-09-01 12:30,2301,GST Input Credit,10876.86,,GST input on SI016/2256,PurchaseModule,ACCT-1,
PUR-00257,Purchase,2024-08-31,2024-09-01 12:30,2101,Sundry Creditors,,71303.86,Omkar Engineering inv SI016/2256,PurchaseModule,ACCT-1,
PUR-00258,Purchase,2024-08-24,2024-08-24 14:16,5101,Freight & Cartage,3587.00,,Being goods/services from Himalaya Papers inv SI008/2257,PurchaseModule,ACCT-2,
PUR-00258,Purchase,2024-08-24,2024-08-24 14:16,2301,GST Input Credit,645.66,,GST input on SI008/2257,PurchaseModule,ACCT-2,
PUR-00258,Purchase,2024-08-24,2024-08-24 14:16,2101,Sundry Creditors,,4232.66,Himalaya Papers inv SI008/2257,PurchaseModule,ACCT-2,
PUR-00259,Purchase,2025-02-07,2025-02-07 15:58,5301,Repairs & Maintenance,220281.00,,Being goods/services from Chennai Polymers Pvt Ltd inv SI003/2258,PurchaseModule,ACCT-3,
PUR-00259,Purchase,2025-02-07,2025-02-07 15:58,2301,GST Input Credit,39650.58,,GST input on SI003/2258,PurchaseModule,ACCT-3,
PUR-00259,Purchase,2025-02-07,2025-02-07 15:58,2101,Sundry Creditors,,259931.58,Chennai Polymers Pvt Ltd inv SI003/2258,PurchaseModule,ACCT-3,
PUR-00260,Purchase,2025-01-20,2025-01-21 09:03,5001,Purchases - Trading Goods,198073.00,,Being goods/services from Western Freight Lines inv SI024/2259,PurchaseModule,ACCT-3,
PUR-00260,Purchase,2025-01-20,2025-01-21 09:03,2301,GST Input Credit,35653.14,,GST input on SI024/2259,PurchaseModule,ACCT-3,
PUR-00260,Purchase,2025-01-20,2025-01-21 09:03,2101,Sundry Creditors,,233726.14,Western Freight Lines inv SI024/2259,PurchaseModule,ACCT-3,
PUR-00261,Purchase,2024-06-24,2024-06-25 11:03,5201,Rent Expense,225375.00,,Being goods/services from Ganga Traders inv SI007/2260,PurchaseModule,ACCT-2,
PUR-00261,Purchase,2024-06-24,2024-06-25 11:03,2301,GST Input Credit,40567.50,,GST input on SI007/2260,PurchaseModule,ACCT-2,
PUR-00261,Purchase,2024-06-24,2024-06-25 11:03,2101,Sundry Creditors,,265942.50,Ganga Traders inv SI007/2260,PurchaseModule,ACCT-2,
PUR-00262,Purchase,2024-04-01,2024-04-01 18:41,5001,Purchases - Trading Goods,82299.00,,Being goods/services from Ganga Traders inv SI007/2261,PurchaseModule,ACCT-2,
PUR-00262,Purchase,2024-04-01,2024-04-01 18:41,2301,GST Input Credit,14813.82,,GST input on SI007/2261,PurchaseModule,ACCT-2,
PUR-00262,Purchase,2024-04-01,2024-04-01 18:41,2101,Sundry Creditors,,97112.82,Ganga Traders inv SI007/2261,PurchaseModule,ACCT-2,
PUR-00263,Purchase,2024-08-18,2024-08-19 10:43,5001,Purchases - Trading Goods,209582.00,,Being goods/services from Falcon Security Services inv SI033/2262,PurchaseModule,ACCT-1,
PUR-00263,Purchase,2024-08-18,2024-08-19 10:43,2301,GST Input Credit,37724.76,,GST input on SI033/2262,PurchaseModule,ACCT-1,
PUR-00263,Purchase,2024-08-18,2024-08-19 10:43,2101,Sundry Creditors,,247306.76,Falcon Security Services inv SI033/2262,PurchaseModule,ACCT-1,
PUR-00264,Purchase,2024-12-09,2024-12-10 14:09,5301,Repairs & Maintenance,83802.00,,Being goods/services from Green Valley Agro inv SI034/2263,PurchaseModule,ACCT-1,
PUR-00264,Purchase,2024-12-09,2024-12-10 14:09,2301,GST Input Credit,15084.36,,GST input on SI034/2263,PurchaseModule,ACCT-1,
PUR-00264,Purchase,2024-12-09,2024-12-10 14:09,2101,Sundry Creditors,,98886.36,Green Valley Agro inv SI034/2263,PurchaseModule,ACCT-1,
PUR-00265,Purchase,2024-04-15,2024-04-16 10:02,5201,Rent Expense,80502.00,,Being goods/services from Indus Metal Works inv SI009/2264,PurchaseModule,ACCT-3,
PUR-00265,Purchase,2024-04-15,2024-04-16 10:02,2301,GST Input Credit,14490.36,,GST input on SI009/2264,PurchaseModule,ACCT-3,
PUR-00265,Purchase,2024-04-15,2024-04-16 10:02,2101,Sundry Creditors,,94992.36,Indus Metal Works inv SI009/2264,PurchaseModule,ACCT-3,
PUR-00266,Purchase,2024-11-18,2024-11-19 09:35,5901,Miscellaneous Expenses,239361.00,,Being goods/services from Xpress Couriers inv SI025/2265,PurchaseModule,ACCT-3,
PUR-00266,Purchase,2024-11-18,2024-11-19 09:35,2301,GST Input Credit,43084.98,,GST input on SI025/2265,PurchaseModule,ACCT-3,
PUR-00266,Purchase,2024-11-18,2024-11-19 09:35,2101,Sundry Creditors,,282445.98,Xpress Couriers inv SI025/2265,PurchaseModule,ACCT-3,
PUR-00267,Purchase,2024-12-16,2024-12-16 17:07,5101,Freight & Cartage,29478.00,,Being goods/services from Xpress Couriers inv SI025/2266,PurchaseModule,ACCT-2,
PUR-00267,Purchase,2024-12-16,2024-12-16 17:07,2301,GST Input Credit,5306.04,,GST input on SI025/2266,PurchaseModule,ACCT-2,
PUR-00267,Purchase,2024-12-16,2024-12-16 17:07,2101,Sundry Creditors,,34784.04,Xpress Couriers inv SI025/2266,PurchaseModule,ACCT-2,
PUR-00268,Purchase,2025-02-06,2025-02-06 09:48,5301,Repairs & Maintenance,104884.00,,Being goods/services from Omkar Engineering inv SI016/2267,PurchaseModule,ACCT-2,
PUR-00268,Purchase,2025-02-06,2025-02-06 09:48,2301,GST Input Credit,18879.12,,GST input on SI016/2267,PurchaseModule,ACCT-2,
PUR-00268,Purchase,2025-02-06,2025-02-06 09:48,2101,Sundry Creditors,,123763.12,Omkar Engineering inv SI016/2267,PurchaseModule,ACCT-2,
PUR-00269,Purchase,2024-05-04,2024-05-04 15:08,5901,Miscellaneous Expenses,202755.00,,Being goods/services from Anand Auto Parts inv SI028/2268,PurchaseModule,ACCT-2,
PUR-00269,Purchase,2024-05-04,2024-05-04 15:08,2301,GST Input Credit,36495.90,,GST input on SI028/2268,PurchaseModule,ACCT-2,
PUR-00269,Purchase,2024-05-04,2024-05-04 15:08,2101,Sundry Creditors,,239250.90,Anand Auto Parts inv SI028/2268,PurchaseModule,ACCT-2,
PUR-00270,Purchase,2024-10-05,2024-10-05 12:24,5401,Professional Fees,205749.00,,Being goods/services from Shree Ram Traders inv SI014/2269,PurchaseModule,ACCT-2,
PUR-00270,Purchase,2024-10-05,2024-10-05 12:24,2301,GST Input Credit,37034.82,,GST input on SI014/2269,PurchaseModule,ACCT-2,
PUR-00270,Purchase,2024-10-05,2024-10-05 12:24,2101,Sundry Creditors,,242783.82,Shree Ram Traders inv SI014/2269,PurchaseModule,ACCT-2,
PUR-00271,Purchase,2024-11-14,2024-11-15 15:46,5301,Repairs & Maintenance,17044.00,,Being goods/services from Chennai Polymers Pvt Ltd inv SI003/2270,PurchaseModule,ACCT-3,
PUR-00271,Purchase,2024-11-14,2024-11-15 15:46,2301,GST Input Credit,3067.92,,GST input on SI003/2270,PurchaseModule,ACCT-3,
PUR-00271,Purchase,2024-11-14,2024-11-15 15:46,2101,Sundry Creditors,,20111.92,Chennai Polymers Pvt Ltd inv SI003/2270,PurchaseModule,ACCT-3,
PUR-00272,Purchase,2024-07-13,2024-07-13 17:54,5001,Purchases - Trading Goods,212938.00,,Being goods/services from Lakshmi Industrial Stores inv SI012/2271,PurchaseModule,ACCT-1,
PUR-00272,Purchase,2024-07-13,2024-07-13 17:54,2301,GST Input Credit,38328.84,,GST input on SI012/2271,PurchaseModule,ACCT-1,
PUR-00272,Purchase,2024-07-13,2024-07-13 17:54,2101,Sundry Creditors,,251266.84,Lakshmi Industrial Stores inv SI012/2271,PurchaseModule,ACCT-1,
PUR-00273,Purchase,2024-10-31,2024-10-31 10:51,5901,Miscellaneous Expenses,207097.00,,Being goods/services from Omkar Engineering inv SI016/2272,PurchaseModule,ACCT-2,
PUR-00273,Purchase,2024-10-31,2024-10-31 10:51,2301,GST Input Credit,37277.46,,GST input on SI016/2272,PurchaseModule,ACCT-2,
PUR-00273,Purchase,2024-10-31,2024-10-31 10:51,2101,Sundry Creditors,,244374.46,Omkar Engineering inv SI016/2272,PurchaseModule,ACCT-2,
PUR-00274,Purchase,2024-05-31,2024-06-01 18:26,5101,Freight & Cartage,136061.00,,Being goods/services from Krishna Cement Agency inv SI038/2273,PurchaseModule,ACCT-1,
PUR-00274,Purchase,2024-05-31,2024-06-01 18:26,2301,GST Input Credit,24490.98,,GST input on SI038/2273,PurchaseModule,ACCT-1,
PUR-00274,Purchase,2024-05-31,2024-06-01 18:26,2101,Sundry Creditors,,160551.98,Krishna Cement Agency inv SI038/2273,PurchaseModule,ACCT-1,
PUR-00275,Purchase,2025-03-28,2025-03-29 14:24,5001,Purchases - Trading Goods,13122.00,,Being goods/services from Xpress Couriers inv SI025/2274,PurchaseModule,ACCT-2,
PUR-00275,Purchase,2025-03-28,2025-03-29 14:24,2301,GST Input Credit,2361.96,,GST input on SI025/2274,PurchaseModule,ACCT-2,
PUR-00275,Purchase,2025-03-28,2025-03-29 14:24,2101,Sundry Creditors,,15483.96,Xpress Couriers inv SI025/2274,PurchaseModule,ACCT-2,
PUR-00276,Purchase,2024-10-31,2024-11-01 18:38,5401,Professional Fees,49089.00,,Being goods/services from Quality Fasteners inv SI018/2275,PurchaseModule,ACCT-1,
PUR-00276,Purchase,2024-10-31,2024-11-01 18:38,2301,GST Input Credit,8836.02,,GST input on SI018/2275,PurchaseModule,ACCT-1,
PUR-00276,Purchase,2024-10-31,2024-11-01 18:38,2101,Sundry Creditors,,57925.02,Quality Fasteners inv SI018/2275,PurchaseModule,ACCT-1,
PUR-00277,Purchase,2024-10-13,2024-10-13 17:23,5301,Repairs & Maintenance,162213.00,,Being goods/services from Pioneer Plastics inv SI017/2276,PurchaseModule,ACCT-1,
PUR-00277,Purchase,2024-10-13,2024-10-13 17:23,2301,GST Input Credit,29198.34,,GST input on SI017/2276,PurchaseModule,ACCT-1,
PUR-00277,Purchase,2024-10-13,2024-10-13 17:23,2101,Sundry Creditors,,191411.34,Pioneer Plastics inv SI017/2276,PurchaseModule,ACCT-1,
PUR-00278,Purchase,2024-05-16,2024-05-17 13:51,5401,Professional Fees,142953.00,,Being goods/services from Noble Printing Press inv SI015/2277,PurchaseModule,ACCT-1,
PUR-00278,Purchase,2024-05-16,2024-05-17 13:51,2301,GST Input Credit,25731.54,,GST input on SI015/2277,PurchaseModule,ACCT-1,
PUR-00278,Purchase,2024-05-16,2024-05-17 13:51,2101,Sundry Creditors,,168684.54,Noble Printing Press inv SI015/2277,PurchaseModule,ACCT-1,
PUR-00279,Purchase,2025-03-15,2025-03-15 09:30,5101,Freight & Cartage,212774.00,,Being goods/services from Ganga Traders inv SI007/2278,PurchaseModule,ACCT-2,
PUR-00279,Purchase,2025-03-15,2025-03-15 09:30,2301,GST Input Credit,38299.32,,GST input on SI007/2278,PurchaseModule,ACCT-2,
PUR-00279,Purchase,2025-03-15,2025-03-15 09:30,2101,Sundry Creditors,,251073.32,Ganga Traders inv SI007/2278,PurchaseModule,ACCT-2,
PUR-00280,Purchase,2024-08-23,2024-08-23 11:09,5401,Professional Fees,89764.00,,Being goods/services from Noble Printing Press inv SI015/2279,PurchaseModule,ACCT-1,
PUR-00280,Purchase,2024-08-23,2024-08-23 11:09,2301,GST Input Credit,16157.52,,GST input on SI015/2279,PurchaseModule,ACCT-1,
PUR-00280,Purchase,2024-08-23,2024-08-23 11:09,2101,Sundry Creditors,,105921.52,Noble Printing Press inv SI015/2279,PurchaseModule,ACCT-1,
PUR-00281,Purchase,2024-05-14,2024-05-15 12:53,5001,Purchases - Trading Goods,202113.00,,Being goods/services from Imperial Paints inv SI036/2280,PurchaseModule,ACCT-2,
PUR-00281,Purchase,2024-05-14,2024-05-15 12:53,2301,GST Input Credit,36380.34,,GST input on SI036/2280,PurchaseModule,ACCT-2,
PUR-00281,Purchase,2024-05-14,2024-05-15 12:53,2101,Sundry Creditors,,238493.34,Imperial Paints inv SI036/2280,PurchaseModule,ACCT-2,
PUR-00282,Purchase,2024-06-11,2024-06-11 13:20,5001,Purchases - Trading Goods,93572.00,,Being goods/services from Yamuna Enterprises inv SI026/2281,PurchaseModule,ACCT-1,
PUR-00282,Purchase,2024-06-11,2024-06-11 13:20,2301,GST Input Credit,16842.96,,GST input on SI026/2281,PurchaseModule,ACCT-1,
PUR-00282,Purchase,2024-06-11,2024-06-11 13:20,2101,Sundry Creditors,,110414.96,Yamuna Enterprises inv SI026/2281,PurchaseModule,ACCT-1,
PUR-00283,Purchase,2025-02-03,2025-02-03 14:54,5301,Repairs & Maintenance,7362.00,,Being goods/services from Deccan Logistics inv SI004/2282,PurchaseModule,ACCT-1,
PUR-00283,Purchase,2025-02-03,2025-02-03 14:54,2301,GST Input Credit,1325.16,,GST input on SI004/2282,PurchaseModule,ACCT-1,
PUR-00283,Purchase,2025-02-03,2025-02-03 14:54,2101,Sundry Creditors,,8687.16,Deccan Logistics inv SI004/2282,PurchaseModule,ACCT-1,
PUR-00284,Purchase,2025-02-06,2025-02-06 13:49,5901,Miscellaneous Expenses,203814.00,,Being goods/services from Sunrise Solvents inv SI020/2283,PurchaseModule,ACCT-3,
PUR-00284,Purchase,2025-02-06,2025-02-06 13:49,2301,GST Input Credit,36686.52,,GST input on SI020/2283,PurchaseModule,ACCT-3,
PUR-00284,Purchase,2025-02-06,2025-02-06 13:49,2101,Sundry Creditors,,240500.52,Sunrise Solvents inv SI020/2283,PurchaseModule,ACCT-3,
PUR-00285,Purchase,2024-12-27,2024-12-28 17:42,5401,Professional Fees,220447.00,,Being goods/services from Trident Tools Ltd inv SI021/2284,PurchaseModule,ACCT-1,
PUR-00285,Purchase,2024-12-27,2024-12-28 17:42,2301,GST Input Credit,39680.46,,GST input on SI021/2284,PurchaseModule,ACCT-1,
PUR-00285,Purchase,2024-12-27,2024-12-28 17:42,2101,Sundry Creditors,,260127.46,Trident Tools Ltd inv SI021/2284,PurchaseModule,ACCT-1,
PUR-00286,Purchase,2024-12-28,2024-12-28 12:46,5301,Repairs & Maintenance,138642.00,,Being goods/services from Himalaya Papers inv SI008/2285,PurchaseModule,ACCT-2,
PUR-00286,Purchase,2024-12-28,2024-12-28 12:46,2301,GST Input Credit,24955.56,,GST input on SI008/2285,PurchaseModule,ACCT-2,
PUR-00286,Purchase,2024-12-28,2024-12-28 12:46,2101,Sundry Creditors,,163597.56,Himalaya Papers inv SI008/2285,PurchaseModule,ACCT-2,
PUR-00287,Purchase,2025-01-24,2025-01-24 18:46,5901,Miscellaneous Expenses,13086.00,,Being goods/services from Himalaya Papers inv SI008/2286,PurchaseModule,ACCT-2,
PUR-00287,Purchase,2025-01-24,2025-01-24 18:46,2301,GST Input Credit,2355.48,,GST input on SI008/2286,PurchaseModule,ACCT-2,
PUR-00287,Purchase,2025-01-24,2025-01-24 18:46,2101,Sundry Creditors,,15441.48,Himalaya Papers inv SI008/2286,PurchaseModule,ACCT-2,
PUR-00288,Purchase,2025-01-29,2025-01-29 18:42,5201,Rent Expense,167402.00,,Being goods/services from National Weighbridge inv SI041/2287,PurchaseModule,ACCT-2,
PUR-00288,Purchase,2025-01-29,2025-01-29 18:42,2301,GST Input Credit,30132.36,,GST input on SI041/2287,PurchaseModule,ACCT-2,
PUR-00288,Purchase,2025-01-29,2025-01-29 18:42,2101,Sundry Creditors,,197534.36,National Weighbridge inv SI041/2287,PurchaseModule,ACCT-2,
PUR-00289,Purchase,2024-10-29,2024-10-30 13:03,5101,Freight & Cartage,29381.00,,Being goods/services from Madras Hardware Mart inv SI013/2288,PurchaseModule,ACCT-1,
PUR-00289,Purchase,2024-10-29,2024-10-30 13:03,2301,GST Input Credit,5288.58,,GST input on SI013/2288,PurchaseModule,ACCT-1,
PUR-00289,Purchase,2024-10-29,2024-10-30 13:03,2101,Sundry Creditors,,34669.58,Madras Hardware Mart inv SI013/2288,PurchaseModule,ACCT-1,
PUR-00290,Purchase,2024-09-23,2024-09-23 16:54,5201,Rent Expense,85458.00,,Being goods/services from Orient Glass House inv SI042/2289,PurchaseModule,ACCT-2,
PUR-00290,Purchase,2024-09-23,2024-09-23 16:54,2301,GST Input Credit,15382.44,,GST input on SI042/2289,PurchaseModule,ACCT-2,
PUR-00290,Purchase,2024-09-23,2024-09-23 16:54,2101,Sundry Creditors,,100840.44,Orient Glass House inv SI042/2289,PurchaseModule,ACCT-2,
PUR-00291,Purchase,2024-07-07,2024-07-08 10:20,5001,Purchases - Trading Goods,58171.00,,Being goods/services from Falcon Security Services inv SI033/2290,PurchaseModule,ACCT-2,
PUR-00291,Purchase,2024-07-07,2024-07-08 10:20,2301,GST Input Credit,10470.78,,GST input on SI033/2290,PurchaseModule,ACCT-2,
PUR-00291,Purchase,2024-07-07,2024-07-08 10:20,2101,Sundry Creditors,,68641.78,Falcon Security Services inv SI033/2290,PurchaseModule,ACCT-2,
PUR-00292,Purchase,2024-04-06,2024-04-06 14:14,5001,Purchases - Trading Goods,147349.00,,Being goods/services from Hitech Instruments inv SI035/2291,PurchaseModule,ACCT-1,
PUR-00292,Purchase,2024-04-06,2024-04-06 14:14,2301,GST Input Credit,26522.82,,GST input on SI035/2291,PurchaseModule,ACCT-1,
PUR-00292,Purchase,2024-04-06,2024-04-06 14:14,2101,Sundry Creditors,,173871.82,Hitech Instruments inv SI035/2291,PurchaseModule,ACCT-1,
PUR-00293,Purchase,2024-04-04,2024-04-05 10:44,5901,Miscellaneous Expenses,3630.00,,Being goods/services from Ganga Traders inv SI007/2292,PurchaseModule,ACCT-3,
PUR-00293,Purchase,2024-04-04,2024-04-05 10:44,2301,GST Input Credit,653.40,,GST input on SI007/2292,PurchaseModule,ACCT-3,
PUR-00293,Purchase,2024-04-04,2024-04-05 10:44,2101,Sundry Creditors,,4283.40,Ganga Traders inv SI007/2292,PurchaseModule,ACCT-3,
PUR-00294,Purchase,2025-01-28,2025-01-29 14:47,5401,Professional Fees,165584.00,,Being goods/services from Western Freight Lines inv SI024/2293,PurchaseModule,ACCT-3,
PUR-00294,Purchase,2025-01-28,2025-01-29 14:47,2301,GST Input Credit,29805.12,,GST input on SI024/2293,PurchaseModule,ACCT-3,
PUR-00294,Purchase,2025-01-28,2025-01-29 14:47,2101,Sundry Creditors,,195389.12,Western Freight Lines inv SI024/2293,PurchaseModule,ACCT-3,
PUR-00295,Purchase,2024-12-03,2024-12-04 12:53,5901,Miscellaneous Expenses,72332.00,,Being goods/services from Omkar Engineering inv SI016/2294,PurchaseModule,ACCT-1,
PUR-00295,Purchase,2024-12-03,2024-12-04 12:53,2301,GST Input Credit,13019.76,,GST input on SI016/2294,PurchaseModule,ACCT-1,
PUR-00295,Purchase,2024-12-03,2024-12-04 12:53,2101,Sundry Creditors,,85351.76,Omkar Engineering inv SI016/2294,PurchaseModule,ACCT-1,
PUR-00296,Purchase,2025-03-11,2025-03-11 18:15,5101,Freight & Cartage,122467.00,,Being goods/services from Venus Adhesives inv SI023/2295,PurchaseModule,ACCT-1,
PUR-00296,Purchase,2025-03-11,2025-03-11 18:15,2301,GST Input Credit,22044.06,,GST input on SI023/2295,PurchaseModule,ACCT-1,
PUR-00296,Purchase,2025-03-11,2025-03-11 18:15,2101,Sundry Creditors,,144511.06,Venus Adhesives inv SI023/2295,PurchaseModule,ACCT-1,
PUR-00297,Purchase,2025-01-20,2025-01-21 16:48,5401,Professional Fees,118589.00,,Being goods/services from Himalaya Papers inv SI008/2296,PurchaseModule,ACCT-2,
PUR-00297,Purchase,2025-01-20,2025-01-21 16:48,2301,GST Input Credit,21346.02,,GST input on SI008/2296,PurchaseModule,ACCT-2,
PUR-00297,Purchase,2025-01-20,2025-01-21 16:48,2101,Sundry Creditors,,139935.02,Himalaya Papers inv SI008/2296,PurchaseModule,ACCT-2,
PUR-00298,Purchase,2024-09-10,2024-09-10 12:12,5901,Miscellaneous Expenses,83661.00,,Being goods/services from Noble Printing Press inv SI015/2297,PurchaseModule,ACCT-1,
PUR-00298,Purchase,2024-09-10,2024-09-10 12:12,2301,GST Input Credit,15058.98,,GST input on SI015/2297,PurchaseModule,ACCT-1,
PUR-00298,Purchase,2024-09-10,2024-09-10 12:12,2101,Sundry Creditors,,98719.98,Noble Printing Press inv SI015/2297,PurchaseModule,ACCT-1,
PUR-00299,Purchase,2024-09-21,2024-09-22 16:11,5201,Rent Expense,143184.00,,Being goods/services from Lakshmi Industrial Stores inv SI012/2298,PurchaseModule,ACCT-1,
PUR-00299,Purchase,2024-09-21,2024-09-22 16:11,2301,GST Input Credit,25773.12,,GST input on SI012/2298,PurchaseModule,ACCT-1,
PUR-00299,Purchase,2024-09-21,2024-09-22 16:11,2101,Sundry Creditors,,168957.12,Lakshmi Industrial Stores inv SI012/2298,PurchaseModule,ACCT-1,
PUR-00300,Purchase,2024-09-21,2024-09-22 13:21,5301,Repairs & Maintenance,205314.00,,Being goods/services from Lakshmi Industrial Stores inv SI012/2299,PurchaseModule,ACCT-2,
PUR-00300,Purchase,2024-09-21,2024-09-22 13:21,2301,GST Input Credit,36956.52,,GST input on SI012/2299,PurchaseModule,ACCT-2,
PUR-00300,Purchase,2024-09-21,2024-09-22 13:21,2101,Sundry Creditors,,242270.52,Lakshmi Industrial Stores inv SI012/2299,PurchaseModule,ACCT-2,
SAL-00301,Sales,2024-06-28,2024-06-28 15:01,1201,Sundry Debtors,339581.58,,Customer 023 Retail inv CA/24-25/0001,SalesModule,ACCT-1,
SAL-00301,Sales,2024-06-28,2024-06-28 15:01,4001,Sales - Trading Goods,,287781.00,Sales inv CA/24-25/0001,SalesModule,ACCT-1,
SAL-00301,Sales,2024-06-28,2024-06-28 15:01,2401,GST Output Liability,,51800.58,GST output on CA/24-25/0001,SalesModule,ACCT-1,
SAL-00302,Sales,2024-11-29,2024-11-29 11:36,1201,Sundry Debtors,343907.46,,Customer 002 Retail inv CA/24-25/0002,SalesModule,ACCT-1,
SAL-00302,Sales,2024-11-29,2024-11-29 11:36,4001,Sales - Trading Goods,,291447.00,Sales inv CA/24-25/0002,SalesModule,ACCT-1,
SAL-00302,Sales,2024-11-29,2024-11-29 11:36,2401,GST Output Liability,,52460.46,GST output on CA/24-25/0002,SalesModule,ACCT-1,
SAL-00303,Sales,2024-11-17,2024-11-17 13:53,1201,Sundry Debtors,299620.88,,Customer 020 Retail inv CA/24-25/0003,SalesModule,ACCT-1,
SAL-00303,Sales,2024-11-17,2024-11-17 13:53,4001,Sales - Trading Goods,,253916.00,Sales inv CA/24-25/0003,SalesModule,ACCT-1,
SAL-00303,Sales,2024-11-17,2024-11-17 13:53,2401,GST Output Liability,,45704.88,GST output on CA/24-25/0003,SalesModule,ACCT-1,
SAL-00304,Sales,2025-01-24,2025-01-24 13:13,1201,Sundry Debtors,228236.78,,Customer 028 Retail inv CA/24-25/0004,SalesModule,ACCT-1,
SAL-00304,Sales,2025-01-24,2025-01-24 13:13,4001,Sales - Trading Goods,,193421.00,Sales inv CA/24-25/0004,SalesModule,ACCT-1,
SAL-00304,Sales,2025-01-24,2025-01-24 13:13,2401,GST Output Liability,,34815.78,GST output on CA/24-25/0004,SalesModule,ACCT-1,
SAL-00305,Sales,2024-07-11,2024-07-11 16:54,1201,Sundry Debtors,68016.38,,Customer 025 Retail inv CA/24-25/0005,SalesModule,ACCT-3,
SAL-00305,Sales,2024-07-11,2024-07-11 16:54,4001,Sales - Trading Goods,,57641.00,Sales inv CA/24-25/0005,SalesModule,ACCT-3,
SAL-00305,Sales,2024-07-11,2024-07-11 16:54,2401,GST Output Liability,,10375.38,GST output on CA/24-25/0005,SalesModule,ACCT-3,
SAL-00306,Sales,2024-12-08,2024-12-08 13:35,1201,Sundry Debtors,161973.88,,Customer 027 Retail inv CA/24-25/0006,SalesModule,ACCT-1,
SAL-00306,Sales,2024-12-08,2024-12-08 13:35,4001,Sales - Trading Goods,,137266.00,Sales inv CA/24-25/0006,SalesModule,ACCT-1,
SAL-00306,Sales,2024-12-08,2024-12-08 13:35,2401,GST Output Liability,,24707.88,GST output on CA/24-25/0006,SalesModule,ACCT-1,
SAL-00307,Sales,2024-08-02,2024-08-02 15:10,1201,Sundry Debtors,416643.84,,Customer 021 Retail inv CA/24-25/0007,SalesModule,ACCT-1,
SAL-00307,Sales,2024-08-02,2024-08-02 15:10,4001,Sales - Trading Goods,,353088.00,Sales inv CA/24-25/0007,SalesModule,ACCT-1,
SAL-00307,Sales,2024-08-02,2024-08-02 15:10,2401,GST Output Liability,,63555.84,GST output on CA/24-25/0007,SalesModule,ACCT-1,
SAL-00308,Sales,2024-10-10,2024-10-10 14:20,1201,Sundry Debtors,63193.72,,Customer 007 Retail inv CA/24-25/0008,SalesModule,ACCT-3,
SAL-00308,Sales,2024-10-10,2024-10-10 14:20,4001,Sales - Trading Goods,,53554.00,Sales inv CA/24-25/0008,SalesModule,ACCT-3,
SAL-00308,Sales,2024-10-10,2024-10-10 14:20,2401,GST Output Liability,,9639.72,GST output on CA/24-25/0008,SalesModule,ACCT-3,
SAL-00309,Sales,2025-03-30,2025-03-30 15:12,1201,Sundry Debtors,260008.28,,Customer 029 Retail inv CA/24-25/0009,SalesModule,ACCT-1,
SAL-00309,Sales,2025-03-30,2025-03-30 15:12,4001,Sales - Trading Goods,,220346.00,Sales inv CA/24-25/0009,SalesModule,ACCT-1,
SAL-00309,Sales,2025-03-30,2025-03-30 15:12,2401,GST Output Liability,,39662.28,GST output on CA/24-25/0009,SalesModule,ACCT-1,
SAL-00310,Sales,2024-06-29,2024-06-29 18:20,1201,Sundry Debtors,171628.64,,Customer 030 Retail inv CA/24-25/0010,SalesModule,ACCT-3,
SAL-00310,Sales,2024-06-29,2024-06-29 18:20,4001,Sales - Trading Goods,,145448.00,Sales inv CA/24-25/0010,SalesModule,ACCT-3,
SAL-00310,Sales,2024-06-29,2024-06-29 18:20,2401,GST Output Liability,,26180.64,GST output on CA/24-25/0010,SalesModule,ACCT-3,
SAL-00311,Sales,2024-09-02,2024-09-02 09:27,1201,Sundry Debtors,421160.88,,Customer 030 Retail inv CA/24-25/0011,SalesModule,ACCT-2,
SAL-00311,Sales,2024-09-02,2024-09-02 09:27,4001,Sales - Trading Goods,,356916.00,Sales inv CA/24-25/0011,SalesModule,ACCT-2,
SAL-00311,Sales,2024-09-02,2024-09-02 09:27,2401,GST Output Liability,,64244.88,GST output on CA/24-25/0011,SalesModule,ACCT-2,
SAL-00312,Sales,2025-03-11,2025-03-11 14:30,1201,Sundry Debtors,140298.46,,Customer 016 Retail inv CA/24-25/0012,SalesModule,ACCT-3,
SAL-00312,Sales,2025-03-11,2025-03-11 14:30,4001,Sales - Trading Goods,,118897.00,Sales inv CA/24-25/0012,SalesModule,ACCT-3,
SAL-00312,Sales,2025-03-11,2025-03-11 14:30,2401,GST Output Liability,,21401.46,GST output on CA/24-25/0012,SalesModule,ACCT-3,
SAL-00313,Sales,2025-01-13,2025-01-13 17:38,1201,Sundry Debtors,377256.62,,Customer 006 Retail inv CA/24-25/0013,SalesModule,ACCT-3,
SAL-00313,Sales,2025-01-13,2025-01-13 17:38,4001,Sales - Trading Goods,,319709.00,Sales inv CA/24-25/0013,SalesModule,ACCT-3,
SAL-00313,Sales,2025-01-13,2025-01-13 17:38,2401,GST Output Liability,,57547.62,GST output on CA/24-25/0013,SalesModule,ACCT-3,
SAL-00314,Sales,2024-10-21,2024-10-21 09:51,1201,Sundry Debtors,141515.04,,Customer 008 Retail inv CA/24-25/0014,SalesModule,ACCT-3,
SAL-00314,Sales,2024-10-21,2024-10-21 09:51,4001,Sales - Trading Goods,,119928.00,Sales inv CA/24-25/0014,SalesModule,ACCT-3,
SAL-00314,Sales,2024-10-21,2024-10-21 09:51,2401,GST Output Liability,,21587.04,GST output on CA/24-25/0014,SalesModule,ACCT-3,
SAL-00315,Sales,2024-09-11,2024-09-11 09:07,1201,Sundry Debtors,392498.68,,Customer 029 Retail inv CA/24-25/0015,SalesModule,ACCT-3,
SAL-00315,Sales,2024-09-11,2024-09-11 09:07,4001,Sales - Trading Goods,,332626.00,Sales inv CA/24-25/0015,SalesModule,ACCT-3,
SAL-00315,Sales,2024-09-11,2024-09-11 09:07,2401,GST Output Liability,,59872.68,GST output on CA/24-25/0015,SalesModule,ACCT-3,
SAL-00316,Sales,2024-11-10,2024-11-10 13:43,1201,Sundry Debtors,427581.26,,Customer 019 Retail inv CA/24-25/0016,SalesModule,ACCT-2,
SAL-00316,Sales,2024-11-10,2024-11-10 13:43,4001,Sales - Trading Goods,,362357.00,Sales inv CA/24-25/0016,SalesModule,ACCT-2,
SAL-00316,Sales,2024-11-10,2024-11-10 13:43,2401,GST Output Liability,,65224.26,GST output on CA/24-25/0016,SalesModule,ACCT-2,
SAL-00317,Sales,2024-06-20,2024-06-20 15:34,1201,Sundry Debtors,236215.94,,Customer 017 Retail inv CA/24-25/0017,SalesModule,ACCT-3,
SAL-00317,Sales,2024-06-20,2024-06-20 15:34,4001,Sales - Trading Goods,,200183.00,Sales inv CA/24-25/0017,SalesModule,ACCT-3,
SAL-00317,Sales,2024-06-20,2024-06-20 15:34,2401,GST Output Liability,,36032.94,GST output on CA/24-25/0017,SalesModule,ACCT-3,
SAL-00318,Sales,2024-11-16,2024-11-16 09:05,1201,Sundry Debtors,355263.78,,Customer 018 Retail inv CA/24-25/0018,SalesModule,ACCT-1,
SAL-00318,Sales,2024-11-16,2024-11-16 09:05,4001,Sales - Trading Goods,,301071.00,Sales inv CA/24-25/0018,SalesModule,ACCT-1,
SAL-00318,Sales,2024-11-16,2024-11-16 09:05,2401,GST Output Liability,,54192.78,GST output on CA/24-25/0018,SalesModule,ACCT-1,
SAL-00319,Sales,2024-04-27,2024-04-27 18:15,1201,Sundry Debtors,330395.28,,Customer 017 Retail inv CA/24-25/0019,SalesModule,ACCT-3,
SAL-00319,Sales,2024-04-27,2024-04-27 18:15,4001,Sales - Trading Goods,,279996.00,Sales inv CA/24-25/0019,SalesModule,ACCT-3,
SAL-00319,Sales,2024-04-27,2024-04-27 18:15,2401,GST Output Liability,,50399.28,GST output on CA/24-25/0019,SalesModule,ACCT-3,
SAL-00320,Sales,2024-06-09,2024-06-09 12:02,1201,Sundry Debtors,439642.04,,Customer 030 Retail inv CA/24-25/0020,SalesModule,ACCT-1,
SAL-00320,Sales,2024-06-09,2024-06-09 12:02,4001,Sales - Trading Goods,,372578.00,Sales inv CA/24-25/0020,SalesModule,ACCT-1,
SAL-00320,Sales,2024-06-09,2024-06-09 12:02,2401,GST Output Liability,,67064.04,GST output on CA/24-25/0020,SalesModule,ACCT-1,
SAL-00321,Sales,2024-11-20,2024-11-20 18:58,1201,Sundry Debtors,155472.08,,Customer 009 Retail inv CA/24-25/0021,SalesModule,ACCT-1,
SAL-00321,Sales,2024-11-20,2024-11-20 18:58,4001,Sales - Trading Goods,,131756.00,Sales inv CA/24-25/0021,SalesModule,ACCT-1,
SAL-00321,Sales,2024-11-20,2024-11-20 18:58,2401,GST Output Liability,,23716.08,GST output on CA/24-25/0021,SalesModule,ACCT-1,
SAL-00322,Sales,2024-09-30,2024-09-30 16:31,1201,Sundry Debtors,131638.44,,Customer 020 Retail inv CA/24-25/0022,SalesModule,ACCT-3,
SAL-00322,Sales,2024-09-30,2024-09-30 16:31,4001,Sales - Trading Goods,,111558.00,Sales inv CA/24-25/0022,SalesModule,ACCT-3,
SAL-00322,Sales,2024-09-30,2024-09-30 16:31,2401,GST Output Liability,,20080.44,GST output on CA/24-25/0022,SalesModule,ACCT-3,
SAL-00323,Sales,2025-01-27,2025-01-27 18:58,1201,Sundry Debtors,104306.10,,Customer 005 Retail inv CA/24-25/0023,SalesModule,ACCT-1,
SAL-00323,Sales,2025-01-27,2025-01-27 18:58,4001,Sales - Trading Goods,,88395.00,Sales inv CA/24-25/0023,SalesModule,ACCT-1,
SAL-00323,Sales,2025-01-27,2025-01-27 18:58,2401,GST Output Liability,,15911.10,GST output on CA/24-25/0023,SalesModule,ACCT-1,
SAL-00324,Sales,2025-03-27,2025-03-27 13:22,1201,Sundry Debtors,325427.48,,Customer 024 Retail inv CA/24-25/0024,SalesModule,ACCT-2,
SAL-00324,Sales,2025-03-27,2025-03-27 13:22,4001,Sales - Trading Goods,,275786.00,Sales inv CA/24-25/0024,SalesModule,ACCT-2,
SAL-00324,Sales,2025-03-27,2025-03-27 13:22,2401,GST Output Liability,,49641.48,GST output on CA/24-25/0024,SalesModule,ACCT-2,
SAL-00325,Sales,2025-03-22,2025-03-22 13:48,1201,Sundry Debtors,196538.44,,Customer 017 Retail inv CA/24-25/0025,SalesModule,ACCT-2,
SAL-00325,Sales,2025-03-22,2025-03-22 13:48,4001,Sales - Trading Goods,,166558.00,Sales inv CA/24-25/0025,SalesModule,ACCT-2,
SAL-00325,Sales,2025-03-22,2025-03-22 13:48,2401,GST Output Liability,,29980.44,GST output on CA/24-25/0025,SalesModule,ACCT-2,
SAL-00326,Sales,2024-11-06,2024-11-06 16:49,1201,Sundry Debtors,436928.04,,Customer 010 Retail inv CA/24-25/0026,SalesModule,ACCT-3,
SAL-00326,Sales,2024-11-06,2024-11-06 16:49,4001,Sales - Trading Goods,,370278.00,Sales inv CA/24-25/0026,SalesModule,ACCT-3,
SAL-00326,Sales,2024-11-06,2024-11-06 16:49,2401,GST Output Liability,,66650.04,GST output on CA/24-25/0026,SalesModule,ACCT-3,
SAL-00327,Sales,2024-11-12,2024-11-12 17:31,1201,Sundry Debtors,402175.86,,Customer 015 Retail inv CA/24-25/0027,SalesModule,ACCT-3,
SAL-00327,Sales,2024-11-12,2024-11-12 17:31,4001,Sales - Trading Goods,,340827.00,Sales inv CA/24-25/0027,SalesModule,ACCT-3,
SAL-00327,Sales,2024-11-12,2024-11-12 17:31,2401,GST Output Liability,,61348.86,GST output on CA/24-25/0027,SalesModule,ACCT-3,
SAL-00328,Sales,2024-10-03,2024-10-03 09:06,1201,Sundry Debtors,374907.24,,Customer 003 Retail inv CA/24-25/0028,SalesModule,ACCT-3,
SAL-00328,Sales,2024-10-03,2024-10-03 09:06,4001,Sales - Trading Goods,,317718.00,Sales inv CA/24-25/0028,SalesModule,ACCT-3,
SAL-00328,Sales,2024-10-03,2024-10-03 09:06,2401,GST Output Liability,,57189.24,GST output on CA/24-25/0028,SalesModule,ACCT-3,
SAL-00329,Sales,2024-05-03,2024-05-03 18:56,1201,Sundry Debtors,37017.78,,Customer 011 Retail inv CA/24-25/0029,SalesModule,ACCT-1,
SAL-00329,Sales,2024-05-03,2024-05-03 18:56,4001,Sales - Trading Goods,,31371.00,Sales inv CA/24-25/0029,SalesModule,ACCT-1,
SAL-00329,Sales,2024-05-03,2024-05-03 18:56,2401,GST Output Liability,,5646.78,GST output on CA/24-25/0029,SalesModule,ACCT-1,
SAL-00330,Sales,2025-03-15,2025-03-15 16:30,1201,Sundry Debtors,34815.90,,Customer 025 Retail inv CA/24-25/0030,SalesModule,ACCT-2,
SAL-00330,Sales,2025-03-15,2025-03-15 16:30,4001,Sales - Trading Goods,,29505.00,Sales inv CA/24-25/0030,SalesModule,ACCT-2,
SAL-00330,Sales,2025-03-15,2025-03-15 16:30,2401,GST Output Liability,,5310.90,GST output on CA/24-25/0030,SalesModule,ACCT-2,
SAL-00331,Sales,2024-09-19,2024-09-19 18:32,1201,Sundry Debtors,339260.62,,Customer 021 Retail inv CA/24-25/0031,SalesModule,ACCT-1,
SAL-00331,Sales,2024-09-19,2024-09-19 18:32,4001,Sales - Trading Goods,,287509.00,Sales inv CA/24-25/0031,SalesModule,ACCT-1,
SAL-00331,Sales,2024-09-19,2024-09-19 18:32,2401,GST Output Liability,,51751.62,GST output on CA/24-25/0031,SalesModule,ACCT-1,
SAL-00332,Sales,2025-03-02,2025-03-02 18:40,1201,Sundry Debtors,339041.14,,Customer 026 Retail inv CA/24-25/0032,SalesModule,ACCT-1,
SAL-00332,Sales,2025-03-02,2025-03-02 18:40,4001,Sales - Trading Goods,,287323.00,Sales inv CA/24-25/0032,SalesModule,ACCT-1,
SAL-00332,Sales,2025-03-02,2025-03-02 18:40,2401,GST Output Liability,,51718.14,GST output on CA/24-25/0032,SalesModule,ACCT-1,
SAL-00333,Sales,2024-09-08,2024-09-08 15:35,1201,Sundry Debtors,373752.02,,Customer 008 Retail inv CA/24-25/0033,SalesModule,ACCT-2,
SAL-00333,Sales,2024-09-08,2024-09-08 15:35,4001,Sales - Trading Goods,,316739.00,Sales inv CA/24-25/0033,SalesModule,ACCT-2,
SAL-00333,Sales,2024-09-08,2024-09-08 15:35,2401,GST Output Liability,,57013.02,GST output on CA/24-25/0033,SalesModule,ACCT-2,
SAL-00334,Sales,2024-07-25,2024-07-25 13:05,1201,Sundry Debtors,371310.60,,Customer 003 Retail inv CA/24-25/0034,SalesModule,ACCT-1,
SAL-00334,Sales,2024-07-25,2024-07-25 13:05,4001,Sales - Trading Goods,,314670.00,Sales inv CA/24-25/0034,SalesModule,ACCT-1,
SAL-00334,Sales,2024-07-25,2024-07-25 13:05,2401,GST Output Liability,,56640.60,GST output on CA/24-25/0034,SalesModule,ACCT-1,
SAL-00335,Sales,2024-10-13,2024-10-13 10:15,1201,Sundry Debtors,254778.52,,Customer 024 Retail inv CA/24-25/0035,SalesModule,ACCT-3,
SAL-00335,Sales,2024-10-13,2024-10-13 10:15,4001,Sales - Trading Goods,,215914.00,Sales inv CA/24-25/0035,SalesModule,ACCT-3,
SAL-00335,Sales,2024-10-13,2024-10-13 10:15,2401,GST Output Liability,,38864.52,GST output on CA/24-25/0035,SalesModule,ACCT-3,
SAL-00336,Sales,2024-10-16,2024-10-16 11:59,1201,Sundry Debtors,20994.56,,Customer 011 Retail inv CA/24-25/0036,SalesModule,ACCT-3,
SAL-00336,Sales,2024-10-16,2024-10-16 11:59,4001,Sales - Trading Goods,,17792.00,Sales inv CA/24-25/0036,SalesModule,ACCT-3,
SAL-00336,Sales,2024-10-16,2024-10-16 11:59,2401,GST Output Liability,,3202.56,GST output on CA/24-25/0036,SalesModule,ACCT-3,
SAL-00337,Sales,2024-11-20,2024-11-20 17:17,1201,Sundry Debtors,53779.68,,Customer 002 Retail inv CA/24-25/0037,SalesModule,ACCT-1,
SAL-00337,Sales,2024-11-20,2024-11-20 17:17,4001,Sales - Trading Goods,,45576.00,Sales inv CA/24-25/0037,SalesModule,ACCT-1,
SAL-00337,Sales,2024-11-20,2024-11-20 17:17,2401,GST Output Liability,,8203.68,GST output on CA/24-25/0037,SalesModule,ACCT-1,
SAL-00338,Sales,2024-06-11,2024-06-11 11:58,1201,Sundry Debtors,424035.36,,Customer 008 Retail inv CA/24-25/0038,SalesModule,ACCT-1,
SAL-00338,Sales,2024-06-11,2024-06-11 11:58,4001,Sales - Trading Goods,,359352.00,Sales inv CA/24-25/0038,SalesModule,ACCT-1,
SAL-00338,Sales,2024-06-11,2024-06-11 11:58,2401,GST Output Liability,,64683.36,GST output on CA/24-25/0038,SalesModule,ACCT-1,
SAL-00339,Sales,2025-01-22,2025-01-22 18:15,1201,Sundry Debtors,76777.88,,Customer 018 Retail inv CA/24-25/0039,SalesModule,ACCT-1,
SAL-00339,Sales,2025-01-22,2025-01-22 18:15,4001,Sales - Trading Goods,,65066.00,Sales inv CA/24-25/0039,SalesModule,ACCT-1,
SAL-00339,Sales,2025-01-22,2025-01-22 18:15,2401,GST Output Liability,,11711.88,GST output on CA/24-25/0039,SalesModule,ACCT-1,
SAL-00340,Sales,2024-11-08,2024-11-08 11:32,1201,Sundry Debtors,193144.76,,Customer 009 Retail inv CA/24-25/0040,SalesModule,ACCT-3,
SAL-00340,Sales,2024-11-08,2024-11-08 11:32,4001,Sales - Trading Goods,,163682.00,Sales inv CA/24-25/0040,SalesModule,ACCT-3,
SAL-00340,Sales,2024-11-08,2024-11-08 11:32,2401,GST Output Liability,,29462.76,GST output on CA/24-25/0040,SalesModule,ACCT-3,
SAL-00341,Sales,2024-06-15,2024-06-15 10:54,1201,Sundry Debtors,199916.78,,Customer 024 Retail inv CA/24-25/0041,SalesModule,ACCT-2,
SAL-00341,Sales,2024-06-15,2024-06-15 10:54,4001,Sales - Trading Goods,,169421.00,Sales inv CA/24-25/0041,SalesModule,ACCT-2,
SAL-00341,Sales,2024-06-15,2024-06-15 10:54,2401,GST Output Liability,,30495.78,GST output on CA/24-25/0041,SalesModule,ACCT-2,
SAL-00342,Sales,2024-11-02,2024-11-02 11:41,1201,Sundry Debtors,284306.84,,Customer 028 Retail inv CA/24-25/0042,SalesModule,ACCT-2,
SAL-00342,Sales,2024-11-02,2024-11-02 11:41,4001,Sales - Trading Goods,,240938.00,Sales inv CA/24-25/0042,SalesModule,ACCT-2,
SAL-00342,Sales,2024-11-02,2024-11-02 11:41,2401,GST Output Liability,,43368.84,GST output on CA/24-25/0042,SalesModule,ACCT-2,
SAL-00343,Sales,2024-10-20,2024-10-20 15:12,1201,Sundry Debtors,144571.24,,Customer 014 Retail inv CA/24-25/0043,SalesModule,ACCT-2,
SAL-00343,Sales,2024-10-20,2024-10-20 15:12,4001,Sales - Trading Goods,,122518.00,Sales inv CA/24-25/0043,SalesModule,ACCT-2,
SAL-00343,Sales,2024-10-20,2024-10-20 15:12,2401,GST Output Liability,,22053.24,GST output on CA/24-25/0043,SalesModule,ACCT-2,
SAL-00344,Sales,2024-04-15,2024-04-15 18:42,1201,Sundry Debtors,295633.66,,Customer 002 Retail inv CA/24-25/0044,SalesModule,ACCT-2,
SAL-00344,Sales,2024-04-15,2024-04-15 18:42,4001,Sales - Trading Goods,,250537.00,Sales inv CA/24-25/0044,SalesModule,ACCT-2,
SAL-00344,Sales,2024-04-15,2024-04-15 18:42,2401,GST Output Liability,,45096.66,GST output on CA/24-25/0044,SalesModule,ACCT-2,
SAL-00345,Sales,2024-09-08,2024-09-08 12:25,1201,Sundry Debtors,29301.76,,Customer 014 Retail inv CA/24-25/0045,SalesModule,ACCT-1,
SAL-00345,Sales,2024-09-08,2024-09-08 12:25,4001,Sales - Trading Goods,,24832.00,Sales inv CA/24-25/0045,SalesModule,ACCT-1,
SAL-00345,Sales,2024-09-08,2024-09-08 12:25,2401,GST Output Liability,,4469.76,GST output on CA/24-25/0045,SalesModule,ACCT-1,
SAL-00346,Sales,2024-04-23,2024-04-23 12:54,1201,Sundry Debtors,338879.48,,Customer 002 Retail inv CA/24-25/0046,SalesModule,ACCT-2,
SAL-00346,Sales,2024-04-23,2024-04-23 12:54,4001,Sales - Trading Goods,,287186.00,Sales inv CA/24-25/0046,SalesModule,ACCT-2,
SAL-00346,Sales,2024-04-23,2024-04-23 12:54,2401,GST Output Liability,,51693.48,GST output on CA/24-25/0046,SalesModule,ACCT-2,
SAL-00347,Sales,2025-01-25,2025-01-25 11:08,1201,Sundry Debtors,39777.80,,Customer 016 Retail inv CA/24-25/0047,SalesModule,ACCT-3,
SAL-00347,Sales,2025-01-25,2025-01-25 11:08,4001,Sales - Trading Goods,,33710.00,Sales inv CA/24-25/0047,SalesModule,ACCT-3,
SAL-00347,Sales,2025-01-25,2025-01-25 11:08,2401,GST Output Liability,,6067.80,GST output on CA/24-25/0047,SalesModule,ACCT-3,
SAL-00348,Sales,2024-09-04,2024-09-04 09:37,1201,Sundry Debtors,364415.86,,Customer 011 Retail inv CA/24-25/0048,SalesModule,ACCT-3,
SAL-00348,Sales,2024-09-04,2024-09-04 09:37,4001,Sales - Trading Goods,,308827.00,Sales inv CA/24-25/0048,SalesModule,ACCT-3,
SAL-00348,Sales,2024-09-04,2024-09-04 09:37,2401,GST Output Liability,,55588.86,GST output on CA/24-25/0048,SalesModule,ACCT-3,
SAL-00349,Sales,2024-05-16,2024-05-16 16:23,1201,Sundry Debtors,328891.96,,Customer 004 Retail inv CA/24-25/0049,SalesModule,ACCT-3,
SAL-00349,Sales,2024-05-16,2024-05-16 16:23,4001,Sales - Trading Goods,,278722.00,Sales inv CA/24-25/0049,SalesModule,ACCT-3,
SAL-00349,Sales,2024-05-16,2024-05-16 16:23,2401,GST Output Liability,,50169.96,GST output on CA/24-25/0049,SalesModule,ACCT-3,
SAL-00350,Sales,2024-12-15,2024-12-15 14:45,1201,Sundry Debtors,10017.02,,Customer 030 Retail inv CA/24-25/0050,SalesModule,ACCT-3,
SAL-00350,Sales,2024-12-15,2024-12-15 14:45,4001,Sales - Trading Goods,,8489.00,Sales inv CA/24-25/0050,SalesModule,ACCT-3,
SAL-00350,Sales,2024-12-15,2024-12-15 14:45,2401,GST Output Liability,,1528.02,GST output on CA/24-25/0050,SalesModule,ACCT-3,
SAL-00351,Sales,2024-04-08,2024-04-08 09:57,1201,Sundry Debtors,371645.72,,Customer 024 Retail inv CA/24-25/0051,SalesModule,ACCT-1,
SAL-00351,Sales,2024-04-08,2024-04-08 09:57,4001,Sales - Trading Goods,,314954.00,Sales inv CA/24-25/0051,SalesModule,ACCT-1,
SAL-00351,Sales,2024-04-08,2024-04-08 09:57,2401,GST Output Liability,,56691.72,GST output on CA/24-25/0051,SalesModule,ACCT-1,
SAL-00352,Sales,2024-04-19,2024-04-19 11:37,1201,Sundry Debtors,410513.74,,Customer 019 Retail inv CA/24-25/0052,SalesModule,ACCT-3,
SAL-00352,Sales,2024-04-19,2024-04-19 11:37,4001,Sales - Trading Goods,,347893.00,Sales inv CA/24-25/0052,SalesModule,ACCT-3,
SAL-00352,Sales,2024-04-19,2024-04-19 11:37,2401,GST Output Liability,,62620.74,GST output on CA/24-25/0052,SalesModule,ACCT-3,
SAL-00353,Sales,2024-06-04,2024-06-04 11:11,1201,Sundry Debtors,128897.30,,Customer 003 Retail inv CA/24-25/0053,SalesModule,ACCT-1,
SAL-00353,Sales,2024-06-04,2024-06-04 11:11,4001,Sales - Trading Goods,,109235.00,Sales inv CA/24-25/0053,SalesModule,ACCT-1,
SAL-00353,Sales,2024-06-04,2024-06-04 11:11,2401,GST Output Liability,,19662.30,GST output on CA/24-25/0053,SalesModule,ACCT-1,
SAL-00354,Sales,2024-07-05,2024-07-05 11:31,1201,Sundry Debtors,243266.44,,Customer 006 Retail inv CA/24-25/0054,SalesModule,ACCT-1,
SAL-00354,Sales,2024-07-05,2024-07-05 11:31,4001,Sales - Trading Goods,,206158.00,Sales inv CA/24-25/0054,SalesModule,ACCT-1,
SAL-00354,Sales,2024-07-05,2024-07-05 11:31,2401,GST Output Liability,,37108.44,GST output on CA/24-25/0054,SalesModule,ACCT-1,
SAL-00355,Sales,2024-07-14,2024-07-14 15:05,1201,Sundry Debtors,355405.38,,Customer 003 Retail inv CA/24-25/0055,SalesModule,ACCT-2,
SAL-00355,Sales,2024-07-14,2024-07-14 15:05,4001,Sales - Trading Goods,,301191.00,Sales inv CA/24-25/0055,SalesModule,ACCT-2,
SAL-00355,Sales,2024-07-14,2024-07-14 15:05,2401,GST Output Liability,,54214.38,GST output on CA/24-25/0055,SalesModule,ACCT-2,
SAL-00356,Sales,2024-08-05,2024-08-05 17:06,1201,Sundry Debtors,102661.18,,Customer 029 Retail inv CA/24-25/0056,SalesModule,ACCT-2,
SAL-00356,Sales,2024-08-05,2024-08-05 17:06,4001,Sales - Trading Goods,,87001.00,Sales inv CA/24-25/0056,SalesModule,ACCT-2,
SAL-00356,Sales,2024-08-05,2024-08-05 17:06,2401,GST Output Liability,,15660.18,GST output on CA/24-25/0056,SalesModule,ACCT-2,
SAL-00357,Sales,2024-11-30,2024-11-30 15:28,1201,Sundry Debtors,210280.72,,Customer 002 Retail inv CA/24-25/0057,SalesModule,ACCT-1,
SAL-00357,Sales,2024-11-30,2024-11-30 15:28,4001,Sales - Trading Goods,,178204.00,Sales inv CA/24-25/0057,SalesModule,ACCT-1,
SAL-00357,Sales,2024-11-30,2024-11-30 15:28,2401,GST Output Liability,,32076.72,GST output on CA/24-25/0057,SalesModule,ACCT-1,
SAL-00358,Sales,2025-02-14,2025-02-14 16:02,1201,Sundry Debtors,197355.00,,Customer 013 Retail inv CA/24-25/0058,SalesModule,ACCT-3,
SAL-00358,Sales,2025-02-14,2025-02-14 16:02,4001,Sales - Trading Goods,,167250.00,Sales inv CA/24-25/0058,SalesModule,ACCT-3,
SAL-00358,Sales,2025-02-14,2025-02-14 16:02,2401,GST Output Liability,,30105.00,GST output on CA/24-25/0058,SalesModule,ACCT-3,
SAL-00359,Sales,2024-06-06,2024-06-06 14:51,1201,Sundry Debtors,88894.12,,Customer 030 Retail inv CA/24-25/0059,SalesModule,ACCT-3,
SAL-00359,Sales,2024-06-06,2024-06-06 14:51,4001,Sales - Trading Goods,,75334.00,Sales inv CA/24-25/0059,SalesModule,ACCT-3,
SAL-00359,Sales,2024-06-06,2024-06-06 14:51,2401,GST Output Liability,,13560.12,GST output on CA/24-25/0059,SalesModule,ACCT-3,
SAL-00360,Sales,2025-02-03,2025-02-03 17:33,1201,Sundry Debtors,191418.42,,Customer 012 Retail inv CA/24-25/0060,SalesModule,ACCT-1,
SAL-00360,Sales,2025-02-03,2025-02-03 17:33,4001,Sales - Trading Goods,,162219.00,Sales inv CA/24-25/0060,SalesModule,ACCT-1,
SAL-00360,Sales,2025-02-03,2025-02-03 17:33,2401,GST Output Liability,,29199.42,GST output on CA/24-25/0060,SalesModule,ACCT-1,
SAL-00361,Sales,2024-05-29,2024-05-29 17:41,1201,Sundry Debtors,21293.10,,Customer 002 Retail inv CA/24-25/0061,SalesModule,ACCT-3,
SAL-00361,Sales,2024-05-29,2024-05-29 17:41,4001,Sales - Trading Goods,,18045.00,Sales inv CA/24-25/0061,SalesModule,ACCT-3,
SAL-00361,Sales,2024-05-29,2024-05-29 17:41,2401,GST Output Liability,,3248.10,GST output on CA/24-25/0061,SalesModule,ACCT-3,
SAL-00362,Sales,2024-04-03,2024-04-03 13:00,1201,Sundry Debtors,229108.80,,Customer 002 Retail inv CA/24-25/0062,SalesModule,ACCT-2,
SAL-00362,Sales,2024-04-03,2024-04-03 13:00,4001,Sales - Trading Goods,,194160.00,Sales inv CA/24-25/0062,SalesModule,ACCT-2,
SAL-00362,Sales,2024-04-03,2024-04-03 13:00,2401,GST Output Liability,,34948.80,GST output on CA/24-25/0062,SalesModule,ACCT-2,
SAL-00363,Sales,2025-03-30,2025-03-30 18:29,1201,Sundry Debtors,53659.32,,Customer 002 Retail inv CA/24-25/0063,SalesModule,ACCT-1,
SAL-00363,Sales,2025-03-30,2025-03-30 18:29,4001,Sales - Trading Goods,,45474.00,Sales inv CA/24-25/0063,SalesModule,ACCT-1,
SAL-00363,Sales,2025-03-30,2025-03-30 18:29,2401,GST Output Liability,,8185.32,GST output on CA/24-25/0063,SalesModule,ACCT-1,
SAL-00364,Sales,2024-07-16,2024-07-16 11:33,1201,Sundry Debtors,396916.60,,Customer 026 Retail inv CA/24-25/0064,SalesModule,ACCT-1,
SAL-00364,Sales,2024-07-16,2024-07-16 11:33,4001,Sales - Trading Goods,,336370.00,Sales inv CA/24-25/0064,SalesModule,ACCT-1,
SAL-00364,Sales,2024-07-16,2024-07-16 11:33,2401,GST Output Liability,,60546.60,GST output on CA/24-25/0064,SalesModule,ACCT-1,
SAL-00365,Sales,2024-12-18,2024-12-18 12:04,1201,Sundry Debtors,117238.90,,Customer 009 Retail inv CA/24-25/0065,SalesModule,ACCT-3,
SAL-00365,Sales,2024-12-18,2024-12-18 12:04,4001,Sales - Trading Goods,,99355.00,Sales inv CA/24-25/0065,SalesModule,ACCT-3,
SAL-00365,Sales,2024-12-18,2024-12-18 12:04,2401,GST Output Liability,,17883.90,GST output on CA/24-25/0065,SalesModule,ACCT-3,
SAL-00366,Sales,2025-02-02,2025-02-02 15:14,1201,Sundry Debtors,364068.94,,Customer 006 Retail inv CA/24-25/0066,SalesModule,ACCT-3,
SAL-00366,Sales,2025-02-02,2025-02-02 15:14,4001,Sales - Trading Goods,,308533.00,Sales inv CA/24-25/0066,SalesModule,ACCT-3,
SAL-00366,Sales,2025-02-02,2025-02-02 15:14,2401,GST Output Liability,,55535.94,GST output on CA/24-25/0066,SalesModule,ACCT-3,
SAL-00367,Sales,2024-07-03,2024-07-03 16:57,1201,Sundry Debtors,353379.32,,Customer 008 Retail inv CA/24-25/0067,SalesModule,ACCT-3,
SAL-00367,Sales,2024-07-03,2024-07-03 16:57,4001,Sales - Trading Goods,,299474.00,Sales inv CA/24-25/0067,SalesModule,ACCT-3,
SAL-00367,Sales,2024-07-03,2024-07-03 16:57,2401,GST Output Liability,,53905.32,GST output on CA/24-25/0067,SalesModule,ACCT-3,
SAL-00368,Sales,2025-03-13,2025-03-13 12:33,1201,Sundry Debtors,249070.86,,Customer 023 Retail inv CA/24-25/0068,SalesModule,ACCT-1,
SAL-00368,Sales,2025-03-13,2025-03-13 12:33,4001,Sales - Trading Goods,,211077.00,Sales inv CA/24-25/0068,SalesModule,ACCT-1,
SAL-00368,Sales,2025-03-13,2025-03-13 12:33,2401,GST Output Liability,,37993.86,GST output on CA/24-25/0068,SalesModule,ACCT-1,
SAL-00369,Sales,2025-03-04,2025-03-04 14:49,1201,Sundry Debtors,146268.08,,Customer 029 Retail inv CA/24-25/0069,SalesModule,ACCT-2,
SAL-00369,Sales,2025-03-04,2025-03-04 14:49,4001,Sales - Trading Goods,,123956.00,Sales inv CA/24-25/0069,SalesModule,ACCT-2,
SAL-00369,Sales,2025-03-04,2025-03-04 14:49,2401,GST Output Liability,,22312.08,GST output on CA/24-25/0069,SalesModule,ACCT-2,
SAL-00370,Sales,2024-12-18,2024-12-18 15:53,1201,Sundry Debtors,300796.16,,Customer 011 Retail inv CA/24-25/0070,SalesModule,ACCT-1,
SAL-00370,Sales,2024-12-18,2024-12-18 15:53,4001,Sales - Trading Goods,,254912.00,Sales inv CA/24-25/0070,SalesModule,ACCT-1,
SAL-00370,Sales,2024-12-18,2024-12-18 15:53,2401,GST Output Liability,,45884.16,GST output on CA/24-25/0070,SalesModule,ACCT-1,
SAL-00371,Sales,2025-03-09,2025-03-09 14:03,1201,Sundry Debtors,259033.60,,Customer 009 Retail inv CA/24-25/0071,SalesModule,ACCT-2,
SAL-00371,Sales,2025-03-09,2025-03-09 14:03,4001,Sales - Trading Goods,,219520.00,Sales inv CA/24-25/0071,SalesModule,ACCT-2,
SAL-00371,Sales,2025-03-09,2025-03-09 14:03,2401,GST Output Liability,,39513.60,GST output on CA/24-25/0071,SalesModule,ACCT-2,
SAL-00372,Sales,2024-09-02,2024-09-02 17:16,1201,Sundry Debtors,37558.22,,Customer 024 Retail inv CA/24-25/0072,SalesModule,ACCT-2,
SAL-00372,Sales,2024-09-02,2024-09-02 17:16,4001,Sales - Trading Goods,,31829.00,Sales inv CA/24-25/0072,SalesModule,ACCT-2,
SAL-00372,Sales,2024-09-02,2024-09-02 17:16,2401,GST Output Liability,,5729.22,GST output on CA/24-25/0072,SalesModule,ACCT-2,
SAL-00373,Sales,2025-02-05,2025-02-05 18:55,1201,Sundry Debtors,23340.40,,Customer 021 Retail inv CA/24-25/0073,SalesModule,ACCT-2,
SAL-00373,Sales,2025-02-05,2025-02-05 18:55,4001,Sales - Trading Goods,,19780.00,Sales inv CA/24-25/0073,SalesModule,ACCT-2,
SAL-00373,Sales,2025-02-05,2025-02-05 18:55,2401,GST Output Liability,,3560.40,GST output on CA/24-25/0073,SalesModule,ACCT-2,
SAL-00374,Sales,2024-05-21,2024-05-21 11:59,1201,Sundry Debtors,427950.60,,Customer 015 Retail inv CA/24-25/0074,SalesModule,ACCT-1,
SAL-00374,Sales,2024-05-21,2024-05-21 11:59,4001,Sales - Trading Goods,,362670.00,Sales inv CA/24-25/0074,SalesModule,ACCT-1,
SAL-00374,Sales,2024-05-21,2024-05-21 11:59,2401,GST Output Liability,,65280.60,GST output on CA/24-25/0074,SalesModule,ACCT-1,
SAL-00375,Sales,2024-04-08,2024-04-08 14:27,1201,Sundry Debtors,200568.14,,Customer 020 Retail inv CA/24-25/0075,SalesModule,ACCT-2,
SAL-00375,Sales,2024-04-08,2024-04-08 14:27,4001,Sales - Trading Goods,,169973.00,Sales inv CA/24-25/0075,SalesModule,ACCT-2,
SAL-00375,Sales,2024-04-08,2024-04-08 14:27,2401,GST Output Liability,,30595.14,GST output on CA/24-25/0075,SalesModule,ACCT-2,
SAL-00376,Sales,2024-10-12,2024-10-12 13:31,1201,Sundry Debtors,301648.12,,Customer 013 Retail inv CA/24-25/0076,SalesModule,ACCT-3,
SAL-00376,Sales,2024-10-12,2024-10-12 13:31,4001,Sales - Trading Goods,,255634.00,Sales inv CA/24-25/0076,SalesModule,ACCT-3,
SAL-00376,Sales,2024-10-12,2024-10-12 13:31,2401,GST Output Liability,,46014.12,GST output on CA/24-25/0076,SalesModule,ACCT-3,
SAL-00377,Sales,2024-11-10,2024-11-10 12:46,1201,Sundry Debtors,392603.70,,Customer 019 Retail inv CA/24-25/0077,SalesModule,ACCT-3,
SAL-00377,Sales,2024-11-10,2024-11-10 12:46,4001,Sales - Trading Goods,,332715.00,Sales inv CA/24-25/0077,SalesModule,ACCT-3,
SAL-00377,Sales,2024-11-10,2024-11-10 12:46,2401,GST Output Liability,,59888.70,GST output on CA/24-25/0077,SalesModule,ACCT-3,
SAL-00378,Sales,2025-03-08,2025-03-08 13:37,1201,Sundry Debtors,444733.74,,Customer 008 Retail inv CA/24-25/0078,SalesModule,ACCT-3,
SAL-00378,Sales,2025-03-08,2025-03-08 13:37,4001,Sales - Trading Goods,,376893.00,Sales inv CA/24-25/0078,SalesModule,ACCT-3,
SAL-00378,Sales,2025-03-08,2025-03-08 13:37,2401,GST Output Liability,,67840.74,GST output on CA/24-25/0078,SalesModule,ACCT-3,
SAL-00379,Sales,2024-07-18,2024-07-18 10:58,1201,Sundry Debtors,81615.88,,Customer 005 Retail inv CA/24-25/0079,SalesModule,ACCT-3,
SAL-00379,Sales,2024-07-18,2024-07-18 10:58,4001,Sales - Trading Goods,,69166.00,Sales inv CA/24-25/0079,SalesModule,ACCT-3,
SAL-00379,Sales,2024-07-18,2024-07-18 10:58,2401,GST Output Liability,,12449.88,GST output on CA/24-25/0079,SalesModule,ACCT-3,
SAL-00380,Sales,2024-10-23,2024-10-23 17:12,1201,Sundry Debtors,101890.64,,Customer 009 Retail inv CA/24-25/0080,SalesModule,ACCT-3,
SAL-00380,Sales,2024-10-23,2024-10-23 17:12,4001,Sales - Trading Goods,,86348.00,Sales inv CA/24-25/0080,SalesModule,ACCT-3,
SAL-00380,Sales,2024-10-23,2024-10-23 17:12,2401,GST Output Liability,,15542.64,GST output on CA/24-25/0080,SalesModule,ACCT-3,
SAL-00381,Sales,2024-10-21,2024-10-21 11:39,1201,Sundry Debtors,416151.78,,Customer 020 Retail inv CA/24-25/0081,SalesModule,ACCT-1,
SAL-00381,Sales,2024-10-21,2024-10-21 11:39,4001,Sales - Trading Goods,,352671.00,Sales inv CA/24-25/0081,SalesModule,ACCT-1,
SAL-00381,Sales,2024-10-21,2024-10-21 11:39,2401,GST Output Liability,,63480.78,GST output on CA/24-25/0081,SalesModule,ACCT-1,
SAL-00382,Sales,2024-08-12,2024-08-12 12:22,1201,Sundry Debtors,327969.20,,Customer 020 Retail inv CA/24-25/0082,SalesModule,ACCT-3,
SAL-00382,Sales,2024-08-12,2024-08-12 12:22,4001,Sales - Trading Goods,,277940.00,Sales inv CA/24-25/0082,SalesModule,ACCT-3,
SAL-00382,Sales,2024-08-12,2024-08-12 12:22,2401,GST Output Liability,,50029.20,GST output on CA/24-25/0082,SalesModule,ACCT-3,
SAL-00383,Sales,2025-02-12,2025-02-12 12:51,1201,Sundry Debtors,3562.42,,Customer 013 Retail inv CA/24-25/0083,SalesModule,ACCT-1,
SAL-00383,Sales,2025-02-12,2025-02-12 12:51,4001,Sales - Trading Goods,,3019.00,Sales inv CA/24-25/0083,SalesModule,ACCT-1,
SAL-00383,Sales,2025-02-12,2025-02-12 12:51,2401,GST Output Liability,,543.42,GST output on CA/24-25/0083,SalesModule,ACCT-1,
SAL-00384,Sales,2025-01-16,2025-01-16 14:33,1201,Sundry Debtors,19870.02,,Customer 024 Retail inv CA/24-25/0084,SalesModule,ACCT-2,
SAL-00384,Sales,2025-01-16,2025-01-16 14:33,4001,Sales - Trading Goods,,16839.00,Sales inv CA/24-25/0084,SalesModule,ACCT-2,
SAL-00384,Sales,2025-01-16,2025-01-16 14:33,2401,GST Output Liability,,3031.02,GST output on CA/24-25/0084,SalesModule,ACCT-2,
SAL-00385,Sales,2025-03-13,2025-03-13 17:23,1201,Sundry Debtors,218091.14,,Customer 005 Retail inv CA/24-25/0085,SalesModule,ACCT-2,
SAL-00385,Sales,2025-03-13,2025-03-13 17:23,4001,Sales - Trading Goods,,184823.00,Sales inv CA/24-25/0085,SalesModule,ACCT-2,
SAL-00385,Sales,2025-03-13,2025-03-13 17:23,2401,GST Output Liability,,33268.14,GST output on CA/24-25/0085,SalesModule,ACCT-2,
SAL-00386,Sales,2024-10-22,2024-10-22 17:03,1201,Sundry Debtors,410491.32,,Customer 025 Retail inv CA/24-25/0086,SalesModule,ACCT-2,
SAL-00386,Sales,2024-10-22,2024-10-22 17:03,4001,Sales - Trading Goods,,347874.00,Sales inv CA/24-25/0086,SalesModule,ACCT-2,
SAL-00386,Sales,2024-10-22,2024-10-22 17:03,2401,GST Output Liability,,62617.32,GST output on CA/24-25/0086,SalesModule,ACCT-2,
SAL-00387,Sales,2025-01-16,2025-01-16 09:52,1201,Sundry Debtors,352456.56,,Customer 014 Retail inv CA/24-25/0087,SalesModule,ACCT-3,
SAL-00387,Sales,2025-01-16,2025-01-16 09:52,4001,Sales - Trading Goods,,298692.00,Sales inv CA/24-25/0087,SalesModule,ACCT-3,
SAL-00387,Sales,2025-01-16,2025-01-16 09:52,2401,GST Output Liability,,53764.56,GST output on CA/24-25/0087,SalesModule,ACCT-3,
SAL-00388,Sales,2024-05-20,2024-05-20 10:08,1201,Sundry Debtors,53543.68,,Customer 011 Retail inv CA/24-25/0088,SalesModule,ACCT-1,
SAL-00388,Sales,2024-05-20,2024-05-20 10:08,4001,Sales - Trading Goods,,45376.00,Sales inv CA/24-25/0088,SalesModule,ACCT-1,
SAL-00388,Sales,2024-05-20,2024-05-20 10:08,2401,GST Output Liability,,8167.68,GST output on CA/24-25/0088,SalesModule,ACCT-1,
SAL-00389,Sales,2025-03-15,2025-03-15 13:56,1201,Sundry Debtors,341403.50,,Customer 022 Retail inv CA/24-25/0089,SalesModule,ACCT-2,
SAL-00389,Sales,2025-03-15,2025-03-15 13:56,4001,Sales - Trading Goods,,289325.00,Sales inv CA/24-25/0089,SalesModule,ACCT-2,
SAL-00389,Sales,2025-03-15,2025-03-15 13:56,2401,GST Output Liability,,52078.50,GST output on CA/24-25/0089,SalesModule,ACCT-2,
SAL-00390,Sales,2024-08-30,2024-08-30 15:42,1201,Sundry Debtors,14667.40,,Customer 001 Retail inv CA/24-25/0090,SalesModule,ACCT-1,
SAL-00390,Sales,2024-08-30,2024-08-30 15:42,4001,Sales - Trading Goods,,12430.00,Sales inv CA/24-25/0090,SalesModule,ACCT-1,
SAL-00390,Sales,2024-08-30,2024-08-30 15:42,2401,GST Output Liability,,2237.40,GST output on CA/24-25/0090,SalesModule,ACCT-1,
SAL-00391,Sales,2025-01-24,2025-01-24 15:52,1201,Sundry Debtors,149118.96,,Customer 006 Retail inv CA/24-25/0091,SalesModule,ACCT-1,
SAL-00391,Sales,2025-01-24,2025-01-24 15:52,4001,Sales - Trading Goods,,126372.00,Sales inv CA/24-25/0091,SalesModule,ACCT-1,
SAL-00391,Sales,2025-01-24,2025-01-24 15:52,2401,GST Output Liability,,22746.96,GST output on CA/24-25/0091,SalesModule,ACCT-1,
SAL-00392,Sales,2024-10-01,2024-10-01 10:18,1201,Sundry Debtors,347232.70,,Customer 029 Retail inv CA/24-25/0092,SalesModule,ACCT-1,
SAL-00392,Sales,2024-10-01,2024-10-01 10:18,4001,Sales - Trading Goods,,294265.00,Sales inv CA/24-25/0092,SalesModule,ACCT-1,
SAL-00392,Sales,2024-10-01,2024-10-01 10:18,2401,GST Output Liability,,52967.70,GST output on CA/24-25/0092,SalesModule,ACCT-1,
SAL-00393,Sales,2025-02-05,2025-02-05 15:31,1201,Sundry Debtors,408086.48,,Customer 017 Retail inv CA/24-25/0093,SalesModule,ACCT-1,
SAL-00393,Sales,2025-02-05,2025-02-05 15:31,4001,Sales - Trading Goods,,345836.00,Sales inv CA/24-25/0093,SalesModule,ACCT-1,
SAL-00393,Sales,2025-02-05,2025-02-05 15:31,2401,GST Output Liability,,62250.48,GST output on CA/24-25/0093,SalesModule,ACCT-1,
SAL-00394,Sales,2024-04-18,2024-04-18 10:06,1201,Sundry Debtors,84871.50,,Customer 011 Retail inv CA/24-25/0094,SalesModule,ACCT-2,
SAL-00394,Sales,2024-04-18,2024-04-18 10:06,4001,Sales - Trading Goods,,71925.00,Sales inv CA/24-25/0094,SalesModule,ACCT-2,
SAL-00394,Sales,2024-04-18,2024-04-18 10:06,2401,GST Output Liability,,12946.50,GST output on CA/24-25/0094,SalesModule,ACCT-2,
SAL-00395,Sales,2024-07-27,2024-07-27 11:43,1201,Sundry Debtors,26001.30,,Customer 017 Retail inv CA/24-25/0095,SalesModule,ACCT-2,
SAL-00395,Sales,2024-07-27,2024-07-27 11:43,4001,Sales - Trading Goods,,22035.00,Sales inv CA/24-25/0095,SalesModule,ACCT-2,
SAL-00395,Sales,2024-07-27,2024-07-27 11:43,2401,GST Output Liability,,3966.30,GST output on CA/24-25/0095,SalesModule,ACCT-2,
SAL-00396,Sales,2024-11-24,2024-11-24 16:58,1201,Sundry Debtors,250623.74,,Customer 023 Retail inv CA/24-25/0096,SalesModule,ACCT-3,
SAL-00396,Sales,2024-11-24,2024-11-24 16:58,4001,Sales - Trading Goods,,212393.00,Sales inv CA/24-25/0096,SalesModule,ACCT-3,
SAL-00396,Sales,2024-11-24,2024-11-24 16:58,2401,GST Output Liability,,38230.74,GST output on CA/24-25/0096,SalesModule,ACCT-3,
SAL-00397,Sales,2024-05-29,2024-05-29 14:07,1201,Sundry Debtors,217706.46,,Customer 018 Retail inv CA/24-25/0097,SalesModule,ACCT-3,
SAL-00397,Sales,2024-05-29,2024-05-29 14:07,4001,Sales - Trading Goods,,184497.00,Sales inv CA/24-25/0097,SalesModule,ACCT-3,
SAL-00397,Sales,2024-05-29,2024-05-29 14:07,2401,GST Output Liability,,33209.46,GST output on CA/24-25/0097,SalesModule,ACCT-3,
SAL-00398,Sales,2024-11-10,2024-11-10 16:25,1201,Sundry Debtors,266963.20,,Customer 027 Retail inv CA/24-25/0098,SalesModule,ACCT-3,
SAL-00398,Sales,2024-11-10,2024-11-10 16:25,4001,Sales - Trading Goods,,226240.00,Sales inv CA/24-25/0098,SalesModule,ACCT-3,
SAL-00398,Sales,2024-11-10,2024-11-10 16:25,2401,GST Output Liability,,40723.20,GST output on CA/24-25/0098,SalesModule,ACCT-3,
SAL-00399,Sales,2025-03-09,2025-03-09 11:51,1201,Sundry Debtors,376200.52,,Customer 024 Retail inv CA/24-25/0099,SalesModule,ACCT-3,
SAL-00399,Sales,2025-03-09,2025-03-09 11:51,4001,Sales - Trading Goods,,318814.00,Sales inv CA/24-25/0099,SalesModule,ACCT-3,
SAL-00399,Sales,2025-03-09,2025-03-09 11:51,2401,GST Output Liability,,57386.52,GST output on CA/24-25/0099,SalesModule,ACCT-3,
SAL-00400,Sales,2024-04-24,2024-04-24 18:41,1201,Sundry Debtors,333796.04,,Customer 030 Retail inv CA/24-25/0100,SalesModule,ACCT-2,
SAL-00400,Sales,2024-04-24,2024-04-24 18:41,4001,Sales - Trading Goods,,282878.00,Sales inv CA/24-25/0100,SalesModule,ACCT-2,
SAL-00400,Sales,2024-04-24,2024-04-24 18:41,2401,GST Output Liability,,50918.04,GST output on CA/24-25/0100,SalesModule,ACCT-2,
SAL-00401,Sales,2024-12-20,2024-12-20 14:53,1201,Sundry Debtors,32576.26,,Customer 026 Retail inv CA/24-25/0101,SalesModule,ACCT-2,
SAL-00401,Sales,2024-12-20,2024-12-20 14:53,4001,Sales - Trading Goods,,27607.00,Sales inv CA/24-25/0101,SalesModule,ACCT-2,
SAL-00401,Sales,2024-12-20,2024-12-20 14:53,2401,GST Output Liability,,4969.26,GST output on CA/24-25/0101,SalesModule,ACCT-2,
SAL-00402,Sales,2024-05-20,2024-05-20 09:37,1201,Sundry Debtors,442233.32,,Customer 007 Retail inv CA/24-25/0102,SalesModule,ACCT-1,
SAL-00402,Sales,2024-05-20,2024-05-20 09:37,4001,Sales - Trading Goods,,374774.00,Sales inv CA/24-25/0102,SalesModule,ACCT-1,
SAL-00402,Sales,2024-05-20,2024-05-20 09:37,2401,GST Output Liability,,67459.32,GST output on CA/24-25/0102,SalesModule,ACCT-1,
SAL-00403,Sales,2025-02-22,2025-02-22 10:58,1201,Sundry Debtors,115383.94,,Customer 015 Retail inv CA/24-25/0103,SalesModule,ACCT-2,
SAL-00403,Sales,2025-02-22,2025-02-22 10:58,4001,Sales - Trading Goods,,97783.00,Sales inv CA/24-25/0103,SalesModule,ACCT-2,
SAL-00403,Sales,2025-02-22,2025-02-22 10:58,2401,GST Output Liability,,17600.94,GST output on CA/24-25/0103,SalesModule,ACCT-2,
SAL-00404,Sales,2024-12-16,2024-12-16 17:50,1201,Sundry Debtors,263307.56,,Customer 009 Retail inv CA/24-25/0104,SalesModule,ACCT-1,
SAL-00404,Sales,2024-12-16,2024-12-16 17:50,4001,Sales - Trading Goods,,223142.00,Sales inv CA/24-25/0104,SalesModule,ACCT-1,
SAL-00404,Sales,2024-12-16,2024-12-16 17:50,2401,GST Output Liability,,40165.56,GST output on CA/24-25/0104,SalesModule,ACCT-1,
SAL-00405,Sales,2024-05-19,2024-05-19 11:51,1201,Sundry Debtors,296862.04,,Customer 003 Retail inv CA/24-25/0105,SalesModule,ACCT-2,
SAL-00405,Sales,2024-05-19,2024-05-19 11:51,4001,Sales - Trading Goods,,251578.00,Sales inv CA/24-25/0105,SalesModule,ACCT-2,
SAL-00405,Sales,2024-05-19,2024-05-19 11:51,2401,GST Output Liability,,45284.04,GST output on CA/24-25/0105,SalesModule,ACCT-2,
SAL-00406,Sales,2024-08-11,2024-08-11 16:38,1201,Sundry Debtors,293777.52,,Customer 001 Retail inv CA/24-25/0106,SalesModule,ACCT-1,
SAL-00406,Sales,2024-08-11,2024-08-11 16:38,4001,Sales - Trading Goods,,248964.00,Sales inv CA/24-25/0106,SalesModule,ACCT-1,
SAL-00406,Sales,2024-08-11,2024-08-11 16:38,2401,GST Output Liability,,44813.52,GST output on CA/24-25/0106,SalesModule,ACCT-1,
SAL-00407,Sales,2024-08-02,2024-08-02 16:17,1201,Sundry Debtors,233016.96,,Customer 028 Retail inv CA/24-25/0107,SalesModule,ACCT-3,
SAL-00407,Sales,2024-08-02,2024-08-02 16:17,4001,Sales - Trading Goods,,197472.00,Sales inv CA/24-25/0107,SalesModule,ACCT-3,
SAL-00407,Sales,2024-08-02,2024-08-02 16:17,2401,GST Output Liability,,35544.96,GST output on CA/24-25/0107,SalesModule,ACCT-3,
SAL-00408,Sales,2024-08-25,2024-08-25 17:24,1201,Sundry Debtors,225048.42,,Customer 011 Retail inv CA/24-25/0108,SalesModule,ACCT-3,
SAL-00408,Sales,2024-08-25,2024-08-25 17:24,4001,Sales - Trading Goods,,190719.00,Sales inv CA/24-25/0108,SalesModule,ACCT-3,
SAL-00408,Sales,2024-08-25,2024-08-25 17:24,2401,GST Output Liability,,34329.42,GST output on CA/24-25/0108,SalesModule,ACCT-3,
SAL-00409,Sales,2025-02-10,2025-02-10 11:36,1201,Sundry Debtors,78211.58,,Customer 028 Retail inv CA/24-25/0109,SalesModule,ACCT-3,
SAL-00409,Sales,2025-02-10,2025-02-10 11:36,4001,Sales - Trading Goods,,66281.00,Sales inv CA/24-25/0109,SalesModule,ACCT-3,
SAL-00409,Sales,2025-02-10,2025-02-10 11:36,2401,GST Output Liability,,11930.58,GST output on CA/24-25/0109,SalesModule,ACCT-3,
SAL-00410,Sales,2025-01-10,2025-01-10 13:03,1201,Sundry Debtors,87239.76,,Customer 003 Retail inv CA/24-25/0110,SalesModule,ACCT-2,
SAL-00410,Sales,2025-01-10,2025-01-10 13:03,4001,Sales - Trading Goods,,73932.00,Sales inv CA/24-25/0110,SalesModule,ACCT-2,
SAL-00410,Sales,2025-01-10,2025-01-10 13:03,2401,GST Output Liability,,13307.76,GST output on CA/24-25/0110,SalesModule,ACCT-2,
SAL-00411,Sales,2024-07-07,2024-07-07 11:34,1201,Sundry Debtors,104234.12,,Customer 030 Retail inv CA/24-25/0111,SalesModule,ACCT-1,
SAL-00411,Sales,2024-07-07,2024-07-07 11:34,4001,Sales - Trading Goods,,88334.00,Sales inv CA/24-25/0111,SalesModule,ACCT-1,
SAL-00411,Sales,2024-07-07,2024-07-07 11:34,2401,GST Output Liability,,15900.12,GST output on CA/24-25/0111,SalesModule,ACCT-1,
SAL-00412,Sales,2025-03-11,2025-03-11 15:12,1201,Sundry Debtors,401741.62,,Customer 016 Retail inv CA/24-25/0112,SalesModule,ACCT-2,
SAL-00412,Sales,2025-03-11,2025-03-11 15:12,4001,Sales - Trading Goods,,340459.00,Sales inv CA/24-25/0112,SalesModule,ACCT-2,
SAL-00412,Sales,2025-03-11,2025-03-11 15:12,2401,GST Output Liability,,61282.62,GST output on CA/24-25/0112,SalesModule,ACCT-2,
SAL-00413,Sales,2024-10-26,2024-10-26 15:50,1201,Sundry Debtors,98938.28,,Customer 007 Retail inv CA/24-25/0113,SalesModule,ACCT-3,
SAL-00413,Sales,2024-10-26,2024-10-26 15:50,4001,Sales - Trading Goods,,83846.00,Sales inv CA/24-25/0113,SalesModule,ACCT-3,
SAL-00413,Sales,2024-10-26,2024-10-26 15:50,2401,GST Output Liability,,15092.28,GST output on CA/24-25/0113,SalesModule,ACCT-3,
SAL-00414,Sales,2024-11-15,2024-11-15 09:33,1201,Sundry Debtors,91892.50,,Customer 018 Retail inv CA/24-25/0114,SalesModule,ACCT-1,
SAL-00414,Sales,2024-11-15,2024-11-15 09:33,4001,Sales - Trading Goods,,77875.00,Sales inv CA/24-25/0114,SalesModule,ACCT-1,
SAL-00414,Sales,2024-11-15,2024-11-15 09:33,2401,GST Output Liability,,14017.50,GST output on CA/24-25/0114,SalesModule,ACCT-1,
SAL-00415,Sales,2025-03-14,2025-03-14 13:45,1201,Sundry Debtors,53251.04,,Customer 005 Retail inv CA/24-25/0115,SalesModule,ACCT-1,
SAL-00415,Sales,2025-03-14,2025-03-14 13:45,4001,Sales - Trading Goods,,45128.00,Sales inv CA/24-25/0115,SalesModule,ACCT-1,
SAL-00415,Sales,2025-03-14,2025-03-14 13:45,2401,GST Output Liability,,8123.04,GST output on CA/24-25/0115,SalesModule,ACCT-1,
SAL-00416,Sales,2024-09-03,2024-09-03 17:41,1201,Sundry Debtors,123911.80,,Customer 028 Retail inv CA/24-25/0116,SalesModule,ACCT-3,
SAL-00416,Sales,2024-09-03,2024-09-03 17:41,4001,Sales - Trading Goods,,105010.00,Sales inv CA/24-25/0116,SalesModule,ACCT-3,
SAL-00416,Sales,2024-09-03,2024-09-03 17:41,2401,GST Output Liability,,18901.80,GST output on CA/24-25/0116,SalesModule,ACCT-3,
SAL-00417,Sales,2024-04-04,2024-04-04 11:45,1201,Sundry Debtors,352004.62,,Customer 027 Retail inv CA/24-25/0117,SalesModule,ACCT-2,
SAL-00417,Sales,2024-04-04,2024-04-04 11:45,4001,Sales - Trading Goods,,298309.00,Sales inv CA/24-25/0117,SalesModule,ACCT-2,
SAL-00417,Sales,2024-04-04,2024-04-04 11:45,2401,GST Output Liability,,53695.62,GST output on CA/24-25/0117,SalesModule,ACCT-2,
SAL-00418,Sales,2024-07-07,2024-07-07 18:47,1201,Sundry Debtors,124838.10,,Customer 028 Retail inv CA/24-25/0118,SalesModule,ACCT-1,
SAL-00418,Sales,2024-07-07,2024-07-07 18:47,4001,Sales - Trading Goods,,105795.00,Sales inv CA/24-25/0118,SalesModule,ACCT-1,
SAL-00418,Sales,2024-07-07,2024-07-07 18:47,2401,GST Output Liability,,19043.10,GST output on CA/24-25/0118,SalesModule,ACCT-1,
SAL-00419,Sales,2024-07-04,2024-07-04 10:48,1201,Sundry Debtors,439266.80,,Customer 022 Retail inv CA/24-25/0119,SalesModule,ACCT-3,
SAL-00419,Sales,2024-07-04,2024-07-04 10:48,4001,Sales - Trading Goods,,372260.00,Sales inv CA/24-25/0119,SalesModule,ACCT-3,
SAL-00419,Sales,2024-07-04,2024-07-04 10:48,2401,GST Output Liability,,67006.80,GST output on CA/24-25/0119,SalesModule,ACCT-3,
SAL-00420,Sales,2024-11-04,2024-11-04 09:04,1201,Sundry Debtors,325427.48,,Customer 018 Retail inv CA/24-25/0120,SalesModule,ACCT-3,
SAL-00420,Sales,2024-11-04,2024-11-04 09:04,4001,Sales - Trading Goods,,275786.00,Sales inv CA/24-25/0120,SalesModule,ACCT-3,
SAL-00420,Sales,2024-11-04,2024-11-04 09:04,2401,GST Output Liability,,49641.48,GST output on CA/24-25/0120,SalesModule,ACCT-3,
SAL-00421,Sales,2024-08-06,2024-08-06 16:23,1201,Sundry Debtors,162452.96,,Customer 021 Retail inv CA/24-25/0121,SalesModule,ACCT-1,
SAL-00421,Sales,2024-08-06,2024-08-06 16:23,4001,Sales - Trading Goods,,137672.00,Sales inv CA/24-25/0121,SalesModule,ACCT-1,
SAL-00421,Sales,2024-08-06,2024-08-06 16:23,2401,GST Output Liability,,24780.96,GST output on CA/24-25/0121,SalesModule,ACCT-1,
SAL-00422,Sales,2025-03-03,2025-03-03 12:53,1201,Sundry Debtors,434465.38,,Customer 006 Retail inv CA/24-25/0122,SalesModule,ACCT-1,
SAL-00422,Sales,2025-03-03,2025-03-03 12:53,4001,Sales - Trading Goods,,368191.00,Sales inv CA/24-25/0122,SalesModule,ACCT-1,
SAL-00422,Sales,2025-03-03,2025-03-03 12:53,2401,GST Output Liability,,66274.38,GST output on CA/24-25/0122,SalesModule,ACCT-1,
SAL-00423,Sales,2025-01-10,2025-01-10 17:44,1201,Sundry Debtors,157315.24,,Customer 025 Retail inv CA/24-25/0123,SalesModule,ACCT-2,
SAL-00423,Sales,2025-01-10,2025-01-10 17:44,4001,Sales - Trading Goods,,133318.00,Sales inv CA/24-25/0123,SalesModule,ACCT-2,
SAL-00423,Sales,2025-01-10,2025-01-10 17:44,2401,GST Output Liability,,23997.24,GST output on CA/24-25/0123,SalesModule,ACCT-2,
SAL-00424,Sales,2024-05-13,2024-05-13 11:47,1201,Sundry Debtors,52658.68,,Customer 003 Retail inv CA/24-25/0124,SalesModule,ACCT-2,
SAL-00424,Sales,2024-05-13,2024-05-13 11:47,4001,Sales - Trading Goods,,44626.00,Sales inv CA/24-25/0124,SalesModule,ACCT-2,
SAL-00424,Sales,2024-05-13,2024-05-13 11:47,2401,GST Output Liability,,8032.68,GST output on CA/24-25/0124,SalesModule,ACCT-2,
SAL-00425,Sales,2024-10-19,2024-10-19 09:32,1201,Sundry Debtors,65799.16,,Customer 002 Retail inv CA/24-25/0125,SalesModule,ACCT-3,
SAL-00425,Sales,2024-10-19,2024-10-19 09:32,4001,Sales - Trading Goods,,55762.00,Sales inv CA/24-25/0125,SalesModule,ACCT-3,
SAL-00425,Sales,2024-10-19,2024-10-19 09:32,2401,GST Output Liability,,10037.16,GST output on CA/24-25/0125,SalesModule,ACCT-3,
SAL-00426,Sales,2025-02-10,2025-02-10 12:38,1201,Sundry Debtors,374390.40,,Customer 025 Retail inv CA/24-25/0126,SalesModule,ACCT-1,
SAL-00426,Sales,2025-02-10,2025-02-10 12:38,4001,Sales - Trading Goods,,317280.00,Sales inv CA/24-25/0126,SalesModule,ACCT-1,
SAL-00426,Sales,2025-02-10,2025-02-10 12:38,2401,GST Output Liability,,57110.40,GST output on CA/24-25/0126,SalesModule,ACCT-1,
SAL-00427,Sales,2024-06-09,2024-06-09 13:22,1201,Sundry Debtors,93268.38,,Customer 019 Retail inv CA/24-25/0127,SalesModule,ACCT-2,
SAL-00427,Sales,2024-06-09,2024-06-09 13:22,4001,Sales - Trading Goods,,79041.00,Sales inv CA/24-25/0127,SalesModule,ACCT-2,
SAL-00427,Sales,2024-06-09,2024-06-09 13:22,2401,GST Output Liability,,14227.38,GST output on CA/24-25/0127,SalesModule,ACCT-2,
SAL-00428,Sales,2024-04-19,2024-04-19 13:24,1201,Sundry Debtors,226611.92,,Customer 025 Retail inv CA/24-25/0128,SalesModule,ACCT-1,
SAL-00428,Sales,2024-04-19,2024-04-19 13:24,4001,Sales - Trading Goods,,192044.00,Sales inv CA/24-25/0128,SalesModule,ACCT-1,
SAL-00428,Sales,2024-04-19,2024-04-19 13:24,2401,GST Output Liability,,34567.92,GST output on CA/24-25/0128,SalesModule,ACCT-1,
SAL-00429,Sales,2025-02-26,2025-02-26 12:10,1201,Sundry Debtors,10440.64,,Customer 009 Retail inv CA/24-25/0129,SalesModule,ACCT-3,
SAL-00429,Sales,2025-02-26,2025-02-26 12:10,4001,Sales - Trading Goods,,8848.00,Sales inv CA/24-25/0129,SalesModule,ACCT-3,
SAL-00429,Sales,2025-02-26,2025-02-26 12:10,2401,GST Output Liability,,1592.64,GST output on CA/24-25/0129,SalesModule,ACCT-3,
SAL-00430,Sales,2025-01-01,2025-01-01 13:01,1201,Sundry Debtors,411903.78,,Customer 023 Retail inv CA/24-25/0130,SalesModule,ACCT-3,
SAL-00430,Sales,2025-01-01,2025-01-01 13:01,4001,Sales - Trading Goods,,349071.00,Sales inv CA/24-25/0130,SalesModule,ACCT-3,
SAL-00430,Sales,2025-01-01,2025-01-01 13:01,2401,GST Output Liability,,62832.78,GST output on CA/24-25/0130,SalesModule,ACCT-3,
SAL-00431,Sales,2025-01-16,2025-01-16 10:59,1201,Sundry Debtors,325026.28,,Customer 002 Retail inv CA/24-25/0131,SalesModule,ACCT-3,
SAL-00431,Sales,2025-01-16,2025-01-16 10:59,4001,Sales - Trading Goods,,275446.00,Sales inv CA/24-25/0131,SalesModule,ACCT-3,
SAL-00431,Sales,2025-01-16,2025-01-16 10:59,2401,GST Output Liability,,49580.28,GST output on CA/24-25/0131,SalesModule,ACCT-3,
SAL-00432,Sales,2025-03-01,2025-03-01 09:38,1201,Sundry Debtors,71434.84,,Customer 018 Retail inv CA/24-25/0132,SalesModule,ACCT-1,
SAL-00432,Sales,2025-03-01,2025-03-01 09:38,4001,Sales - Trading Goods,,60538.00,Sales inv CA/24-25/0132,SalesModule,ACCT-1,
SAL-00432,Sales,2025-03-01,2025-03-01 09:38,2401,GST Output Liability,,10896.84,GST output on CA/24-25/0132,SalesModule,ACCT-1,
SAL-00433,Sales,2025-03-23,2025-03-23 11:51,1201,Sundry Debtors,214157.02,,Customer 005 Retail inv CA/24-25/0133,SalesModule,ACCT-1,
SAL-00433,Sales,2025-03-23,2025-03-23 11:51,4001,Sales - Trading Goods,,181489.00,Sales inv CA/24-25/0133,SalesModule,ACCT-1,
SAL-00433,Sales,2025-03-23,2025-03-23 11:51,2401,GST Output Liability,,32668.02,GST output on CA/24-25/0133,SalesModule,ACCT-1,
SAL-00434,Sales,2024-05-19,2024-05-19 17:48,1201,Sundry Debtors,123764.30,,Customer 015 Retail inv CA/24-25/0134,SalesModule,ACCT-2,
SAL-00434,Sales,2024-05-19,2024-05-19 17:48,4001,Sales - Trading Goods,,104885.00,Sales inv CA/24-25/0134,SalesModule,ACCT-2,
SAL-00434,Sales,2024-05-19,2024-05-19 17:48,2401,GST Output Liability,,18879.30,GST output on CA/24-25/0134,SalesModule,ACCT-2,
SAL-00435,Sales,2024-07-11,2024-07-11 15:59,1201,Sundry Debtors,432039.30,,Customer 028 Retail inv CA/24-25/0135,SalesModule,ACCT-3,
SAL-00435,Sales,2024-07-11,2024-07-11 15:59,4001,Sales - Trading Goods,,366135.00,Sales inv CA/24-25/0135,SalesModule,ACCT-3,
SAL-00435,Sales,2024-07-11,2024-07-11 15:59,2401,GST Output Liability,,65904.30,GST output on CA/24-25/0135,SalesModule,ACCT-3,
SAL-00436,Sales,2024-07-14,2024-07-14 14:39,1201,Sundry Debtors,311104.64,,Customer 006 Retail inv CA/24-25/0136,SalesModule,ACCT-2,
SAL-00436,Sales,2024-07-14,2024-07-14 14:39,4001,Sales - Trading Goods,,263648.00,Sales inv CA/24-25/0136,SalesModule,ACCT-2,
SAL-00436,Sales,2024-07-14,2024-07-14 14:39,2401,GST Output Liability,,47456.64,GST output on CA/24-25/0136,SalesModule,ACCT-2,
SAL-00437,Sales,2025-03-17,2025-03-17 17:36,1201,Sundry Debtors,328126.14,,Customer 006 Retail inv CA/24-25/0137,SalesModule,ACCT-3,
SAL-00437,Sales,2025-03-17,2025-03-17 17:36,4001,Sales - Trading Goods,,278073.00,Sales inv CA/24-25/0137,SalesModule,ACCT-3,
SAL-00437,Sales,2025-03-17,2025-03-17 17:36,2401,GST Output Liability,,50053.14,GST output on CA/24-25/0137,SalesModule,ACCT-3,
SAL-00438,Sales,2024-04-16,2024-04-16 09:00,1201,Sundry Debtors,312049.82,,Customer 017 Retail inv CA/24-25/0138,SalesModule,ACCT-3,
SAL-00438,Sales,2024-04-16,2024-04-16 09:00,4001,Sales - Trading Goods,,264449.00,Sales inv CA/24-25/0138,SalesModule,ACCT-3,
SAL-00438,Sales,2024-04-16,2024-04-16 09:00,2401,GST Output Liability,,47600.82,GST output on CA/24-25/0138,SalesModule,ACCT-3,
SAL-00439,Sales,2024-09-27,2024-09-27 16:43,1201,Sundry Debtors,272319.22,,Customer 006 Retail inv CA/24-25/0139,SalesModule,ACCT-1,
SAL-00439,Sales,2024-09-27,2024-09-27 16:43,4001,Sales - Trading Goods,,230779.00,Sales inv CA/24-25/0139,SalesModule,ACCT-1,
SAL-00439,Sales,2024-09-27,2024-09-27 16:43,2401,GST Output Liability,,41540.22,GST output on CA/24-25/0139,SalesModule,ACCT-1,
SAL-00440,Sales,2024-12-03,2024-12-03 18:48,1201,Sundry Debtors,127841.20,,Customer 012 Retail inv CA/24-25/0140,SalesModule,ACCT-1,
SAL-00440,Sales,2024-12-03,2024-12-03 18:48,4001,Sales - Trading Goods,,108340.00,Sales inv CA/24-25/0140,SalesModule,ACCT-1,
SAL-00440,Sales,2024-12-03,2024-12-03 18:48,2401,GST Output Liability,,19501.20,GST output on CA/24-25/0140,SalesModule,ACCT-1,
SAL-00441,Sales,2024-10-06,2024-10-06 13:24,1201,Sundry Debtors,180528.20,,Customer 007 Retail inv CA/24-25/0141,SalesModule,ACCT-3,
SAL-00441,Sales,2024-10-06,2024-10-06 13:24,4001,Sales - Trading Goods,,152990.00,Sales inv CA/24-25/0141,SalesModule,ACCT-3,
SAL-00441,Sales,2024-10-06,2024-10-06 13:24,2401,GST Output Liability,,27538.20,GST output on CA/24-25/0141,SalesModule,ACCT-3,
SAL-00442,Sales,2024-09-28,2024-09-28 18:55,1201,Sundry Debtors,239857.42,,Customer 028 Retail inv CA/24-25/0142,SalesModule,ACCT-2,
SAL-00442,Sales,2024-09-28,2024-09-28 18:55,4001,Sales - Trading Goods,,203269.00,Sales inv CA/24-25/0142,SalesModule,ACCT-2,
SAL-00442,Sales,2024-09-28,2024-09-28 18:55,2401,GST Output Liability,,36588.42,GST output on CA/24-25/0142,SalesModule,ACCT-2,
SAL-00443,Sales,2024-11-06,2024-11-06 10:24,1201,Sundry Debtors,404331.72,,Customer 010 Retail inv CA/24-25/0143,SalesModule,ACCT-1,
SAL-00443,Sales,2024-11-06,2024-11-06 10:24,4001,Sales - Trading Goods,,342654.00,Sales inv CA/24-25/0143,SalesModule,ACCT-1,
SAL-00443,Sales,2024-11-06,2024-11-06 10:24,2401,GST Output Liability,,61677.72,GST output on CA/24-25/0143,SalesModule,ACCT-1,
SAL-00444,Sales,2024-07-26,2024-07-26 17:30,1201,Sundry Debtors,336049.84,,Customer 006 Retail inv CA/24-25/0144,SalesModule,ACCT-1,
SAL-00444,Sales,2024-07-26,2024-07-26 17:30,4001,Sales - Trading Goods,,284788.00,Sales inv CA/24-25/0144,SalesModule,ACCT-1,
SAL-00444,Sales,2024-07-26,2024-07-26 17:30,2401,GST Output Liability,,51261.84,GST output on CA/24-25/0144,SalesModule,ACCT-1,
SAL-00445,Sales,2024-06-22,2024-06-22 13:48,1201,Sundry Debtors,208477.68,,Customer 023 Retail inv CA/24-25/0145,SalesModule,ACCT-1,
SAL-00445,Sales,2024-06-22,2024-06-22 13:48,4001,Sales - Trading Goods,,176676.00,Sales inv CA/24-25/0145,SalesModule,ACCT-1,
SAL-00445,Sales,2024-06-22,2024-06-22 13:48,2401,GST Output Liability,,31801.68,GST output on CA/24-25/0145,SalesModule,ACCT-1,
SAL-00446,Sales,2025-02-17,2025-02-17 13:13,1201,Sundry Debtors,104271.88,,Customer 018 Retail inv CA/24-25/0146,SalesModule,ACCT-2,
SAL-00446,Sales,2025-02-17,2025-02-17 13:13,4001,Sales - Trading Goods,,88366.00,Sales inv CA/24-25/0146,SalesModule,ACCT-2,
SAL-00446,Sales,2025-02-17,2025-02-17 13:13,2401,GST Output Liability,,15905.88,GST output on CA/24-25/0146,SalesModule,ACCT-2,
SAL-00447,Sales,2024-07-20,2024-07-20 11:37,1201,Sundry Debtors,400378.72,,Customer 026 Retail inv CA/24-25/0147,SalesModule,ACCT-3,
SAL-00447,Sales,2024-07-20,2024-07-20 11:37,4001,Sales - Trading Goods,,339304.00,Sales inv CA/24-25/0147,SalesModule,ACCT-3,
SAL-00447,Sales,2024-07-20,2024-07-20 11:37,2401,GST Output Liability,,61074.72,GST output on CA/24-25/0147,SalesModule,ACCT-3,
SAL-00448,Sales,2024-04-11,2024-04-11 17:12,1201,Sundry Debtors,368657.96,,Customer 010 Retail inv CA/24-25/0148,SalesModule,ACCT-1,
SAL-00448,Sales,2024-04-11,2024-04-11 17:12,4001,Sales - Trading Goods,,312422.00,Sales inv CA/24-25/0148,SalesModule,ACCT-1,
SAL-00448,Sales,2024-04-11,2024-04-11 17:12,2401,GST Output Liability,,56235.96,GST output on CA/24-25/0148,SalesModule,ACCT-1,
SAL-00449,Sales,2025-02-05,2025-02-05 15:22,1201,Sundry Debtors,263571.88,,Customer 025 Retail inv CA/24-25/0149,SalesModule,ACCT-3,
SAL-00449,Sales,2025-02-05,2025-02-05 15:22,4001,Sales - Trading Goods,,223366.00,Sales inv CA/24-25/0149,SalesModule,ACCT-3,
SAL-00449,Sales,2025-02-05,2025-02-05 15:22,2401,GST Output Liability,,40205.88,GST output on CA/24-25/0149,SalesModule,ACCT-3,
SAL-00450,Sales,2024-11-08,2024-11-08 16:41,1201,Sundry Debtors,431410.36,,Customer 019 Retail inv CA/24-25/0150,SalesModule,ACCT-2,
SAL-00450,Sales,2024-11-08,2024-11-08 16:41,4001,Sales - Trading Goods,,365602.00,Sales inv CA/24-25/0150,SalesModule,ACCT-2,
SAL-00450,Sales,2024-11-08,2024-11-08 16:41,2401,GST Output Liability,,65808.36,GST output on CA/24-25/0150,SalesModule,ACCT-2,
SAL-00451,Sales,2024-05-01,2024-05-01 15:32,1201,Sundry Debtors,264441.54,,Customer 018 Retail inv CA/24-25/0151,SalesModule,ACCT-1,
SAL-00451,Sales,2024-05-01,2024-05-01 15:32,4001,Sales - Trading Goods,,224103.00,Sales inv CA/24-25/0151,SalesModule,ACCT-1,
SAL-00451,Sales,2024-05-01,2024-05-01 15:32,2401,GST Output Liability,,40338.54,GST output on CA/24-25/0151,SalesModule,ACCT-1,
SAL-00452,Sales,2024-04-25,2024-04-25 13:11,1201,Sundry Debtors,427571.82,,Customer 010 Retail inv CA/24-25/0152,SalesModule,ACCT-2,
SAL-00452,Sales,2024-04-25,2024-04-25 13:11,4001,Sales - Trading Goods,,362349.00,Sales inv CA/24-25/0152,SalesModule,ACCT-2,
SAL-00452,Sales,2024-04-25,2024-04-25 13:11,2401,GST Output Liability,,65222.82,GST output on CA/24-25/0152,SalesModule,ACCT-2,
SAL-00453,Sales,2025-02-19,2025-02-19 16:48,1201,Sundry Debtors,140593.46,,Customer 016 Retail inv CA/24-25/0153,SalesModule,ACCT-2,
SAL-00453,Sales,2025-02-19,2025-02-19 16:48,4001,Sales - Trading Goods,,119147.00,Sales inv CA/24-25/0153,SalesModule,ACCT-2,
SAL-00453,Sales,2025-02-19,2025-02-19 16:48,2401,GST Output Liability,,21446.46,GST output on CA/24-25/0153,SalesModule,ACCT-2,
SAL-00454,Sales,2024-04-01,2024-04-01 11:05,1201,Sundry Debtors,202862.06,,Customer 018 Retail inv CA/24-25/0154,SalesModule,ACCT-1,
SAL-00454,Sales,2024-04-01,2024-04-01 11:05,4001,Sales - Trading Goods,,171917.00,Sales inv CA/24-25/0154,SalesModule,ACCT-1,
SAL-00454,Sales,2024-04-01,2024-04-01 11:05,2401,GST Output Liability,,30945.06,GST output on CA/24-25/0154,SalesModule,ACCT-1,
SAL-00455,Sales,2025-01-27,2025-01-27 17:44,1201,Sundry Debtors,395770.82,,Customer 023 Retail inv CA/24-25/0155,SalesModule,ACCT-3,
SAL-00455,Sales,2025-01-27,2025-01-27 17:44,4001,Sales - Trading Goods,,335399.00,Sales inv CA/24-25/0155,SalesModule,ACCT-3,
SAL-00455,Sales,2025-01-27,2025-01-27 17:44,2401,GST Output Liability,,60371.82,GST output on CA/24-25/0155,SalesModule,ACCT-3,
SAL-00456,Sales,2024-12-06,2024-12-06 13:48,1201,Sundry Debtors,74734.12,,Customer 021 Retail inv CA/24-25/0156,SalesModule,ACCT-1,
SAL-00456,Sales,2024-12-06,2024-12-06 13:48,4001,Sales - Trading Goods,,63334.00,Sales inv CA/24-25/0156,SalesModule,ACCT-1,
SAL-00456,Sales,2024-12-06,2024-12-06 13:48,2401,GST Output Liability,,11400.12,GST output on CA/24-25/0156,SalesModule,ACCT-1,
SAL-00457,Sales,2024-04-23,2024-04-23 17:52,1201,Sundry Debtors,305400.52,,Customer 011 Retail inv CA/24-25/0157,SalesModule,ACCT-3,
SAL-00457,Sales,2024-04-23,2024-04-23 17:52,4001,Sales - Trading Goods,,258814.00,Sales inv CA/24-25/0157,SalesModule,ACCT-3,
SAL-00457,Sales,2024-04-23,2024-04-23 17:52,2401,GST Output Liability,,46586.52,GST output on CA/24-25/0157,SalesModule,ACCT-3,
SAL-00458,Sales,2024-05-21,2024-05-21 14:06,1201,Sundry Debtors,364273.08,,Customer 001 Retail inv CA/24-25/0158,SalesModule,ACCT-3,
SAL-00458,Sales,2024-05-21,2024-05-21 14:06,4001,Sales - Trading Goods,,308706.00,Sales inv CA/24-25/0158,SalesModule,ACCT-3,
SAL-00458,Sales,2024-05-21,2024-05-21 14:06,2401,GST Output Liability,,55567.08,GST output on CA/24-25/0158,SalesModule,ACCT-3,
SAL-00459,Sales,2024-04-05,2024-04-05 16:30,1201,Sundry Debtors,42183.82,,Customer 019 Retail inv CA/24-25/0159,SalesModule,ACCT-3,
SAL-00459,Sales,2024-04-05,2024-04-05 16:30,4001,Sales - Trading Goods,,35749.00,Sales inv CA/24-25/0159,SalesModule,ACCT-3,
SAL-00459,Sales,2024-04-05,2024-04-05 16:30,2401,GST Output Liability,,6434.82,GST output on CA/24-25/0159,SalesModule,ACCT-3,
SAL-00460,Sales,2024-05-08,2024-05-08 18:46,1201,Sundry Debtors,260395.32,,Customer 005 Retail inv CA/24-25/0160,SalesModule,ACCT-2,
SAL-00460,Sales,2024-05-08,2024-05-08 18:46,4001,Sales - Trading Goods,,220674.00,Sales inv CA/24-25/0160,SalesModule,ACCT-2,
SAL-00460,Sales,2024-05-08,2024-05-08 18:46,2401,GST Output Liability,,39721.32,GST output on CA/24-25/0160,SalesModule,ACCT-2,
SAL-00461,Sales,2024-10-19,2024-10-19 10:54,1201,Sundry Debtors,42134.26,,Customer 001 Retail inv CA/24-25/0161,SalesModule,ACCT-3,
SAL-00461,Sales,2024-10-19,2024-10-19 10:54,4001,Sales - Trading Goods,,35707.00,Sales inv CA/24-25/0161,SalesModule,ACCT-3,
SAL-00461,Sales,2024-10-19,2024-10-19 10:54,2401,GST Output Liability,,6427.26,GST output on CA/24-25/0161,SalesModule,ACCT-3,
SAL-00462,Sales,2024-06-21,2024-06-21 10:32,1201,Sundry Debtors,425149.28,,Customer 025 Retail inv CA/24-25/0162,SalesModule,ACCT-2,
SAL-00462,Sales,2024-06-21,2024-06-21 10:32,4001,Sales - Trading Goods,,360296.00,Sales inv CA/24-25/0162,SalesModule,ACCT-2,
SAL-00462,Sales,2024-06-21,2024-06-21 10:32,2401,GST Output Liability,,64853.28,GST output on CA/24-25/0162,SalesModule,ACCT-2,
SAL-00463,Sales,2024-07-02,2024-07-02 13:33,1201,Sundry Debtors,43018.08,,Customer 026 Retail inv CA/24-25/0163,SalesModule,ACCT-1,
SAL-00463,Sales,2024-07-02,2024-07-02 13:33,4001,Sales - Trading Goods,,36456.00,Sales inv CA/24-25/0163,SalesModule,ACCT-1,
SAL-00463,Sales,2024-07-02,2024-07-02 13:33,2401,GST Output Liability,,6562.08,GST output on CA/24-25/0163,SalesModule,ACCT-1,
SAL-00464,Sales,2025-01-10,2025-01-10 16:44,1201,Sundry Debtors,446746.82,,Customer 018 Retail inv CA/24-25/0164,SalesModule,ACCT-2,
SAL-00464,Sales,2025-01-10,2025-01-10 16:44,4001,Sales - Trading Goods,,378599.00,Sales inv CA/24-25/0164,SalesModule,ACCT-2,
SAL-00464,Sales,2025-01-10,2025-01-10 16:44,2401,GST Output Liability,,68147.82,GST output on CA/24-25/0164,SalesModule,ACCT-2,
SAL-00465,Sales,2024-10-19,2024-10-19 13:11,1201,Sundry Debtors,226646.14,,Customer 012 Retail inv CA/24-25/0165,SalesModule,ACCT-3,
SAL-00465,Sales,2024-10-19,2024-10-19 13:11,4001,Sales - Trading Goods,,192073.00,Sales inv CA/24-25/0165,SalesModule,ACCT-3,
SAL-00465,Sales,2024-10-19,2024-10-19 13:11,2401,GST Output Liability,,34573.14,GST output on CA/24-25/0165,SalesModule,ACCT-3,
SAL-00466,Sales,2024-10-23,2024-10-23 15:53,1201,Sundry Debtors,234702.00,,Customer 003 Retail inv CA/24-25/0166,SalesModule,ACCT-1,
SAL-00466,Sales,2024-10-23,2024-10-23 15:53,4001,Sales - Trading Goods,,198900.00,Sales inv CA/24-25/0166,SalesModule,ACCT-1,
SAL-00466,Sales,2024-10-23,2024-10-23 15:53,2401,GST Output Liability,,35802.00,GST output on CA/24-25/0166,SalesModule,ACCT-1,
SAL-00467,Sales,2025-01-04,2025-01-04 15:58,1201,Sundry Debtors,300700.58,,Customer 014 Retail inv CA/24-25/0167,SalesModule,ACCT-2,
SAL-00467,Sales,2025-01-04,2025-01-04 15:58,4001,Sales - Trading Goods,,254831.00,Sales inv CA/24-25/0167,SalesModule,ACCT-2,
SAL-00467,Sales,2025-01-04,2025-01-04 15:58,2401,GST Output Liability,,45869.58,GST output on CA/24-25/0167,SalesModule,ACCT-2,
SAL-00468,Sales,2024-05-26,2024-05-26 10:19,1201,Sundry Debtors,33671.30,,Customer 004 Retail inv CA/24-25/0168,SalesModule,ACCT-1,
SAL-00468,Sales,2024-05-26,2024-05-26 10:19,4001,Sales - Trading Goods,,28535.00,Sales inv CA/24-25/0168,SalesModule,ACCT-1,
SAL-00468,Sales,2024-05-26,2024-05-26 10:19,2401,GST Output Liability,,5136.30,GST output on CA/24-25/0168,SalesModule,ACCT-1,
SAL-00469,Sales,2025-01-31,2025-01-31 14:27,1201,Sundry Debtors,278681.78,,Customer 013 Retail inv CA/24-25/0169,SalesModule,ACCT-2,
SAL-00469,Sales,2025-01-31,2025-01-31 14:27,4001,Sales - Trading Goods,,236171.00,Sales inv CA/24-25/0169,SalesModule,ACCT-2,
SAL-00469,Sales,2025-01-31,2025-01-31 14:27,2401,GST Output Liability,,42510.78,GST output on CA/24-25/0169,SalesModule,ACCT-2,
SAL-00470,Sales,2024-11-02,2024-11-02 16:40,1201,Sundry Debtors,323808.52,,Customer 013 Retail inv CA/24-25/0170,SalesModule,ACCT-3,
SAL-00470,Sales,2024-11-02,2024-11-02 16:40,4001,Sales - Trading Goods,,274414.00,Sales inv CA/24-25/0170,SalesModule,ACCT-3,
SAL-00470,Sales,2024-11-02,2024-11-02 16:40,2401,GST Output Liability,,49394.52,GST output on CA/24-25/0170,SalesModule,ACCT-3,
SAL-00471,Sales,2024-08-02,2024-08-02 15:44,1201,Sundry Debtors,242256.36,,Customer 013 Retail inv CA/24-25/0171,SalesModule,ACCT-2,
SAL-00471,Sales,2024-08-02,2024-08-02 15:44,4001,Sales - Trading Goods,,205302.00,Sales inv CA/24-25/0171,SalesModule,ACCT-2,
SAL-00471,Sales,2024-08-02,2024-08-02 15:44,2401,GST Output Liability,,36954.36,GST output on CA/24-25/0171,SalesModule,ACCT-2,
SAL-00472,Sales,2024-12-05,2024-12-05 13:29,1201,Sundry Debtors,13984.18,,Customer 029 Retail inv CA/24-25/0172,SalesModule,ACCT-3,
SAL-00472,Sales,2024-12-05,2024-12-05 13:29,4001,Sales - Trading Goods,,11851.00,Sales inv CA/24-25/0172,SalesModule,ACCT-3,
SAL-00472,Sales,2024-12-05,2024-12-05 13:29,2401,GST Output Liability,,2133.18,GST output on CA/24-25/0172,SalesModule,ACCT-3,
SAL-00473,Sales,2024-09-14,2024-09-14 11:49,1201,Sundry Debtors,378108.58,,Customer 023 Retail inv CA/24-25/0173,SalesModule,ACCT-1,
SAL-00473,Sales,2024-09-14,2024-09-14 11:49,4001,Sales - Trading Goods,,320431.00,Sales inv CA/24-25/0173,SalesModule,ACCT-1,
SAL-00473,Sales,2024-09-14,2024-09-14 11:49,2401,GST Output Liability,,57677.58,GST output on CA/24-25/0173,SalesModule,ACCT-1,
SAL-00474,Sales,2024-06-12,2024-06-12 12:16,1201,Sundry Debtors,216304.62,,Customer 030 Retail inv CA/24-25/0174,SalesModule,ACCT-2,
SAL-00474,Sales,2024-06-12,2024-06-12 12:16,4001,Sales - Trading Goods,,183309.00,Sales inv CA/24-25/0174,SalesModule,ACCT-2,
SAL-00474,Sales,2024-06-12,2024-06-12 12:16,2401,GST Output Liability,,32995.62,GST output on CA/24-25/0174,SalesModule,ACCT-2,
SAL-00475,Sales,2025-03-14,2025-03-14 10:13,1201,Sundry Debtors,265970.82,,Customer 013 Retail inv CA/24-25/0175,SalesModule,ACCT-1,
SAL-00475,Sales,2025-03-14,2025-03-14 10:13,4001,Sales - Trading Goods,,225399.00,Sales inv CA/24-25/0175,SalesModule,ACCT-1,
SAL-00475,Sales,2025-03-14,2025-03-14 10:13,2401,GST Output Liability,,40571.82,GST output on CA/24-25/0175,SalesModule,ACCT-1,
SAL-00476,Sales,2024-07-21,2024-07-21 14:58,1201,Sundry Debtors,384638.70,,Customer 015 Retail inv CA/24-25/0176,SalesModule,ACCT-3,
SAL-00476,Sales,2024-07-21,2024-07-21 14:58,4001,Sales - Trading Goods,,325965.00,Sales inv CA/24-25/0176,SalesModule,ACCT-3,
SAL-00476,Sales,2024-07-21,2024-07-21 14:58,2401,GST Output Liability,,58673.70,GST output on CA/24-25/0176,SalesModule,ACCT-3,
SAL-00477,Sales,2025-03-18,2025-03-18 11:37,1201,Sundry Debtors,75260.40,,Customer 007 Retail inv CA/24-25/0177,SalesModule,ACCT-3,
SAL-00477,Sales,2025-03-18,2025-03-18 11:37,4001,Sales - Trading Goods,,63780.00,Sales inv CA/24-25/0177,SalesModule,ACCT-3,
SAL-00477,Sales,2025-03-18,2025-03-18 11:37,2401,GST Output Liability,,11480.40,GST output on CA/24-25/0177,SalesModule,ACCT-3,
SAL-00478,Sales,2025-01-13,2025-01-13 15:53,1201,Sundry Debtors,411648.90,,Customer 002 Retail inv CA/24-25/0178,SalesModule,ACCT-2,
SAL-00478,Sales,2025-01-13,2025-01-13 15:53,4001,Sales - Trading Goods,,348855.00,Sales inv CA/24-25/0178,SalesModule,ACCT-2,
SAL-00478,Sales,2025-01-13,2025-01-13 15:53,2401,GST Output Liability,,62793.90,GST output on CA/24-25/0178,SalesModule,ACCT-2,
SAL-00479,Sales,2024-07-21,2024-07-21 12:45,1201,Sundry Debtors,241830.38,,Customer 008 Retail inv CA/24-25/0179,SalesModule,ACCT-3,
SAL-00479,Sales,2024-07-21,2024-07-21 12:45,4001,Sales - Trading Goods,,204941.00,Sales inv CA/24-25/0179,SalesModule,ACCT-3,
SAL-00479,Sales,2024-07-21,2024-07-21 12:45,2401,GST Output Liability,,36889.38,GST output on CA/24-25/0179,SalesModule,ACCT-3,
SAL-00480,Sales,2024-10-06,2024-10-06 13:02,1201,Sundry Debtors,204470.40,,Customer 018 Retail inv CA/24-25/0180,SalesModule,ACCT-1,
SAL-00480,Sales,2024-10-06,2024-10-06 13:02,4001,Sales - Trading Goods,,173280.00,Sales inv CA/24-25/0180,SalesModule,ACCT-1,
SAL-00480,Sales,2024-10-06,2024-10-06 13:02,2401,GST Output Liability,,31190.40,GST output on CA/24-25/0180,SalesModule,ACCT-1,
SAL-00481,Sales,2024-07-22,2024-07-22 10:32,1201,Sundry Debtors,245258.28,,Customer 016 Retail inv CA/24-25/0181,SalesModule,ACCT-2,
SAL-00481,Sales,2024-07-22,2024-07-22 10:32,4001,Sales - Trading Goods,,207846.00,Sales inv CA/24-25/0181,SalesModule,ACCT-2,
SAL-00481,Sales,2024-07-22,2024-07-22 10:32,2401,GST Output Liability,,37412.28,GST output on CA/24-25/0181,SalesModule,ACCT-2,
SAL-00482,Sales,2024-12-31,2024-12-31 09:04,1201,Sundry Debtors,420261.72,,Customer 023 Retail inv CA/24-25/0182,SalesModule,ACCT-2,
SAL-00482,Sales,2024-12-31,2024-12-31 09:04,4001,Sales - Trading Goods,,356154.00,Sales inv CA/24-25/0182,SalesModule,ACCT-2,
SAL-00482,Sales,2024-12-31,2024-12-31 09:04,2401,GST Output Liability,,64107.72,GST output on CA/24-25/0182,SalesModule,ACCT-2,
SAL-00483,Sales,2024-05-16,2024-05-16 16:22,1201,Sundry Debtors,178947.00,,Customer 010 Retail inv CA/24-25/0183,SalesModule,ACCT-1,
SAL-00483,Sales,2024-05-16,2024-05-16 16:22,4001,Sales - Trading Goods,,151650.00,Sales inv CA/24-25/0183,SalesModule,ACCT-1,
SAL-00483,Sales,2024-05-16,2024-05-16 16:22,2401,GST Output Liability,,27297.00,GST output on CA/24-25/0183,SalesModule,ACCT-1,
SAL-00484,Sales,2024-10-31,2024-10-31 11:18,1201,Sundry Debtors,360433.36,,Customer 006 Retail inv CA/24-25/0184,SalesModule,ACCT-2,
SAL-00484,Sales,2024-10-31,2024-10-31 11:18,4001,Sales - Trading Goods,,305452.00,Sales inv CA/24-25/0184,SalesModule,ACCT-2,
SAL-00484,Sales,2024-10-31,2024-10-31 11:18,2401,GST Output Liability,,54981.36,GST output on CA/24-25/0184,SalesModule,ACCT-2,
SAL-00485,Sales,2024-04-23,2024-04-23 11:40,1201,Sundry Debtors,125586.22,,Customer 018 Retail inv CA/24-25/0185,SalesModule,ACCT-3,
SAL-00485,Sales,2024-04-23,2024-04-23 11:40,4001,Sales - Trading Goods,,106429.00,Sales inv CA/24-25/0185,SalesModule,ACCT-3,
SAL-00485,Sales,2024-04-23,2024-04-23 11:40,2401,GST Output Liability,,19157.22,GST output on CA/24-25/0185,SalesModule,ACCT-3,
SAL-00486,Sales,2024-12-29,2024-12-29 17:55,1201,Sundry Debtors,125336.06,,Customer 010 Retail inv CA/24-25/0186,SalesModule,ACCT-2,
SAL-00486,Sales,2024-12-29,2024-12-29 17:55,4001,Sales - Trading Goods,,106217.00,Sales inv CA/24-25/0186,SalesModule,ACCT-2,
SAL-00486,Sales,2024-12-29,2024-12-29 17:55,2401,GST Output Liability,,19119.06,GST output on CA/24-25/0186,SalesModule,ACCT-2,
SAL-00487,Sales,2025-02-14,2025-02-14 18:52,1201,Sundry Debtors,384970.28,,Customer 025 Retail inv CA/24-25/0187,SalesModule,ACCT-1,
SAL-00487,Sales,2025-02-14,2025-02-14 18:52,4001,Sales - Trading Goods,,326246.00,Sales inv CA/24-25/0187,SalesModule,ACCT-1,
SAL-00487,Sales,2025-02-14,2025-02-14 18:52,2401,GST Output Liability,,58724.28,GST output on CA/24-25/0187,SalesModule,ACCT-1,
SAL-00488,Sales,2024-09-03,2024-09-03 10:09,1201,Sundry Debtors,159792.06,,Customer 027 Retail inv CA/24-25/0188,SalesModule,ACCT-1,
SAL-00488,Sales,2024-09-03,2024-09-03 10:09,4001,Sales - Trading Goods,,135417.00,Sales inv CA/24-25/0188,SalesModule,ACCT-1,
SAL-00488,Sales,2024-09-03,2024-09-03 10:09,2401,GST Output Liability,,24375.06,GST output on CA/24-25/0188,SalesModule,ACCT-1,
SAL-00489,Sales,2024-09-13,2024-09-13 13:06,1201,Sundry Debtors,328868.36,,Customer 010 Retail inv CA/24-25/0189,SalesModule,ACCT-1,
SAL-00489,Sales,2024-09-13,2024-09-13 13:06,4001,Sales - Trading Goods,,278702.00,Sales inv CA/24-25/0189,SalesModule,ACCT-1,
SAL-00489,Sales,2024-09-13,2024-09-13 13:06,2401,GST Output Liability,,50166.36,GST output on CA/24-25/0189,SalesModule,ACCT-1,
SAL-00490,Sales,2025-01-19,2025-01-19 09:35,1201,Sundry Debtors,8368.56,,Customer 013 Retail inv CA/24-25/0190,SalesModule,ACCT-3,
SAL-00490,Sales,2025-01-19,2025-01-19 09:35,4001,Sales - Trading Goods,,7092.00,Sales inv CA/24-25/0190,SalesModule,ACCT-3,
SAL-00490,Sales,2025-01-19,2025-01-19 09:35,2401,GST Output Liability,,1276.56,GST output on CA/24-25/0190,SalesModule,ACCT-3,
SAL-00491,Sales,2025-03-23,2025-03-23 09:50,1201,Sundry Debtors,314281.20,,Customer 020 Retail inv CA/24-25/0191,SalesModule,ACCT-1,
SAL-00491,Sales,2025-03-23,2025-03-23 09:50,4001,Sales - Trading Goods,,266340.00,Sales inv CA/24-25/0191,SalesModule,ACCT-1,
SAL-00491,Sales,2025-03-23,2025-03-23 09:50,2401,GST Output Liability,,47941.20,GST output on CA/24-25/0191,SalesModule,ACCT-1,
SAL-00492,Sales,2025-03-23,2025-03-23 12:24,1201,Sundry Debtors,83645.48,,Customer 002 Retail inv CA/24-25/0192,SalesModule,ACCT-1,
SAL-00492,Sales,2025-03-23,2025-03-23 12:24,4001,Sales - Trading Goods,,70886.00,Sales inv CA/24-25/0192,SalesModule,ACCT-1,
SAL-00492,Sales,2025-03-23,2025-03-23 12:24,2401,GST Output Liability,,12759.48,GST output on CA/24-25/0192,SalesModule,ACCT-1,
SAL-00493,Sales,2025-01-22,2025-01-22 13:47,1201,Sundry Debtors,342967.00,,Customer 026 Retail inv CA/24-25/0193,SalesModule,ACCT-1,
SAL-00493,Sales,2025-01-22,2025-01-22 13:47,4001,Sales - Trading Goods,,290650.00,Sales inv CA/24-25/0193,SalesModule,ACCT-1,
SAL-00493,Sales,2025-01-22,2025-01-22 13:47,2401,GST Output Liability,,52317.00,GST output on CA/24-25/0193,SalesModule,ACCT-1,
SAL-00494,Sales,2025-01-14,2025-01-14 14:50,1201,Sundry Debtors,191384.20,,Customer 030 Retail inv CA/24-25/0194,SalesModule,ACCT-3,
SAL-00494,Sales,2025-01-14,2025-01-14 14:50,4001,Sales - Trading Goods,,162190.00,Sales inv CA/24-25/0194,SalesModule,ACCT-3,
SAL-00494,Sales,2025-01-14,2025-01-14 14:50,2401,GST Output Liability,,29194.20,GST output on CA/24-25/0194,SalesModule,ACCT-3,
SAL-00495,Sales,2024-08-29,2024-08-29 13:10,1201,Sundry Debtors,247635.98,,Customer 022 Retail inv CA/24-25/0195,SalesModule,ACCT-3,
SAL-00495,Sales,2024-08-29,2024-08-29 13:10,4001,Sales - Trading Goods,,209861.00,Sales inv CA/24-25/0195,SalesModule,ACCT-3,
SAL-00495,Sales,2024-08-29,2024-08-29 13:10,2401,GST Output Liability,,37774.98,GST output on CA/24-25/0195,SalesModule,ACCT-3,
SAL-00496,Sales,2024-04-14,2024-04-14 09:07,1201,Sundry Debtors,224603.56,,Customer 003 Retail inv CA/24-25/0196,SalesModule,ACCT-3,
SAL-00496,Sales,2024-04-14,2024-04-14 09:07,4001,Sales - Trading Goods,,190342.00,Sales inv CA/24-25/0196,SalesModule,ACCT-3,
SAL-00496,Sales,2024-04-14,2024-04-14 09:07,2401,GST Output Liability,,34261.56,GST output on CA/24-25/0196,SalesModule,ACCT-3,
SAL-00497,Sales,2024-07-20,2024-07-20 18:47,1201,Sundry Debtors,145468.04,,Customer 007 Retail inv CA/24-25/0197,SalesModule,ACCT-2,
SAL-00497,Sales,2024-07-20,2024-07-20 18:47,4001,Sales - Trading Goods,,123278.00,Sales inv CA/24-25/0197,SalesModule,ACCT-2,
SAL-00497,Sales,2024-07-20,2024-07-20 18:47,2401,GST Output Liability,,22190.04,GST output on CA/24-25/0197,SalesModule,ACCT-2,
SAL-00498,Sales,2024-07-13,2024-07-13 11:08,1201,Sundry Debtors,441578.42,,Customer 028 Retail inv CA/24-25/0198,SalesModule,ACCT-3,
SAL-00498,Sales,2024-07-13,2024-07-13 11:08,4001,Sales - Trading Goods,,374219.00,Sales inv CA/24-25/0198,SalesModule,ACCT-3,
SAL-00498,Sales,2024-07-13,2024-07-13 11:08,2401,GST Output Liability,,67359.42,GST output on CA/24-25/0198,SalesModule,ACCT-3,
SAL-00499,Sales,2024-12-25,2024-12-25 11:00,1201,Sundry Debtors,247182.86,,Customer 024 Retail inv CA/24-25/0199,SalesModule,ACCT-1,
SAL-00499,Sales,2024-12-25,2024-12-25 11:00,4001,Sales - Trading Goods,,209477.00,Sales inv CA/24-25/0199,SalesModule,ACCT-1,
SAL-00499,Sales,2024-12-25,2024-12-25 11:00,2401,GST Output Liability,,37705.86,GST output on CA/24-25/0199,SalesModule,ACCT-1,
SAL-00500,Sales,2024-12-17,2024-12-17 11:16,1201,Sundry Debtors,65600.92,,Customer 015 Retail inv CA/24-25/0200,SalesModule,ACCT-2,
SAL-00500,Sales,2024-12-17,2024-12-17 11:16,4001,Sales - Trading Goods,,55594.00,Sales inv CA/24-25/0200,SalesModule,ACCT-2,
SAL-00500,Sales,2024-12-17,2024-12-17 11:16,2401,GST Output Liability,,10006.92,GST output on CA/24-25/0200,SalesModule,ACCT-2,
SAL-00501,Sales,2024-10-15,2024-10-15 17:39,1201,Sundry Debtors,327660.04,,Customer 011 Retail inv CA/24-25/0201,SalesModule,ACCT-3,
SAL-00501,Sales,2024-10-15,2024-10-15 17:39,4001,Sales - Trading Goods,,277678.00,Sales inv CA/24-25/0201,SalesModule,ACCT-3,
SAL-00501,Sales,2024-10-15,2024-10-15 17:39,2401,GST Output Liability,,49982.04,GST output on CA/24-25/0201,SalesModule,ACCT-3,
SAL-00502,Sales,2025-02-07,2025-02-07 18:14,1201,Sundry Debtors,164128.56,,Customer 002 Retail inv CA/24-25/0202,SalesModule,ACCT-2,
SAL-00502,Sales,2025-02-07,2025-02-07 18:14,4001,Sales - Trading Goods,,139092.00,Sales inv CA/24-25/0202,SalesModule,ACCT-2,
SAL-00502,Sales,2025-02-07,2025-02-07 18:14,2401,GST Output Liability,,25036.56,GST output on CA/24-25/0202,SalesModule,ACCT-2,
SAL-00503,Sales,2024-05-29,2024-05-29 18:17,1201,Sundry Debtors,406122.96,,Customer 021 Retail inv CA/24-25/0203,SalesModule,ACCT-2,
SAL-00503,Sales,2024-05-29,2024-05-29 18:17,4001,Sales - Trading Goods,,344172.00,Sales inv CA/24-25/0203,SalesModule,ACCT-2,
SAL-00503,Sales,2024-05-29,2024-05-29 18:17,2401,GST Output Liability,,61950.96,GST output on CA/24-25/0203,SalesModule,ACCT-2,
SAL-00504,Sales,2024-05-13,2024-05-13 17:58,1201,Sundry Debtors,336664.62,,Customer 025 Retail inv CA/24-25/0204,SalesModule,ACCT-1,
SAL-00504,Sales,2024-05-13,2024-05-13 17:58,4001,Sales - Trading Goods,,285309.00,Sales inv CA/24-25/0204,SalesModule,ACCT-1,
SAL-00504,Sales,2024-05-13,2024-05-13 17:58,2401,GST Output Liability,,51355.62,GST output on CA/24-25/0204,SalesModule,ACCT-1,
SAL-00505,Sales,2025-03-19,2025-03-19 10:58,1201,Sundry Debtors,370750.10,,Customer 027 Retail inv CA/24-25/0205,SalesModule,ACCT-2,
SAL-00505,Sales,2025-03-19,2025-03-19 10:58,4001,Sales - Trading Goods,,314195.00,Sales inv CA/24-25/0205,SalesModule,ACCT-2,
SAL-00505,Sales,2025-03-19,2025-03-19 10:58,2401,GST Output Liability,,56555.10,GST output on CA/24-25/0205,SalesModule,ACCT-2,
SAL-00506,Sales,2024-11-04,2024-11-04 14:45,1201,Sundry Debtors,67524.32,,Customer 019 Retail inv CA/24-25/0206,SalesModule,ACCT-2,
SAL-00506,Sales,2024-11-04,2024-11-04 14:45,4001,Sales - Trading Goods,,57224.00,Sales inv CA/24-25/0206,SalesModule,ACCT-2,
SAL-00506,Sales,2024-11-04,2024-11-04 14:45,2401,GST Output Liability,,10300.32,GST output on CA/24-25/0206,SalesModule,ACCT-2,
SAL-00507,Sales,2024-11-03,2024-11-03 16:32,1201,Sundry Debtors,129010.58,,Customer 011 Retail inv CA/24-25/0207,SalesModule,ACCT-3,
SAL-00507,Sales,2024-11-03,2024-11-03 16:32,4001,Sales - Trading Goods,,109331.00,Sales inv CA/24-25/0207,SalesModule,ACCT-3,
SAL-00507,Sales,2024-11-03,2024-11-03 16:32,2401,GST Output Liability,,19679.58,GST output on CA/24-25/0207,SalesModule,ACCT-3,
SAL-00508,Sales,2025-01-08,2025-01-08 15:43,1201,Sundry Debtors,50692.80,,Customer 030 Retail inv CA/24-25/0208,SalesModule,ACCT-3,
SAL-00508,Sales,2025-01-08,2025-01-08 15:43,4001,Sales - Trading Goods,,42960.00,Sales inv CA/24-25/0208,SalesModule,ACCT-3,
SAL-00508,Sales,2025-01-08,2025-01-08 15:43,2401,GST Output Liability,,7732.80,GST output on CA/24-25/0208,SalesModule,ACCT-3,
SAL-00509,Sales,2024-10-19,2024-10-19 15:15,1201,Sundry Debtors,227649.14,,Customer 023 Retail inv CA/24-25/0209,SalesModule,ACCT-3,
SAL-00509,Sales,2024-10-19,2024-10-19 15:15,4001,Sales - Trading Goods,,192923.00,Sales inv CA/24-25/0209,SalesModule,ACCT-3,
SAL-00509,Sales,2024-10-19,2024-10-19 15:15,2401,GST Output Liability,,34726.14,GST output on CA/24-25/0209,SalesModule,ACCT-3,
SAL-00510,Sales,2024-10-20,2024-10-20 13:03,1201,Sundry Debtors,245659.48,,Customer 014 Retail inv CA/24-25/0210,SalesModule,ACCT-3,
SAL-00510,Sales,2024-10-20,2024-10-20 13:03,4001,Sales - Trading Goods,,208186.00,Sales inv CA/24-25/0210,SalesModule,ACCT-3,
SAL-00510,Sales,2024-10-20,2024-10-20 13:03,2401,GST Output Liability,,37473.48,GST output on CA/24-25/0210,SalesModule,ACCT-3,
SAL-00511,Sales,2024-07-16,2024-07-16 18:37,1201,Sundry Debtors,183802.70,,Customer 012 Retail inv CA/24-25/0211,SalesModule,ACCT-3,
SAL-00511,Sales,2024-07-16,2024-07-16 18:37,4001,Sales - Trading Goods,,155765.00,Sales inv CA/24-25/0211,SalesModule,ACCT-3,
SAL-00511,Sales,2024-07-16,2024-07-16 18:37,2401,GST Output Liability,,28037.70,GST output on CA/24-25/0211,SalesModule,ACCT-3,
SAL-00512,Sales,2024-07-06,2024-07-06 15:09,1201,Sundry Debtors,78945.54,,Customer 021 Retail inv CA/24-25/0212,SalesModule,ACCT-1,
SAL-00512,Sales,2024-07-06,2024-07-06 15:09,4001,Sales - Trading Goods,,66903.00,Sales inv CA/24-25/0212,SalesModule,ACCT-1,
SAL-00512,Sales,2024-07-06,2024-07-06 15:09,2401,GST Output Liability,,12042.54,GST output on CA/24-25/0212,SalesModule,ACCT-1,
SAL-00513,Sales,2024-05-20,2024-05-20 14:30,1201,Sundry Debtors,108261.46,,Customer 017 Retail inv CA/24-25/0213,SalesModule,ACCT-3,
SAL-00513,Sales,2024-05-20,2024-05-20 14:30,4001,Sales - Trading Goods,,91747.00,Sales inv CA/24-25/0213,SalesModule,ACCT-3,
SAL-00513,Sales,2024-05-20,2024-05-20 14:30,2401,GST Output Liability,,16514.46,GST output on CA/24-25/0213,SalesModule,ACCT-3,
SAL-00514,Sales,2024-09-19,2024-09-19 17:47,1201,Sundry Debtors,412296.72,,Customer 012 Retail inv CA/24-25/0214,SalesModule,ACCT-2,
SAL-00514,Sales,2024-09-19,2024-09-19 17:47,4001,Sales - Trading Goods,,349404.00,Sales inv CA/24-25/0214,SalesModule,ACCT-2,
SAL-00514,Sales,2024-09-19,2024-09-19 17:47,2401,GST Output Liability,,62892.72,GST output on CA/24-25/0214,SalesModule,ACCT-2,
SAL-00515,Sales,2024-08-06,2024-08-06 15:37,1201,Sundry Debtors,76832.16,,Customer 023 Retail inv CA/24-25/0215,SalesModule,ACCT-3,
SAL-00515,Sales,2024-08-06,2024-08-06 15:37,4001,Sales - Trading Goods,,65112.00,Sales inv CA/24-25/0215,SalesModule,ACCT-3,
SAL-00515,Sales,2024-08-06,2024-08-06 15:37,2401,GST Output Liability,,11720.16,GST output on CA/24-25/0215,SalesModule,ACCT-3,
SAL-00516,Sales,2024-07-23,2024-07-23 11:41,1201,Sundry Debtors,221157.96,,Customer 028 Retail inv CA/24-25/0216,SalesModule,ACCT-2,
SAL-00516,Sales,2024-07-23,2024-07-23 11:41,4001,Sales - Trading Goods,,187422.00,Sales inv CA/24-25/0216,SalesModule,ACCT-2,
SAL-00516,Sales,2024-07-23,2024-07-23 11:41,2401,GST Output Liability,,33735.96,GST output on CA/24-25/0216,SalesModule,ACCT-2,
SAL-00517,Sales,2024-08-30,2024-08-30 11:16,1201,Sundry Debtors,391597.16,,Customer 003 Retail inv CA/24-25/0217,SalesModule,ACCT-1,
SAL-00517,Sales,2024-08-30,2024-08-30 11:16,4001,Sales - Trading Goods,,331862.00,Sales inv CA/24-25/0217,SalesModule,ACCT-1,
SAL-00517,Sales,2024-08-30,2024-08-30 11:16,2401,GST Output Liability,,59735.16,GST output on CA/24-25/0217,SalesModule,ACCT-1,
SAL-00518,Sales,2024-11-21,2024-11-21 10:55,1201,Sundry Debtors,57730.32,,Customer 007 Retail inv CA/24-25/0218,SalesModule,ACCT-1,
SAL-00518,Sales,2024-11-21,2024-11-21 10:55,4001,Sales - Trading Goods,,48924.00,Sales inv CA/24-25/0218,SalesModule,ACCT-1,
SAL-00518,Sales,2024-11-21,2024-11-21 10:55,2401,GST Output Liability,,8806.32,GST output on CA/24-25/0218,SalesModule,ACCT-1,
SAL-00519,Sales,2024-07-10,2024-07-10 16:36,1201,Sundry Debtors,77608.60,,Customer 026 Retail inv CA/24-25/0219,SalesModule,ACCT-2,
SAL-00519,Sales,2024-07-10,2024-07-10 16:36,4001,Sales - Trading Goods,,65770.00,Sales inv CA/24-25/0219,SalesModule,ACCT-2,
SAL-00519,Sales,2024-07-10,2024-07-10 16:36,2401,GST Output Liability,,11838.60,GST output on CA/24-25/0219,SalesModule,ACCT-2,
SAL-00520,Sales,2024-07-20,2024-07-20 09:47,1201,Sundry Debtors,297783.62,,Customer 025 Retail inv CA/24-25/0220,SalesModule,ACCT-1,
SAL-00520,Sales,2024-07-20,2024-07-20 09:47,4001,Sales - Trading Goods,,252359.00,Sales inv CA/24-25/0220,SalesModule,ACCT-1,
SAL-00520,Sales,2024-07-20,2024-07-20 09:47,2401,GST Output Liability,,45424.62,GST output on CA/24-25/0220,SalesModule,ACCT-1,
SAL-00521,Sales,2024-06-06,2024-06-06 11:56,1201,Sundry Debtors,245869.52,,Customer 014 Retail inv CA/24-25/0221,SalesModule,ACCT-2,
SAL-00521,Sales,2024-06-06,2024-06-06 11:56,4001,Sales - Trading Goods,,208364.00,Sales inv CA/24-25/0221,SalesModule,ACCT-2,
SAL-00521,Sales,2024-06-06,2024-06-06 11:56,2401,GST Output Liability,,37505.52,GST output on CA/24-25/0221,SalesModule,ACCT-2,
SAL-00522,Sales,2024-09-13,2024-09-13 11:38,1201,Sundry Debtors,265928.34,,Customer 003 Retail inv CA/24-25/0222,SalesModule,ACCT-2,
SAL-00522,Sales,2024-09-13,2024-09-13 11:38,4001,Sales - Trading Goods,,225363.00,Sales inv CA/24-25/0222,SalesModule,ACCT-2,
SAL-00522,Sales,2024-09-13,2024-09-13 11:38,2401,GST Output Liability,,40565.34,GST output on CA/24-25/0222,SalesModule,ACCT-2,
SAL-00523,Sales,2024-12-01,2024-12-01 16:09,1201,Sundry Debtors,408288.26,,Customer 003 Retail inv CA/24-25/0223,SalesModule,ACCT-2,
SAL-00523,Sales,2024-12-01,2024-12-01 16:09,4001,Sales - Trading Goods,,346007.00,Sales inv CA/24-25/0223,SalesModule,ACCT-2,
SAL-00523,Sales,2024-12-01,2024-12-01 16:09,2401,GST Output Liability,,62281.26,GST output on CA/24-25/0223,SalesModule,ACCT-2,
SAL-00524,Sales,2024-08-30,2024-08-30 09:53,1201,Sundry Debtors,113872.36,,Customer 001 Retail inv CA/24-25/0224,SalesModule,ACCT-1,
SAL-00524,Sales,2024-08-30,2024-08-30 09:53,4001,Sales - Trading Goods,,96502.00,Sales inv CA/24-25/0224,SalesModule,ACCT-1,
SAL-00524,Sales,2024-08-30,2024-08-30 09:53,2401,GST Output Liability,,17370.36,GST output on CA/24-25/0224,SalesModule,ACCT-1,
SAL-00525,Sales,2025-01-09,2025-01-09 14:38,1201,Sundry Debtors,104597.56,,Customer 029 Retail inv CA/24-25/0225,SalesModule,ACCT-1,
SAL-00525,Sales,2025-01-09,2025-01-09 14:38,4001,Sales - Trading Goods,,88642.00,Sales inv CA/24-25/0225,SalesModule,ACCT-1,
SAL-00525,Sales,2025-01-09,2025-01-09 14:38,2401,GST Output Liability,,15955.56,GST output on CA/24-25/0225,SalesModule,ACCT-1,
SAL-00526,Sales,2024-06-17,2024-06-17 11:58,1201,Sundry Debtors,271729.22,,Customer 014 Retail inv CA/24-25/0226,SalesModule,ACCT-3,
SAL-00526,Sales,2024-06-17,2024-06-17 11:58,4001,Sales - Trading Goods,,230279.00,Sales inv CA/24-25/0226,SalesModule,ACCT-3,
SAL-00526,Sales,2024-06-17,2024-06-17 11:58,2401,GST Output Liability,,41450.22,GST output on CA/24-25/0226,SalesModule,ACCT-3,
SAL-00527,Sales,2025-02-03,2025-02-03 16:44,1201,Sundry Debtors,310148.84,,Customer 026 Retail inv CA/24-25/0227,SalesModule,ACCT-1,
SAL-00527,Sales,2025-02-03,2025-02-03 16:44,4001,Sales - Trading Goods,,262838.00,Sales inv CA/24-25/0227,SalesModule,ACCT-1,
SAL-00527,Sales,2025-02-03,2025-02-03 16:44,2401,GST Output Liability,,47310.84,GST output on CA/24-25/0227,SalesModule,ACCT-1,
SAL-00528,Sales,2024-06-01,2024-06-01 13:19,1201,Sundry Debtors,28412.04,,Customer 026 Retail inv CA/24-25/0228,SalesModule,ACCT-1,
SAL-00528,Sales,2024-06-01,2024-06-01 13:19,4001,Sales - Trading Goods,,24078.00,Sales inv CA/24-25/0228,SalesModule,ACCT-1,
SAL-00528,Sales,2024-06-01,2024-06-01 13:19,2401,GST Output Liability,,4334.04,GST output on CA/24-25/0228,SalesModule,ACCT-1,
SAL-00529,Sales,2024-06-30,2024-06-30 17:52,1201,Sundry Debtors,157383.68,,Customer 015 Retail inv CA/24-25/0229,SalesModule,ACCT-1,
SAL-00529,Sales,2024-06-30,2024-06-30 17:52,4001,Sales - Trading Goods,,133376.00,Sales inv CA/24-25/0229,SalesModule,ACCT-1,
SAL-00529,Sales,2024-06-30,2024-06-30 17:52,2401,GST Output Liability,,24007.68,GST output on CA/24-25/0229,SalesModule,ACCT-1,
SAL-00530,Sales,2024-05-26,2024-05-26 12:47,1201,Sundry Debtors,417032.06,,Customer 006 Retail inv CA/24-25/0230,SalesModule,ACCT-3,
SAL-00530,Sales,2024-05-26,2024-05-26 12:47,4001,Sales - Trading Goods,,353417.00,Sales inv CA/24-25/0230,SalesModule,ACCT-3,
SAL-00530,Sales,2024-05-26,2024-05-26 12:47,2401,GST Output Liability,,63615.06,GST output on CA/24-25/0230,SalesModule,ACCT-3,
SAL-00531,Sales,2025-01-23,2025-01-23 10:18,1201,Sundry Debtors,160534.28,,Customer 013 Retail inv CA/24-25/0231,SalesModule,ACCT-3,
SAL-00531,Sales,2025-01-23,2025-01-23 10:18,4001,Sales - Trading Goods,,136046.00,Sales inv CA/24-25/0231,SalesModule,ACCT-3,
SAL-00531,Sales,2025-01-23,2025-01-23 10:18,2401,GST Output Liability,,24488.28,GST output on CA/24-25/0231,SalesModule,ACCT-3,
SAL-00532,Sales,2024-11-02,2024-11-02 09:49,1201,Sundry Debtors,411359.80,,Customer 012 Retail inv CA/24-25/0232,SalesModule,ACCT-3,
SAL-00532,Sales,2024-11-02,2024-11-02 09:49,4001,Sales - Trading Goods,,348610.00,Sales inv CA/24-25/0232,SalesModule,ACCT-3,
SAL-00532,Sales,2024-11-02,2024-11-02 09:49,2401,GST Output Liability,,62749.80,GST output on CA/24-25/0232,SalesModule,ACCT-3,
SAL-00533,Sales,2025-01-04,2025-01-04 13:09,1201,Sundry Debtors,4548.90,,Customer 018 Retail inv CA/24-25/0233,SalesModule,ACCT-1,
SAL-00533,Sales,2025-01-04,2025-01-04 13:09,4001,Sales - Trading Goods,,3855.00,Sales inv CA/24-25/0233,SalesModule,ACCT-1,
SAL-00533,Sales,2025-01-04,2025-01-04 13:09,2401,GST Output Liability,,693.90,GST output on CA/24-25/0233,SalesModule,ACCT-1,
SAL-00534,Sales,2024-05-23,2024-05-23 13:52,1201,Sundry Debtors,332625.48,,Customer 007 Retail inv CA/24-25/0234,SalesModule,ACCT-1,
SAL-00534,Sales,2024-05-23,2024-05-23 13:52,4001,Sales - Trading Goods,,281886.00,Sales inv CA/24-25/0234,SalesModule,ACCT-1,
SAL-00534,Sales,2024-05-23,2024-05-23 13:52,2401,GST Output Liability,,50739.48,GST output on CA/24-25/0234,SalesModule,ACCT-1,
SAL-00535,Sales,2024-07-09,2024-07-09 12:26,1201,Sundry Debtors,177542.80,,Customer 001 Retail inv CA/24-25/0235,SalesModule,ACCT-2,
SAL-00535,Sales,2024-07-09,2024-07-09 12:26,4001,Sales - Trading Goods,,150460.00,Sales inv CA/24-25/0235,SalesModule,ACCT-2,
SAL-00535,Sales,2024-07-09,2024-07-09 12:26,2401,GST Output Liability,,27082.80,GST output on CA/24-25/0235,SalesModule,ACCT-2,
SAL-00536,Sales,2024-11-05,2024-11-05 17:13,1201,Sundry Debtors,74342.36,,Customer 024 Retail inv CA/24-25/0236,SalesModule,ACCT-2,
SAL-00536,Sales,2024-11-05,2024-11-05 17:13,4001,Sales - Trading Goods,,63002.00,Sales inv CA/24-25/0236,SalesModule,ACCT-2,
SAL-00536,Sales,2024-11-05,2024-11-05 17:13,2401,GST Output Liability,,11340.36,GST output on CA/24-25/0236,SalesModule,ACCT-2,
SAL-00537,Sales,2024-10-30,2024-10-30 16:37,1201,Sundry Debtors,432108.92,,Customer 004 Retail inv CA/24-25/0237,SalesModule,ACCT-1,
SAL-00537,Sales,2024-10-30,2024-10-30 16:37,4001,Sales - Trading Goods,,366194.00,Sales inv CA/24-25/0237,SalesModule,ACCT-1,
SAL-00537,Sales,2024-10-30,2024-10-30 16:37,2401,GST Output Liability,,65914.92,GST output on CA/24-25/0237,SalesModule,ACCT-1,
SAL-00538,Sales,2024-07-17,2024-07-17 18:53,1201,Sundry Debtors,359373.72,,Customer 020 Retail inv CA/24-25/0238,SalesModule,ACCT-2,
SAL-00538,Sales,2024-07-17,2024-07-17 18:53,4001,Sales - Trading Goods,,304554.00,Sales inv CA/24-25/0238,SalesModule,ACCT-2,
SAL-00538,Sales,2024-07-17,2024-07-17 18:53,2401,GST Output Liability,,54819.72,GST output on CA/24-25/0238,SalesModule,ACCT-2,
SAL-00539,Sales,2025-01-14,2025-01-14 16:58,1201,Sundry Debtors,367295.06,,Customer 005 Retail inv CA/24-25/0239,SalesModule,ACCT-3,
SAL-00539,Sales,2025-01-14,2025-01-14 16:58,4001,Sales - Trading Goods,,311267.00,Sales inv CA/24-25/0239,SalesModule,ACCT-3,
SAL-00539,Sales,2025-01-14,2025-01-14 16:58,2401,GST Output Liability,,56028.06,GST output on CA/24-25/0239,SalesModule,ACCT-3,
SAL-00540,Sales,2024-06-26,2024-06-26 11:45,1201,Sundry Debtors,325467.60,,Customer 023 Retail inv CA/24-25/0240,SalesModule,ACCT-3,
SAL-00540,Sales,2024-06-26,2024-06-26 11:45,4001,Sales - Trading Goods,,275820.00,Sales inv CA/24-25/0240,SalesModule,ACCT-3,
SAL-00540,Sales,2024-06-26,2024-06-26 11:45,2401,GST Output Liability,,49647.60,GST output on CA/24-25/0240,SalesModule,ACCT-3,
SAL-00541,Sales,2024-06-28,2024-06-28 11:17,1201,Sundry Debtors,226678.00,,Customer 015 Retail inv CA/24-25/0241,SalesModule,ACCT-2,
SAL-00541,Sales,2024-06-28,2024-06-28 11:17,4001,Sales - Trading Goods,,192100.00,Sales inv CA/24-25/0241,SalesModule,ACCT-2,
SAL-00541,Sales,2024-06-28,2024-06-28 11:17,2401,GST Output Liability,,34578.00,GST output on CA/24-25/0241,SalesModule,ACCT-2,
SAL-00542,Sales,2024-08-08,2024-08-08 10:11,1201,Sundry Debtors,174101.92,,Customer 025 Retail inv CA/24-25/0242,SalesModule,ACCT-3,
SAL-00542,Sales,2024-08-08,2024-08-08 10:11,4001,Sales - Trading Goods,,147544.00,Sales inv CA/24-25/0242,SalesModule,ACCT-3,
SAL-00542,Sales,2024-08-08,2024-08-08 10:11,2401,GST Output Liability,,26557.92,GST output on CA/24-25/0242,SalesModule,ACCT-3,
SAL-00543,Sales,2024-10-19,2024-10-19 13:24,1201,Sundry Debtors,78329.58,,Customer 014 Retail inv CA/24-25/0243,SalesModule,ACCT-1,
SAL-00543,Sales,2024-10-19,2024-10-19 13:24,4001,Sales - Trading Goods,,66381.00,Sales inv CA/24-25/0243,SalesModule,ACCT-1,
SAL-00543,Sales,2024-10-19,2024-10-19 13:24,2401,GST Output Liability,,11948.58,GST output on CA/24-25/0243,SalesModule,ACCT-1,
SAL-00544,Sales,2024-12-18,2024-12-18 17:31,1201,Sundry Debtors,91822.88,,Customer 029 Retail inv CA/24-25/0244,SalesModule,ACCT-1,
SAL-00544,Sales,2024-12-18,2024-12-18 17:31,4001,Sales - Trading Goods,,77816.00,Sales inv CA/24-25/0244,SalesModule,ACCT-1,
SAL-00544,Sales,2024-12-18,2024-12-18 17:31,2401,GST Output Liability,,14006.88,GST output on CA/24-25/0244,SalesModule,ACCT-1,
SAL-00545,Sales,2024-04-01,2024-04-01 18:30,1201,Sundry Debtors,108510.44,,Customer 014 Retail inv CA/24-25/0245,SalesModule,ACCT-1,
SAL-00545,Sales,2024-04-01,2024-04-01 18:30,4001,Sales - Trading Goods,,91958.00,Sales inv CA/24-25/0245,SalesModule,ACCT-1,
SAL-00545,Sales,2024-04-01,2024-04-01 18:30,2401,GST Output Liability,,16552.44,GST output on CA/24-25/0245,SalesModule,ACCT-1,
SAL-00546,Sales,2024-12-24,2024-12-24 10:46,1201,Sundry Debtors,131535.78,,Customer 010 Retail inv CA/24-25/0246,SalesModule,ACCT-2,
SAL-00546,Sales,2024-12-24,2024-12-24 10:46,4001,Sales - Trading Goods,,111471.00,Sales inv CA/24-25/0246,SalesModule,ACCT-2,
SAL-00546,Sales,2024-12-24,2024-12-24 10:46,2401,GST Output Liability,,20064.78,GST output on CA/24-25/0246,SalesModule,ACCT-2,
SAL-00547,Sales,2024-08-03,2024-08-03 10:28,1201,Sundry Debtors,262406.04,,Customer 006 Retail inv CA/24-25/0247,SalesModule,ACCT-2,
SAL-00547,Sales,2024-08-03,2024-08-03 10:28,4001,Sales - Trading Goods,,222378.00,Sales inv CA/24-25/0247,SalesModule,ACCT-2,
SAL-00547,Sales,2024-08-03,2024-08-03 10:28,2401,GST Output Liability,,40028.04,GST output on CA/24-25/0247,SalesModule,ACCT-2,
SAL-00548,Sales,2024-04-09,2024-04-09 15:49,1201,Sundry Debtors,397543.18,,Customer 010 Retail inv CA/24-25/0248,SalesModule,ACCT-1,
SAL-00548,Sales,2024-04-09,2024-04-09 15:49,4001,Sales - Trading Goods,,336901.00,Sales inv CA/24-25/0248,SalesModule,ACCT-1,
SAL-00548,Sales,2024-04-09,2024-04-09 15:49,2401,GST Output Liability,,60642.18,GST output on CA/24-25/0248,SalesModule,ACCT-1,
SAL-00549,Sales,2024-07-31,2024-07-31 09:46,1201,Sundry Debtors,63315.26,,Customer 012 Retail inv CA/24-25/0249,SalesModule,ACCT-3,
SAL-00549,Sales,2024-07-31,2024-07-31 09:46,4001,Sales - Trading Goods,,53657.00,Sales inv CA/24-25/0249,SalesModule,ACCT-3,
SAL-00549,Sales,2024-07-31,2024-07-31 09:46,2401,GST Output Liability,,9658.26,GST output on CA/24-25/0249,SalesModule,ACCT-3,
SAL-00550,Sales,2024-04-14,2024-04-14 13:20,1201,Sundry Debtors,34826.52,,Customer 028 Retail inv CA/24-25/0250,SalesModule,ACCT-2,
SAL-00550,Sales,2024-04-14,2024-04-14 13:20,4001,Sales - Trading Goods,,29514.00,Sales inv CA/24-25/0250,SalesModule,ACCT-2,
SAL-00550,Sales,2024-04-14,2024-04-14 13:20,2401,GST Output Liability,,5312.52,GST output on CA/24-25/0250,SalesModule,ACCT-2,
SAL-00551,Sales,2024-12-19,2024-12-19 15:56,1201,Sundry Debtors,63743.60,,Customer 022 Retail inv CA/24-25/0251,SalesModule,ACCT-2,
SAL-00551,Sales,2024-12-19,2024-12-19 15:56,4001,Sales - Trading Goods,,54020.00,Sales inv CA/24-25/0251,SalesModule,ACCT-2,
SAL-00551,Sales,2024-12-19,2024-12-19 15:56,2401,GST Output Liability,,9723.60,GST output on CA/24-25/0251,SalesModule,ACCT-2,
SAL-00552,Sales,2024-04-01,2024-04-01 09:23,1201,Sundry Debtors,387915.56,,Customer 021 Retail inv CA/24-25/0252,SalesModule,ACCT-3,
SAL-00552,Sales,2024-04-01,2024-04-01 09:23,4001,Sales - Trading Goods,,328742.00,Sales inv CA/24-25/0252,SalesModule,ACCT-3,
SAL-00552,Sales,2024-04-01,2024-04-01 09:23,2401,GST Output Liability,,59173.56,GST output on CA/24-25/0252,SalesModule,ACCT-3,
SAL-00553,Sales,2024-12-14,2024-12-14 11:52,1201,Sundry Debtors,249487.40,,Customer 009 Retail inv CA/24-25/0253,SalesModule,ACCT-1,
SAL-00553,Sales,2024-12-14,2024-12-14 11:52,4001,Sales - Trading Goods,,211430.00,Sales inv CA/24-25/0253,SalesModule,ACCT-1,
SAL-00553,Sales,2024-12-14,2024-12-14 11:52,2401,GST Output Liability,,38057.40,GST output on CA/24-25/0253,SalesModule,ACCT-1,
SAL-00554,Sales,2024-06-01,2024-06-01 09:47,1201,Sundry Debtors,143674.44,,Customer 021 Retail inv CA/24-25/0254,SalesModule,ACCT-2,
SAL-00554,Sales,2024-06-01,2024-06-01 09:47,4001,Sales - Trading Goods,,121758.00,Sales inv CA/24-25/0254,SalesModule,ACCT-2,
SAL-00554,Sales,2024-06-01,2024-06-01 09:47,2401,GST Output Liability,,21916.44,GST output on CA/24-25/0254,SalesModule,ACCT-2,
SAL-00555,Sales,2024-04-23,2024-04-23 12:44,1201,Sundry Debtors,39955.98,,Customer 016 Retail inv CA/24-25/0255,SalesModule,ACCT-3,
SAL-00555,Sales,2024-04-23,2024-04-23 12:44,4001,Sales - Trading Goods,,33861.00,Sales inv CA/24-25/0255,SalesModule,ACCT-3,
SAL-00555,Sales,2024-04-23,2024-04-23 12:44,2401,GST Output Liability,,6094.98,GST output on CA/24-25/0255,SalesModule,ACCT-3,
SAL-00556,Sales,2024-12-28,2024-12-28 12:29,1201,Sundry Debtors,319049.58,,Customer 005 Retail inv CA/24-25/0256,SalesModule,ACCT-1,
SAL-00556,Sales,2024-12-28,2024-12-28 12:29,4001,Sales - Trading Goods,,270381.00,Sales inv CA/24-25/0256,SalesModule,ACCT-1,
SAL-00556,Sales,2024-12-28,2024-12-28 12:29,2401,GST Output Liability,,48668.58,GST output on CA/24-25/0256,SalesModule,ACCT-1,
SAL-00557,Sales,2025-03-15,2025-03-15 10:29,1201,Sundry Debtors,56814.64,,Customer 006 Retail inv CA/24-25/0257,SalesModule,ACCT-3,
SAL-00557,Sales,2025-03-15,2025-03-15 10:29,4001,Sales - Trading Goods,,48148.00,Sales inv CA/24-25/0257,SalesModule,ACCT-3,
SAL-00557,Sales,2025-03-15,2025-03-15 10:29,2401,GST Output Liability,,8666.64,GST output on CA/24-25/0257,SalesModule,ACCT-3,
SAL-00558,Sales,2024-11-20,2024-11-20 18:38,1201,Sundry Debtors,19923.12,,Customer 004 Retail inv CA/24-25/0258,SalesModule,ACCT-3,
SAL-00558,Sales,2024-11-20,2024-11-20 18:38,4001,Sales - Trading Goods,,16884.00,Sales inv CA/24-25/0258,SalesModule,ACCT-3,
SAL-00558,Sales,2024-11-20,2024-11-20 18:38,2401,GST Output Liability,,3039.12,GST output on CA/24-25/0258,SalesModule,ACCT-3,
SAL-00559,Sales,2024-07-23,2024-07-23 11:07,1201,Sundry Debtors,222094.88,,Customer 014 Retail inv CA/24-25/0259,SalesModule,ACCT-2,
SAL-00559,Sales,2024-07-23,2024-07-23 11:07,4001,Sales - Trading Goods,,188216.00,Sales inv CA/24-25/0259,SalesModule,ACCT-2,
SAL-00559,Sales,2024-07-23,2024-07-23 11:07,2401,GST Output Liability,,33878.88,GST output on CA/24-25/0259,SalesModule,ACCT-2,
SAL-00560,Sales,2025-02-03,2025-02-03 13:51,1201,Sundry Debtors,402431.92,,Customer 027 Retail inv CA/24-25/0260,SalesModule,ACCT-2,
SAL-00560,Sales,2025-02-03,2025-02-03 13:51,4001,Sales - Trading Goods,,341044.00,Sales inv CA/24-25/0260,SalesModule,ACCT-2,
SAL-00560,Sales,2025-02-03,2025-02-03 13:51,2401,GST Output Liability,,61387.92,GST output on CA/24-25/0260,SalesModule,ACCT-2,
SAL-00561,Sales,2024-04-12,2024-04-12 18:55,1201,Sundry Debtors,143164.68,,Customer 004 Retail inv CA/24-25/0261,SalesModule,ACCT-1,
SAL-00561,Sales,2024-04-12,2024-04-12 18:55,4001,Sales - Trading Goods,,121326.00,Sales inv CA/24-25/0261,SalesModule,ACCT-1,
SAL-00561,Sales,2024-04-12,2024-04-12 18:55,2401,GST Output Liability,,21838.68,GST output on CA/24-25/0261,SalesModule,ACCT-1,
SAL-00562,Sales,2024-07-07,2024-07-07 18:08,1201,Sundry Debtors,18784.42,,Customer 028 Retail inv CA/24-25/0262,SalesModule,ACCT-3,
SAL-00562,Sales,2024-07-07,2024-07-07 18:08,4001,Sales - Trading Goods,,15919.00,Sales inv CA/24-25/0262,SalesModule,ACCT-3,
SAL-00562,Sales,2024-07-07,2024-07-07 18:08,2401,GST Output Liability,,2865.42,GST output on CA/24-25/0262,SalesModule,ACCT-3,
SAL-00563,Sales,2025-02-19,2025-02-19 09:33,1201,Sundry Debtors,98790.78,,Customer 008 Retail inv CA/24-25/0263,SalesModule,ACCT-1,
SAL-00563,Sales,2025-02-19,2025-02-19 09:33,4001,Sales - Trading Goods,,83721.00,Sales inv CA/24-25/0263,SalesModule,ACCT-1,
SAL-00563,Sales,2025-02-19,2025-02-19 09:33,2401,GST Output Liability,,15069.78,GST output on CA/24-25/0263,SalesModule,ACCT-1,
SAL-00564,Sales,2024-10-20,2024-10-20 13:49,1201,Sundry Debtors,40540.08,,Customer 021 Retail inv CA/24-25/0264,SalesModule,ACCT-1,
SAL-00564,Sales,2024-10-20,2024-10-20 13:49,4001,Sales - Trading Goods,,34356.00,Sales inv CA/24-25/0264,SalesModule,ACCT-1,
SAL-00564,Sales,2024-10-20,2024-10-20 13:49,2401,GST Output Liability,,6184.08,GST output on CA/24-25/0264,SalesModule,ACCT-1,
SAL-00565,Sales,2025-03-27,2025-03-27 09:21,1201,Sundry Debtors,76473.44,,Customer 008 Retail inv CA/24-25/0265,SalesModule,ACCT-2,
SAL-00565,Sales,2025-03-27,2025-03-27 09:21,4001,Sales - Trading Goods,,64808.00,Sales inv CA/24-25/0265,SalesModule,ACCT-2,
SAL-00565,Sales,2025-03-27,2025-03-27 09:21,2401,GST Output Liability,,11665.44,GST output on CA/24-25/0265,SalesModule,ACCT-2,
SAL-00566,Sales,2024-08-04,2024-08-04 12:46,1201,Sundry Debtors,323332.98,,Customer 017 Retail inv CA/24-25/0266,SalesModule,ACCT-2,
SAL-00566,Sales,2024-08-04,2024-08-04 12:46,4001,Sales - Trading Goods,,274011.00,Sales inv CA/24-25/0266,SalesModule,ACCT-2,
SAL-00566,Sales,2024-08-04,2024-08-04 12:46,2401,GST Output Liability,,49321.98,GST output on CA/24-25/0266,SalesModule,ACCT-2,
SAL-00567,Sales,2024-04-07,2024-04-07 12:59,1201,Sundry Debtors,346881.06,,Customer 026 Retail inv CA/24-25/0267,SalesModule,ACCT-1,
SAL-00567,Sales,2024-04-07,2024-04-07 12:59,4001,Sales - Trading Goods,,293967.00,Sales inv CA/24-25/0267,SalesModule,ACCT-1,
SAL-00567,Sales,2024-04-07,2024-04-07 12:59,2401,GST Output Liability,,52914.06,GST output on CA/24-25/0267,SalesModule,ACCT-1,
SAL-00568,Sales,2024-04-05,2024-04-05 17:25,1201,Sundry Debtors,26604.28,,Customer 020 Retail inv CA/24-25/0268,SalesModule,ACCT-3,
SAL-00568,Sales,2024-04-05,2024-04-05 17:25,4001,Sales - Trading Goods,,22546.00,Sales inv CA/24-25/0268,SalesModule,ACCT-3,
SAL-00568,Sales,2024-04-05,2024-04-05 17:25,2401,GST Output Liability,,4058.28,GST output on CA/24-25/0268,SalesModule,ACCT-3,
SAL-00569,Sales,2025-03-11,2025-03-11 17:27,1201,Sundry Debtors,290652.88,,Customer 004 Retail inv CA/24-25/0269,SalesModule,ACCT-2,
SAL-00569,Sales,2025-03-11,2025-03-11 17:27,4001,Sales - Trading Goods,,246316.00,Sales inv CA/24-25/0269,SalesModule,ACCT-2,
SAL-00569,Sales,2025-03-11,2025-03-11 17:27,2401,GST Output Liability,,44336.88,GST output on CA/24-25/0269,SalesModule,ACCT-2,
SAL-00570,Sales,2025-01-03,2025-01-03 13:13,1201,Sundry Debtors,110373.66,,Customer 015 Retail inv CA/24-25/0270,SalesModule,ACCT-3,
SAL-00570,Sales,2025-01-03,2025-01-03 13:13,4001,Sales - Trading Goods,,93537.00,Sales inv CA/24-25/0270,SalesModule,ACCT-3,
SAL-00570,Sales,2025-01-03,2025-01-03 13:13,2401,GST Output Liability,,16836.66,GST output on CA/24-25/0270,SalesModule,ACCT-3,
SAL-00571,Sales,2024-07-09,2024-07-09 18:55,1201,Sundry Debtors,35958.14,,Customer 008 Retail inv CA/24-25/0271,SalesModule,ACCT-3,
SAL-00571,Sales,2024-07-09,2024-07-09 18:55,4001,Sales - Trading Goods,,30473.00,Sales inv CA/24-25/0271,SalesModule,ACCT-3,
SAL-00571,Sales,2024-07-09,2024-07-09 18:55,2401,GST Output Liability,,5485.14,GST output on CA/24-25/0271,SalesModule,ACCT-3,
SAL-00572,Sales,2024-06-21,2024-06-21 17:41,1201,Sundry Debtors,10013.48,,Customer 025 Retail inv CA/24-25/0272,SalesModule,ACCT-2,
SAL-00572,Sales,2024-06-21,2024-06-21 17:41,4001,Sales - Trading Goods,,8486.00,Sales inv CA/24-25/0272,SalesModule,ACCT-2,
SAL-00572,Sales,2024-06-21,2024-06-21 17:41,2401,GST Output Liability,,1527.48,GST output on CA/24-25/0272,SalesModule,ACCT-2,
SAL-00573,Sales,2024-07-01,2024-07-01 17:33,1201,Sundry Debtors,288388.46,,Customer 010 Retail inv CA/24-25/0273,SalesModule,ACCT-3,
SAL-00573,Sales,2024-07-01,2024-07-01 17:33,4001,Sales - Trading Goods,,244397.00,Sales inv CA/24-25/0273,SalesModule,ACCT-3,
SAL-00573,Sales,2024-07-01,2024-07-01 17:33,2401,GST Output Liability,,43991.46,GST output on CA/24-25/0273,SalesModule,ACCT-3,
SAL-00574,Sales,2024-10-10,2024-10-10 09:45,1201,Sundry Debtors,247409.42,,Customer 001 Retail inv CA/24-25/0274,SalesModule,ACCT-1,
SAL-00574,Sales,2024-10-10,2024-10-10 09:45,4001,Sales - Trading Goods,,209669.00,Sales inv CA/24-25/0274,SalesModule,ACCT-1,
SAL-00574,Sales,2024-10-10,2024-10-10 09:45,2401,GST Output Liability,,37740.42,GST output on CA/24-25/0274,SalesModule,ACCT-1,
SAL-00575,Sales,2024-12-07,2024-12-07 16:38,1201,Sundry Debtors,64748.96,,Customer 014 Retail inv CA/24-25/0275,SalesModule,ACCT-2,
SAL-00575,Sales,2024-12-07,2024-12-07 16:38,4001,Sales - Trading Goods,,54872.00,Sales inv CA/24-25/0275,SalesModule,ACCT-2,
SAL-00575,Sales,2024-12-07,2024-12-07 16:38,2401,GST Output Liability,,9876.96,GST output on CA/24-25/0275,SalesModule,ACCT-2,
SAL-00576,Sales,2024-04-22,2024-04-22 10:58,1201,Sundry Debtors,191275.64,,Customer 018 Retail inv CA/24-25/0276,SalesModule,ACCT-1,
SAL-00576,Sales,2024-04-22,2024-04-22 10:58,4001,Sales - Trading Goods,,162098.00,Sales inv CA/24-25/0276,SalesModule,ACCT-1,
SAL-00576,Sales,2024-04-22,2024-04-22 10:58,2401,GST Output Liability,,29177.64,GST output on CA/24-25/0276,SalesModule,ACCT-1,
SAL-00577,Sales,2024-07-20,2024-07-20 12:42,1201,Sundry Debtors,250864.46,,Customer 011 Retail inv CA/24-25/0277,SalesModule,ACCT-1,
SAL-00577,Sales,2024-07-20,2024-07-20 12:42,4001,Sales - Trading Goods,,212597.00,Sales inv CA/24-25/0277,SalesModule,ACCT-1,
SAL-00577,Sales,2024-07-20,2024-07-20 12:42,2401,GST Output Liability,,38267.46,GST output on CA/24-25/0277,SalesModule,ACCT-1,
SAL-00578,Sales,2024-10-09,2024-10-09 16:52,1201,Sundry Debtors,340837.10,,Customer 025 Retail inv CA/24-25/0278,SalesModule,ACCT-2,
SAL-00578,Sales,2024-10-09,2024-10-09 16:52,4001,Sales - Trading Goods,,288845.00,Sales inv CA/24-25/0278,SalesModule,ACCT-2,
SAL-00578,Sales,2024-10-09,2024-10-09 16:52,2401,GST Output Liability,,51992.10,GST output on CA/24-25/0278,SalesModule,ACCT-2,
SAL-00579,Sales,2025-01-31,2025-01-31 11:20,1201,Sundry Debtors,393231.46,,Customer 024 Retail inv CA/24-25/0279,SalesModule,ACCT-1,
SAL-00579,Sales,2025-01-31,2025-01-31 11:20,4001,Sales - Trading Goods,,333247.00,Sales inv CA/24-25/0279,SalesModule,ACCT-1,
SAL-00579,Sales,2025-01-31,2025-01-31 11:20,2401,GST Output Liability,,59984.46,GST output on CA/24-25/0279,SalesModule,ACCT-1,
SAL-00580,Sales,2024-10-08,2024-10-08 11:16,1201,Sundry Debtors,157906.42,,Customer 030 Retail inv CA/24-25/0280,SalesModule,ACCT-1,
SAL-00580,Sales,2024-10-08,2024-10-08 11:16,4001,Sales - Trading Goods,,133819.00,Sales inv CA/24-25/0280,SalesModule,ACCT-1,
SAL-00580,Sales,2024-10-08,2024-10-08 11:16,2401,GST Output Liability,,24087.42,GST output on CA/24-25/0280,SalesModule,ACCT-1,
SAL-00581,Sales,2024-10-01,2024-10-01 15:21,1201,Sundry Debtors,212722.14,,Customer 029 Retail inv CA/24-25/0281,SalesModule,ACCT-3,
SAL-00581,Sales,2024-10-01,2024-10-01 15:21,4001,Sales - Trading Goods,,180273.00,Sales inv CA/24-25/0281,SalesModule,ACCT-3,
SAL-00581,Sales,2024-10-01,2024-10-01 15:21,2401,GST Output Liability,,32449.14,GST output on CA/24-25/0281,SalesModule,ACCT-3,
SAL-00582,Sales,2025-01-28,2025-01-28 14:54,1201,Sundry Debtors,361462.32,,Customer 006 Retail inv CA/24-25/0282,SalesModule,ACCT-1,
SAL-00582,Sales,2025-01-28,2025-01-28 14:54,4001,Sales - Trading Goods,,306324.00,Sales inv CA/24-25/0282,SalesModule,ACCT-1,
SAL-00582,Sales,2025-01-28,2025-01-28 14:54,2401,GST Output Liability,,55138.32,GST output on CA/24-25/0282,SalesModule,ACCT-1,
SAL-00583,Sales,2024-04-29,2024-04-29 14:34,1201,Sundry Debtors,207158.44,,Customer 003 Retail inv CA/24-25/0283,SalesModule,ACCT-2,
SAL-00583,Sales,2024-04-29,2024-04-29 14:34,4001,Sales - Trading Goods,,175558.00,Sales inv CA/24-25/0283,SalesModule,ACCT-2,
SAL-00583,Sales,2024-04-29,2024-04-29 14:34,2401,GST Output Liability,,31600.44,GST output on CA/24-25/0283,SalesModule,ACCT-2,
SAL-00584,Sales,2024-11-29,2024-11-29 17:30,1201,Sundry Debtors,4694.04,,Customer 011 Retail inv CA/24-25/0284,SalesModule,ACCT-1,
SAL-00584,Sales,2024-11-29,2024-11-29 17:30,4001,Sales - Trading Goods,,3978.00,Sales inv CA/24-25/0284,SalesModule,ACCT-1,
SAL-00584,Sales,2024-11-29,2024-11-29 17:30,2401,GST Output Liability,,716.04,GST output on CA/24-25/0284,SalesModule,ACCT-1,
SAL-00585,Sales,2025-03-13,2025-03-13 11:12,1201,Sundry Debtors,148098.26,,Customer 025 Retail inv CA/24-25/0285,SalesModule,ACCT-3,
SAL-00585,Sales,2025-03-13,2025-03-13 11:12,4001,Sales - Trading Goods,,125507.00,Sales inv CA/24-25/0285,SalesModule,ACCT-3,
SAL-00585,Sales,2025-03-13,2025-03-13 11:12,2401,GST Output Liability,,22591.26,GST output on CA/24-25/0285,SalesModule,ACCT-3,
SAL-00586,Sales,2024-11-02,2024-11-02 09:49,1201,Sundry Debtors,305275.44,,Customer 002 Retail inv CA/24-25/0286,SalesModule,ACCT-2,
SAL-00586,Sales,2024-11-02,2024-11-02 09:49,4001,Sales - Trading Goods,,258708.00,Sales inv CA/24-25/0286,SalesModule,ACCT-2,
SAL-00586,Sales,2024-11-02,2024-11-02 09:49,2401,GST Output Liability,,46567.44,GST output on CA/24-25/0286,SalesModule,ACCT-2,
SAL-00587,Sales,2024-08-18,2024-08-18 11:37,1201,Sundry Debtors,225231.32,,Customer 003 Retail inv CA/24-25/0287,SalesModule,ACCT-3,
SAL-00587,Sales,2024-08-18,2024-08-18 11:37,4001,Sales - Trading Goods,,190874.00,Sales inv CA/24-25/0287,SalesModule,ACCT-3,
SAL-00587,Sales,2024-08-18,2024-08-18 11:37,2401,GST Output Liability,,34357.32,GST output on CA/24-25/0287,SalesModule,ACCT-3,
SAL-00588,Sales,2024-05-29,2024-05-29 09:52,1201,Sundry Debtors,87029.72,,Customer 015 Retail inv CA/24-25/0288,SalesModule,ACCT-3,
SAL-00588,Sales,2024-05-29,2024-05-29 09:52,4001,Sales - Trading Goods,,73754.00,Sales inv CA/24-25/0288,SalesModule,ACCT-3,
SAL-00588,Sales,2024-05-29,2024-05-29 09:52,2401,GST Output Liability,,13275.72,GST output on CA/24-25/0288,SalesModule,ACCT-3,
SAL-00589,Sales,2024-12-15,2024-12-15 11:18,1201,Sundry Debtors,443242.22,,Customer 025 Retail inv CA/24-25/0289,SalesModule,ACCT-2,
SAL-00589,Sales,2024-12-15,2024-12-15 11:18,4001,Sales - Trading Goods,,375629.00,Sales inv CA/24-25/0289,SalesModule,ACCT-2,
SAL-00589,Sales,2024-12-15,2024-12-15 11:18,2401,GST Output Liability,,67613.22,GST output on CA/24-25/0289,SalesModule,ACCT-2,
SAL-00590,Sales,2024-12-30,2024-12-30 09:04,1201,Sundry Debtors,261064.38,,Customer 030 Retail inv CA/24-25/0290,SalesModule,ACCT-2,
SAL-00590,Sales,2024-12-30,2024-12-30 09:04,4001,Sales - Trading Goods,,221241.00,Sales inv CA/24-25/0290,SalesModule,ACCT-2,
SAL-00590,Sales,2024-12-30,2024-12-30 09:04,2401,GST Output Liability,,39823.38,GST output on CA/24-25/0290,SalesModule,ACCT-2,
SAL-00591,Sales,2024-08-16,2024-08-16 10:20,1201,Sundry Debtors,126044.06,,Customer 013 Retail inv CA/24-25/0291,SalesModule,ACCT-2,
SAL-00591,Sales,2024-08-16,2024-08-16 10:20,4001,Sales - Trading Goods,,106817.00,Sales inv CA/24-25/0291,SalesModule,ACCT-2,
SAL-00591,Sales,2024-08-16,2024-08-16 10:20,2401,GST Output Liability,,19227.06,GST output on CA/24-25/0291,SalesModule,ACCT-2,
SAL-00592,Sales,2024-12-04,2024-12-04 18:05,1201,Sundry Debtors,233660.06,,Customer 011 Retail inv CA/24-25/0292,SalesModule,ACCT-1,
SAL-00592,Sales,2024-12-04,2024-12-04 18:05,4001,Sales - Trading Goods,,198017.00,Sales inv CA/24-25/0292,SalesModule,ACCT-1,
SAL-00592,Sales,2024-12-04,2024-12-04 18:05,2401,GST Output Liability,,35643.06,GST output on CA/24-25/0292,SalesModule,ACCT-1,
SAL-00593,Sales,2024-07-15,2024-07-15 17:09,1201,Sundry Debtors,355576.48,,Customer 004 Retail inv CA/24-25/0293,SalesModule,ACCT-3,
SAL-00593,Sales,2024-07-15,2024-07-15 17:09,4001,Sales - Trading Goods,,301336.00,Sales inv CA/24-25/0293,SalesModule,ACCT-3,
SAL-00593,Sales,2024-07-15,2024-07-15 17:09,2401,GST Output Liability,,54240.48,GST output on CA/24-25/0293,SalesModule,ACCT-3,
SAL-00594,Sales,2024-06-23,2024-06-23 15:46,1201,Sundry Debtors,119538.72,,Customer 022 Retail inv CA/24-25/0294,SalesModule,ACCT-3,
SAL-00594,Sales,2024-06-23,2024-06-23 15:46,4001,Sales - Trading Goods,,101304.00,Sales inv CA/24-25/0294,SalesModule,ACCT-3,
SAL-00594,Sales,2024-06-23,2024-06-23 15:46,2401,GST Output Liability,,18234.72,GST output on CA/24-25/0294,SalesModule,ACCT-3,
SAL-00595,Sales,2024-11-17,2024-11-17 15:46,1201,Sundry Debtors,195553.14,,Customer 025 Retail inv CA/24-25/0295,SalesModule,ACCT-3,
SAL-00595,Sales,2024-11-17,2024-11-17 15:46,4001,Sales - Trading Goods,,165723.00,Sales inv CA/24-25/0295,SalesModule,ACCT-3,
SAL-00595,Sales,2024-11-17,2024-11-17 15:46,2401,GST Output Liability,,29830.14,GST output on CA/24-25/0295,SalesModule,ACCT-3,
SAL-00596,Sales,2025-01-26,2025-01-26 16:05,1201,Sundry Debtors,423538.58,,Customer 023 Retail inv CA/24-25/0296,SalesModule,ACCT-3,
SAL-00596,Sales,2025-01-26,2025-01-26 16:05,4001,Sales - Trading Goods,,358931.00,Sales inv CA/24-25/0296,SalesModule,ACCT-3,
SAL-00596,Sales,2025-01-26,2025-01-26 16:05,2401,GST Output Liability,,64607.58,GST output on CA/24-25/0296,SalesModule,ACCT-3,
SAL-00597,Sales,2024-12-07,2024-12-07 18:19,1201,Sundry Debtors,261740.52,,Customer 001 Retail inv CA/24-25/0297,SalesModule,ACCT-2,
SAL-00597,Sales,2024-12-07,2024-12-07 18:19,4001,Sales - Trading Goods,,221814.00,Sales inv CA/24-25/0297,SalesModule,ACCT-2,
SAL-00597,Sales,2024-12-07,2024-12-07 18:19,2401,GST Output Liability,,39926.52,GST output on CA/24-25/0297,SalesModule,ACCT-2,
SAL-00598,Sales,2025-01-06,2025-01-06 18:26,1201,Sundry Debtors,305284.88,,Customer 018 Retail inv CA/24-25/0298,SalesModule,ACCT-3,
SAL-00598,Sales,2025-01-06,2025-01-06 18:26,4001,Sales - Trading Goods,,258716.00,Sales inv CA/24-25/0298,SalesModule,ACCT-3,
SAL-00598,Sales,2025-01-06,2025-01-06 18:26,2401,GST Output Liability,,46568.88,GST output on CA/24-25/0298,SalesModule,ACCT-3,
SAL-00599,Sales,2024-08-13,2024-08-13 13:29,1201,Sundry Debtors,437446.06,,Customer 020 Retail inv CA/24-25/0299,SalesModule,ACCT-2,
SAL-00599,Sales,2024-08-13,2024-08-13 13:29,4001,Sales - Trading Goods,,370717.00,Sales inv CA/24-25/0299,SalesModule,ACCT-2,
SAL-00599,Sales,2024-08-13,2024-08-13 13:29,2401,GST Output Liability,,66729.06,GST output on CA/24-25/0299,SalesModule,ACCT-2,
SAL-00600,Sales,2024-09-27,2024-09-27 12:12,1201,Sundry Debtors,30905.38,,Customer 027 Retail inv CA/24-25/0300,SalesModule,ACCT-3,
SAL-00600,Sales,2024-09-27,2024-09-27 12:12,4001,Sales - Trading Goods,,26191.00,Sales inv CA/24-25/0300,SalesModule,ACCT-3,
SAL-00600,Sales,2024-09-27,2024-09-27 12:12,2401,GST Output Liability,,4714.38,GST output on CA/24-25/0300,SalesModule,ACCT-3,
SAL-00601,Sales,2024-12-11,2024-12-11 11:23,1201,Sundry Debtors,448460.18,,Customer 022 Retail inv CA/24-25/0301,SalesModule,ACCT-1,
SAL-00601,Sales,2024-12-11,2024-12-11 11:23,4001,Sales - Trading Goods,,380051.00,Sales inv CA/24-25/0301,SalesModule,ACCT-1,
SAL-00601,Sales,2024-12-11,2024-12-11 11:23,2401,GST Output Liability,,68409.18,GST output on CA/24-25/0301,SalesModule,ACCT-1,
SAL-00602,Sales,2025-03-31,2025-03-31 13:42,1201,Sundry Debtors,109972.46,,Customer 016 Retail inv CA/24-25/0302,SalesModule,ACCT-1,
SAL-00602,Sales,2025-03-31,2025-03-31 13:42,4001,Sales - Trading Goods,,93197.00,Sales inv CA/24-25/0302,SalesModule,ACCT-1,
SAL-00602,Sales,2025-03-31,2025-03-31 13:42,2401,GST Output Liability,,16775.46,GST output on CA/24-25/0302,SalesModule,ACCT-1,
SAL-00603,Sales,2025-03-24,2025-03-24 18:09,1201,Sundry Debtors,411208.76,,Customer 023 Retail inv CA/24-25/0303,SalesModule,ACCT-3,
SAL-00603,Sales,2025-03-24,2025-03-24 18:09,4001,Sales - Trading Goods,,348482.00,Sales inv CA/24-25/0303,SalesModule,ACCT-3,
SAL-00603,Sales,2025-03-24,2025-03-24 18:09,2401,GST Output Liability,,62726.76,GST output on CA/24-25/0303,SalesModule,ACCT-3,
SAL-00604,Sales,2025-03-16,2025-03-16 18:42,1201,Sundry Debtors,45820.58,,Customer 012 Retail inv CA/24-25/0304,SalesModule,ACCT-2,
SAL-00604,Sales,2025-03-16,2025-03-16 18:42,4001,Sales - Trading Goods,,38831.00,Sales inv CA/24-25/0304,SalesModule,ACCT-2,
SAL-00604,Sales,2025-03-16,2025-03-16 18:42,2401,GST Output Liability,,6989.58,GST output on CA/24-25/0304,SalesModule,ACCT-2,
SAL-00605,Sales,2025-01-15,2025-01-15 09:35,1201,Sundry Debtors,45408.76,,Customer 003 Retail inv CA/24-25/0305,SalesModule,ACCT-3,
SAL-00605,Sales,2025-01-15,2025-01-15 09:35,4001,Sales - Trading Goods,,38482.00,Sales inv CA/24-25/0305,SalesModule,ACCT-3,
SAL-00605,Sales,2025-01-15,2025-01-15 09:35,2401,GST Output Liability,,6926.76,GST output on CA/24-25/0305,SalesModule,ACCT-3,
SAL-00606,Sales,2025-02-13,2025-02-13 17:09,1201,Sundry Debtors,179245.54,,Customer 013 Retail inv CA/24-25/0306,SalesModule,ACCT-2,
SAL-00606,Sales,2025-02-13,2025-02-13 17:09,4001,Sales - Trading Goods,,151903.00,Sales inv CA/24-25/0306,SalesModule,ACCT-2,
SAL-00606,Sales,2025-02-13,2025-02-13 17:09,2401,GST Output Liability,,27342.54,GST output on CA/24-25/0306,SalesModule,ACCT-2,
SAL-00607,Sales,2024-06-28,2024-06-28 14:33,1201,Sundry Debtors,226836.12,,Customer 011 Retail inv CA/24-25/0307,SalesModule,ACCT-3,
SAL-00607,Sales,2024-06-28,2024-06-28 14:33,4001,Sales - Trading Goods,,192234.00,Sales inv CA/24-25/0307,SalesModule,ACCT-3,
SAL-00607,Sales,2024-06-28,2024-06-28 14:33,2401,GST Output Liability,,34602.12,GST output on CA/24-25/0307,SalesModule,ACCT-3,
SAL-00608,Sales,2025-02-18,2025-02-18 15:56,1201,Sundry Debtors,207912.46,,Customer 016 Retail inv CA/24-25/0308,SalesModule,ACCT-3,
SAL-00608,Sales,2025-02-18,2025-02-18 15:56,4001,Sales - Trading Goods,,176197.00,Sales inv CA/24-25/0308,SalesModule,ACCT-3,
SAL-00608,Sales,2025-02-18,2025-02-18 15:56,2401,GST Output Liability,,31715.46,GST output on CA/24-25/0308,SalesModule,ACCT-3,
SAL-00609,Sales,2024-11-15,2024-11-15 09:38,1201,Sundry Debtors,232926.10,,Customer 026 Retail inv CA/24-25/0309,SalesModule,ACCT-3,
SAL-00609,Sales,2024-11-15,2024-11-15 09:38,4001,Sales - Trading Goods,,197395.00,Sales inv CA/24-25/0309,SalesModule,ACCT-3,
SAL-00609,Sales,2024-11-15,2024-11-15 09:38,2401,GST Output Liability,,35531.10,GST output on CA/24-25/0309,SalesModule,ACCT-3,
SAL-00610,Sales,2024-10-22,2024-10-22 11:42,1201,Sundry Debtors,27342.96,,Customer 009 Retail inv CA/24-25/0310,SalesModule,ACCT-1,
SAL-00610,Sales,2024-10-22,2024-10-22 11:42,4001,Sales - Trading Goods,,23172.00,Sales inv CA/24-25/0310,SalesModule,ACCT-1,
SAL-00610,Sales,2024-10-22,2024-10-22 11:42,2401,GST Output Liability,,4170.96,GST output on CA/24-25/0310,SalesModule,ACCT-1,
SAL-00611,Sales,2024-06-21,2024-06-21 15:57,1201,Sundry Debtors,154728.68,,Customer 006 Retail inv CA/24-25/0311,SalesModule,ACCT-2,
SAL-00611,Sales,2024-06-21,2024-06-21 15:57,4001,Sales - Trading Goods,,131126.00,Sales inv CA/24-25/0311,SalesModule,ACCT-2,
SAL-00611,Sales,2024-06-21,2024-06-21 15:57,2401,GST Output Liability,,23602.68,GST output on CA/24-25/0311,SalesModule,ACCT-2,
SAL-00612,Sales,2024-09-24,2024-09-24 11:48,1201,Sundry Debtors,178589.46,,Customer 024 Retail inv CA/24-25/0312,SalesModule,ACCT-1,
SAL-00612,Sales,2024-09-24,2024-09-24 11:48,4001,Sales - Trading Goods,,151347.00,Sales inv CA/24-25/0312,SalesModule,ACCT-1,
SAL-00612,Sales,2024-09-24,2024-09-24 11:48,2401,GST Output Liability,,27242.46,GST output on CA/24-25/0312,SalesModule,ACCT-1,
SAL-00613,Sales,2024-10-20,2024-10-20 15:22,1201,Sundry Debtors,147505.90,,Customer 028 Retail inv CA/24-25/0313,SalesModule,ACCT-3,
SAL-00613,Sales,2024-10-20,2024-10-20 15:22,4001,Sales - Trading Goods,,125005.00,Sales inv CA/24-25/0313,SalesModule,ACCT-3,
SAL-00613,Sales,2024-10-20,2024-10-20 15:22,2401,GST Output Liability,,22500.90,GST output on CA/24-25/0313,SalesModule,ACCT-3,
SAL-00614,Sales,2025-01-03,2025-01-03 18:51,1201,Sundry Debtors,195062.26,,Customer 004 Retail inv CA/24-25/0314,SalesModule,ACCT-2,
SAL-00614,Sales,2025-01-03,2025-01-03 18:51,4001,Sales - Trading Goods,,165307.00,Sales inv CA/24-25/0314,SalesModule,ACCT-2,
SAL-00614,Sales,2025-01-03,2025-01-03 18:51,2401,GST Output Liability,,29755.26,GST output on CA/24-25/0314,SalesModule,ACCT-2,
SAL-00615,Sales,2024-04-03,2024-04-03 09:45,1201,Sundry Debtors,287536.50,,Customer 027 Retail inv CA/24-25/0315,SalesModule,ACCT-2,
SAL-00615,Sales,2024-04-03,2024-04-03 09:45,4001,Sales - Trading Goods,,243675.00,Sales inv CA/24-25/0315,SalesModule,ACCT-2,
SAL-00615,Sales,2024-04-03,2024-04-03 09:45,2401,GST Output Liability,,43861.50,GST output on CA/24-25/0315,SalesModule,ACCT-2,
SAL-00616,Sales,2024-09-08,2024-09-08 18:27,1201,Sundry Debtors,116631.20,,Customer 016 Retail inv CA/24-25/0316,SalesModule,ACCT-2,
SAL-00616,Sales,2024-09-08,2024-09-08 18:27,4001,Sales - Trading Goods,,98840.00,Sales inv CA/24-25/0316,SalesModule,ACCT-2,
SAL-00616,Sales,2024-09-08,2024-09-08 18:27,2401,GST Output Liability,,17791.20,GST output on CA/24-25/0316,SalesModule,ACCT-2,
SAL-00617,Sales,2024-10-04,2024-10-04 13:05,1201,Sundry Debtors,155585.36,,Customer 011 Retail inv CA/24-25/0317,SalesModule,ACCT-1,
SAL-00617,Sales,2024-10-04,2024-10-04 13:05,4001,Sales - Trading Goods,,131852.00,Sales inv CA/24-25/0317,SalesModule,ACCT-1,
SAL-00617,Sales,2024-10-04,2024-10-04 13:05,2401,GST Output Liability,,23733.36,GST output on CA/24-25/0317,SalesModule,ACCT-1,
SAL-00618,Sales,2024-08-13,2024-08-13 17:44,1201,Sundry Debtors,384684.72,,Customer 021 Retail inv CA/24-25/0318,SalesModule,ACCT-3,
SAL-00618,Sales,2024-08-13,2024-08-13 17:44,4001,Sales - Trading Goods,,326004.00,Sales inv CA/24-25/0318,SalesModule,ACCT-3,
SAL-00618,Sales,2024-08-13,2024-08-13 17:44,2401,GST Output Liability,,58680.72,GST output on CA/24-25/0318,SalesModule,ACCT-3,
SAL-00619,Sales,2024-08-24,2024-08-24 09:08,1201,Sundry Debtors,335297.00,,Customer 028 Retail inv CA/24-25/0319,SalesModule,ACCT-3,
SAL-00619,Sales,2024-08-24,2024-08-24 09:08,4001,Sales - Trading Goods,,284150.00,Sales inv CA/24-25/0319,SalesModule,ACCT-3,
SAL-00619,Sales,2024-08-24,2024-08-24 09:08,2401,GST Output Liability,,51147.00,GST output on CA/24-25/0319,SalesModule,ACCT-3,
SAL-00620,Sales,2024-04-05,2024-04-05 17:42,1201,Sundry Debtors,105621.80,,Customer 014 Retail inv CA/24-25/0320,SalesModule,ACCT-3,
SAL-00620,Sales,2024-04-05,2024-04-05 17:42,4001,Sales - Trading Goods,,89510.00,Sales inv CA/24-25/0320,SalesModule,ACCT-3,
SAL-00620,Sales,2024-04-05,2024-04-05 17:42,2401,GST Output Liability,,16111.80,GST output on CA/24-25/0320,SalesModule,ACCT-3,
SAL-00621,Sales,2024-07-25,2024-07-25 15:26,1201,Sundry Debtors,421413.40,,Customer 008 Retail inv CA/24-25/0321,SalesModule,ACCT-2,
SAL-00621,Sales,2024-07-25,2024-07-25 15:26,4001,Sales - Trading Goods,,357130.00,Sales inv CA/24-25/0321,SalesModule,ACCT-2,
SAL-00621,Sales,2024-07-25,2024-07-25 15:26,2401,GST Output Liability,,64283.40,GST output on CA/24-25/0321,SalesModule,ACCT-2,
SAL-00622,Sales,2024-07-16,2024-07-16 11:53,1201,Sundry Debtors,342440.72,,Customer 030 Retail inv CA/24-25/0322,SalesModule,ACCT-2,
SAL-00622,Sales,2024-07-16,2024-07-16 11:53,4001,Sales - Trading Goods,,290204.00,Sales inv CA/24-25/0322,SalesModule,ACCT-2,
SAL-00622,Sales,2024-07-16,2024-07-16 11:53,2401,GST Output Liability,,52236.72,GST output on CA/24-25/0322,SalesModule,ACCT-2,
SAL-00623,Sales,2024-05-27,2024-05-27 13:45,1201,Sundry Debtors,66372.64,,Customer 017 Retail inv CA/24-25/0323,SalesModule,ACCT-3,
SAL-00623,Sales,2024-05-27,2024-05-27 13:45,4001,Sales - Trading Goods,,56248.00,Sales inv CA/24-25/0323,SalesModule,ACCT-3,
SAL-00623,Sales,2024-05-27,2024-05-27 13:45,2401,GST Output Liability,,10124.64,GST output on CA/24-25/0323,SalesModule,ACCT-3,
SAL-00624,Sales,2024-07-24,2024-07-24 17:28,1201,Sundry Debtors,65814.50,,Customer 018 Retail inv CA/24-25/0324,SalesModule,ACCT-1,
SAL-00624,Sales,2024-07-24,2024-07-24 17:28,4001,Sales - Trading Goods,,55775.00,Sales inv CA/24-25/0324,SalesModule,ACCT-1,
SAL-00624,Sales,2024-07-24,2024-07-24 17:28,2401,GST Output Liability,,10039.50,GST output on CA/24-25/0324,SalesModule,ACCT-1,
SAL-00625,Sales,2024-10-23,2024-10-23 12:35,1201,Sundry Debtors,345843.84,,Customer 010 Retail inv CA/24-25/0325,SalesModule,ACCT-3,
SAL-00625,Sales,2024-10-23,2024-10-23 12:35,4001,Sales - Trading Goods,,293088.00,Sales inv CA/24-25/0325,SalesModule,ACCT-3,
SAL-00625,Sales,2024-10-23,2024-10-23 12:35,2401,GST Output Liability,,52755.84,GST output on CA/24-25/0325,SalesModule,ACCT-3,
SAL-00626,Sales,2024-07-09,2024-07-09 16:50,1201,Sundry Debtors,415853.24,,Customer 003 Retail inv CA/24-25/0326,SalesModule,ACCT-2,
SAL-00626,Sales,2024-07-09,2024-07-09 16:50,4001,Sales - Trading Goods,,352418.00,Sales inv CA/24-25/0326,SalesModule,ACCT-2,
SAL-00626,Sales,2024-07-09,2024-07-09 16:50,2401,GST Output Liability,,63435.24,GST output on CA/24-25/0326,SalesModule,ACCT-2,
SAL-00627,Sales,2024-06-13,2024-06-13 17:17,1201,Sundry Debtors,314678.86,,Customer 030 Retail inv CA/24-25/0327,SalesModule,ACCT-3,
SAL-00627,Sales,2024-06-13,2024-06-13 17:17,4001,Sales - Trading Goods,,266677.00,Sales inv CA/24-25/0327,SalesModule,ACCT-3,
SAL-00627,Sales,2024-06-13,2024-06-13 17:17,2401,GST Output Liability,,48001.86,GST output on CA/24-25/0327,SalesModule,ACCT-3,
SAL-00628,Sales,2024-10-27,2024-10-27 16:07,1201,Sundry Debtors,272373.50,,Customer 024 Retail inv CA/24-25/0328,SalesModule,ACCT-3,
SAL-00628,Sales,2024-10-27,2024-10-27 16:07,4001,Sales - Trading Goods,,230825.00,Sales inv CA/24-25/0328,SalesModule,ACCT-3,
SAL-00628,Sales,2024-10-27,2024-10-27 16:07,2401,GST Output Liability,,41548.50,GST output on CA/24-25/0328,SalesModule,ACCT-3,
SAL-00629,Sales,2025-02-20,2025-02-20 15:57,1201,Sundry Debtors,158858.68,,Customer 001 Retail inv CA/24-25/0329,SalesModule,ACCT-3,
SAL-00629,Sales,2025-02-20,2025-02-20 15:57,4001,Sales - Trading Goods,,134626.00,Sales inv CA/24-25/0329,SalesModule,ACCT-3,
SAL-00629,Sales,2025-02-20,2025-02-20 15:57,2401,GST Output Liability,,24232.68,GST output on CA/24-25/0329,SalesModule,ACCT-3,
SAL-00630,Sales,2025-03-09,2025-03-09 15:19,1201,Sundry Debtors,12687.36,,Customer 023 Retail inv CA/24-25/0330,SalesModule,ACCT-3,
SAL-00630,Sales,2025-03-09,2025-03-09 15:19,4001,Sales - Trading Goods,,10752.00,Sales inv CA/24-25/0330,SalesModule,ACCT-3,
SAL-00630,Sales,2025-03-09,2025-03-09 15:19,2401,GST Output Liability,,1935.36,GST output on CA/24-25/0330,SalesModule,ACCT-3,
SAL-00631,Sales,2024-07-16,2024-07-16 13:57,1201,Sundry Debtors,98374.24,,Customer 003 Retail inv CA/24-25/0331,SalesModule,ACCT-1,
SAL-00631,Sales,2024-07-16,2024-07-16 13:57,4001,Sales - Trading Goods,,83368.00,Sales inv CA/24-25/0331,SalesModule,ACCT-1,
SAL-00631,Sales,2024-07-16,2024-07-16 13:57,2401,GST Output Liability,,15006.24,GST output on CA/24-25/0331,SalesModule,ACCT-1,
SAL-00632,Sales,2024-08-09,2024-08-09 10:03,1201,Sundry Debtors,153194.68,,Customer 005 Retail inv CA/24-25/0332,SalesModule,ACCT-2,
SAL-00632,Sales,2024-08-09,2024-08-09 10:03,4001,Sales - Trading Goods,,129826.00,Sales inv CA/24-25/0332,SalesModule,ACCT-2,
SAL-00632,Sales,2024-08-09,2024-08-09 10:03,2401,GST Output Liability,,23368.68,GST output on CA/24-25/0332,SalesModule,ACCT-2,
SAL-00633,Sales,2024-06-17,2024-06-17 18:30,1201,Sundry Debtors,412784.06,,Customer 013 Retail inv CA/24-25/0333,SalesModule,ACCT-2,
SAL-00633,Sales,2024-06-17,2024-06-17 18:30,4001,Sales - Trading Goods,,349817.00,Sales inv CA/24-25/0333,SalesModule,ACCT-2,
SAL-00633,Sales,2024-06-17,2024-06-17 18:30,2401,GST Output Liability,,62967.06,GST output on CA/24-25/0333,SalesModule,ACCT-2,
SAL-00634,Sales,2025-02-08,2025-02-08 11:18,1201,Sundry Debtors,169116.42,,Customer 020 Retail inv CA/24-25/0334,SalesModule,ACCT-1,
SAL-00634,Sales,2025-02-08,2025-02-08 11:18,4001,Sales - Trading Goods,,143319.00,Sales inv CA/24-25/0334,SalesModule,ACCT-1,
SAL-00634,Sales,2025-02-08,2025-02-08 11:18,2401,GST Output Liability,,25797.42,GST output on CA/24-25/0334,SalesModule,ACCT-1,
SAL-00635,Sales,2024-10-01,2024-10-01 11:36,1201,Sundry Debtors,261683.88,,Customer 019 Retail inv CA/24-25/0335,SalesModule,ACCT-2,
SAL-00635,Sales,2024-10-01,2024-10-01 11:36,4001,Sales - Trading Goods,,221766.00,Sales inv CA/24-25/0335,SalesModule,ACCT-2,
SAL-00635,Sales,2024-10-01,2024-10-01 11:36,2401,GST Output Liability,,39917.88,GST output on CA/24-25/0335,SalesModule,ACCT-2,
SAL-00636,Sales,2025-01-04,2025-01-04 14:48,1201,Sundry Debtors,213541.06,,Customer 004 Retail inv CA/24-25/0336,SalesModule,ACCT-1,
SAL-00636,Sales,2025-01-04,2025-01-04 14:48,4001,Sales - Trading Goods,,180967.00,Sales inv CA/24-25/0336,SalesModule,ACCT-1,
SAL-00636,Sales,2025-01-04,2025-01-04 14:48,2401,GST Output Liability,,32574.06,GST output on CA/24-25/0336,SalesModule,ACCT-1,
SAL-00637,Sales,2024-09-17,2024-09-17 15:36,1201,Sundry Debtors,306063.68,,Customer 016 Retail inv CA/24-25/0337,SalesModule,ACCT-3,
SAL-00637,Sales,2024-09-17,2024-09-17 15:36,4001,Sales - Trading Goods,,259376.00,Sales inv CA/24-25/0337,SalesModule,ACCT-3,
SAL-00637,Sales,2024-09-17,2024-09-17 15:36,2401,GST Output Liability,,46687.68,GST output on CA/24-25/0337,SalesModule,ACCT-3,
SAL-00638,Sales,2024-08-17,2024-08-17 17:24,1201,Sundry Debtors,296408.92,,Customer 030 Retail inv CA/24-25/0338,SalesModule,ACCT-2,
SAL-00638,Sales,2024-08-17,2024-08-17 17:24,4001,Sales - Trading Goods,,251194.00,Sales inv CA/24-25/0338,SalesModule,ACCT-2,
SAL-00638,Sales,2024-08-17,2024-08-17 17:24,2401,GST Output Liability,,45214.92,GST output on CA/24-25/0338,SalesModule,ACCT-2,
SAL-00639,Sales,2025-03-24,2025-03-24 13:35,1201,Sundry Debtors,176471.36,,Customer 025 Retail inv CA/24-25/0339,SalesModule,ACCT-1,
SAL-00639,Sales,2025-03-24,2025-03-24 13:35,4001,Sales - Trading Goods,,149552.00,Sales inv CA/24-25/0339,SalesModule,ACCT-1,
SAL-00639,Sales,2025-03-24,2025-03-24 13:35,2401,GST Output Liability,,26919.36,GST output on CA/24-25/0339,SalesModule,ACCT-1,
SAL-00640,Sales,2025-03-04,2025-03-04 18:22,1201,Sundry Debtors,69008.76,,Customer 013 Retail inv CA/24-25/0340,SalesModule,ACCT-2,
SAL-00640,Sales,2025-03-04,2025-03-04 18:22,4001,Sales - Trading Goods,,58482.00,Sales inv CA/24-25/0340,SalesModule,ACCT-2,
SAL-00640,Sales,2025-03-04,2025-03-04 18:22,2401,GST Output Liability,,10526.76,GST output on CA/24-25/0340,SalesModule,ACCT-2,
SAL-00641,Sales,2024-05-12,2024-05-12 12:51,1201,Sundry Debtors,297538.18,,Customer 007 Retail inv CA/24-25/0341,SalesModule,ACCT-1,
SAL-00641,Sales,2024-05-12,2024-05-12 12:51,4001,Sales - Trading Goods,,252151.00,Sales inv CA/24-25/0341,SalesModule,ACCT-1,
SAL-00641,Sales,2024-05-12,2024-05-12 12:51,2401,GST Output Liability,,45387.18,GST output on CA/24-25/0341,SalesModule,ACCT-1,
SAL-00642,Sales,2024-12-29,2024-12-29 18:56,1201,Sundry Debtors,348056.34,,Customer 030 Retail inv CA/24-25/0342,SalesModule,ACCT-3,
SAL-00642,Sales,2024-12-29,2024-12-29 18:56,4001,Sales - Trading Goods,,294963.00,Sales inv CA/24-25/0342,SalesModule,ACCT-3,
SAL-00642,Sales,2024-12-29,2024-12-29 18:56,2401,GST Output Liability,,53093.34,GST output on CA/24-25/0342,SalesModule,ACCT-3,
SAL-00643,Sales,2024-05-15,2024-05-15 12:46,1201,Sundry Debtors,121235.56,,Customer 011 Retail inv CA/24-25/0343,SalesModule,ACCT-3,
SAL-00643,Sales,2024-05-15,2024-05-15 12:46,4001,Sales - Trading Goods,,102742.00,Sales inv CA/24-25/0343,SalesModule,ACCT-3,
SAL-00643,Sales,2024-05-15,2024-05-15 12:46,2401,GST Output Liability,,18493.56,GST output on CA/24-25/0343,SalesModule,ACCT-3,
SAL-00644,Sales,2024-11-16,2024-11-16 14:06,1201,Sundry Debtors,190695.08,,Customer 021 Retail inv CA/24-25/0344,SalesModule,ACCT-1,
SAL-00644,Sales,2024-11-16,2024-11-16 14:06,4001,Sales - Trading Goods,,161606.00,Sales inv CA/24-25/0344,SalesModule,ACCT-1,
SAL-00644,Sales,2024-11-16,2024-11-16 14:06,2401,GST Output Liability,,29089.08,GST output on CA/24-25/0344,SalesModule,ACCT-1,
SAL-00645,Sales,2024-08-08,2024-08-08 17:38,1201,Sundry Debtors,330421.24,,Customer 005 Retail inv CA/24-25/0345,SalesModule,ACCT-2,
SAL-00645,Sales,2024-08-08,2024-08-08 17:38,4001,Sales - Trading Goods,,280018.00,Sales inv CA/24-25/0345,SalesModule,ACCT-2,
SAL-00645,Sales,2024-08-08,2024-08-08 17:38,2401,GST Output Liability,,50403.24,GST output on CA/24-25/0345,SalesModule,ACCT-2,
SAL-00646,Sales,2025-03-03,2025-03-03 18:35,1201,Sundry Debtors,44943.84,,Customer 007 Retail inv CA/24-25/0346,SalesModule,ACCT-3,
SAL-00646,Sales,2025-03-03,2025-03-03 18:35,4001,Sales - Trading Goods,,38088.00,Sales inv CA/24-25/0346,SalesModule,ACCT-3,
SAL-00646,Sales,2025-03-03,2025-03-03 18:35,2401,GST Output Liability,,6855.84,GST output on CA/24-25/0346,SalesModule,ACCT-3,
SAL-00647,Sales,2024-04-12,2024-04-12 16:45,1201,Sundry Debtors,279583.30,,Customer 002 Retail inv CA/24-25/0347,SalesModule,ACCT-2,
SAL-00647,Sales,2024-04-12,2024-04-12 16:45,4001,Sales - Trading Goods,,236935.00,Sales inv CA/24-25/0347,SalesModule,ACCT-2,
SAL-00647,Sales,2024-04-12,2024-04-12 16:45,2401,GST Output Liability,,42648.30,GST output on CA/24-25/0347,SalesModule,ACCT-2,
SAL-00648,Sales,2024-09-25,2024-09-25 16:15,1201,Sundry Debtors,417555.98,,Customer 016 Retail inv CA/24-25/0348,SalesModule,ACCT-2,
SAL-00648,Sales,2024-09-25,2024-09-25 16:15,4001,Sales - Trading Goods,,353861.00,Sales inv CA/24-25/0348,SalesModule,ACCT-2,
SAL-00648,Sales,2024-09-25,2024-09-25 16:15,2401,GST Output Liability,,63694.98,GST output on CA/24-25/0348,SalesModule,ACCT-2,
SAL-00649,Sales,2025-01-12,2025-01-12 17:21,1201,Sundry Debtors,147872.88,,Customer 009 Retail inv CA/24-25/0349,SalesModule,ACCT-3,
SAL-00649,Sales,2025-01-12,2025-01-12 17:21,4001,Sales - Trading Goods,,125316.00,Sales inv CA/24-25/0349,SalesModule,ACCT-3,
SAL-00649,Sales,2025-01-12,2025-01-12 17:21,2401,GST Output Liability,,22556.88,GST output on CA/24-25/0349,SalesModule,ACCT-3,
SAL-00650,Sales,2024-06-01,2024-06-01 11:15,1201,Sundry Debtors,175306.70,,Customer 020 Retail inv CA/24-25/0350,SalesModule,ACCT-1,
SAL-00650,Sales,2024-06-01,2024-06-01 11:15,4001,Sales - Trading Goods,,148565.00,Sales inv CA/24-25/0350,SalesModule,ACCT-1,
SAL-00650,Sales,2024-06-01,2024-06-01 11:15,2401,GST Output Liability,,26741.70,GST output on CA/24-25/0350,SalesModule,ACCT-1,
SAL-00651,Sales,2024-09-02,2024-09-02 12:00,1201,Sundry Debtors,442399.70,,Customer 006 Retail inv CA/24-25/0351,SalesModule,ACCT-1,
SAL-00651,Sales,2024-09-02,2024-09-02 12:00,4001,Sales - Trading Goods,,374915.00,Sales inv CA/24-25/0351,SalesModule,ACCT-1,
SAL-00651,Sales,2024-09-02,2024-09-02 12:00,2401,GST Output Liability,,67484.70,GST output on CA/24-25/0351,SalesModule,ACCT-1,
SAL-00652,Sales,2024-04-21,2024-04-21 16:59,1201,Sundry Debtors,437177.02,,Customer 015 Retail inv CA/24-25/0352,SalesModule,ACCT-1,
SAL-00652,Sales,2024-04-21,2024-04-21 16:59,4001,Sales - Trading Goods,,370489.00,Sales inv CA/24-25/0352,SalesModule,ACCT-1,
SAL-00652,Sales,2024-04-21,2024-04-21 16:59,2401,GST Output Liability,,66688.02,GST output on CA/24-25/0352,SalesModule,ACCT-1,
SAL-00653,Sales,2025-02-02,2025-02-02 18:01,1201,Sundry Debtors,421749.70,,Customer 022 Retail inv CA/24-25/0353,SalesModule,ACCT-3,
SAL-00653,Sales,2025-02-02,2025-02-02 18:01,4001,Sales - Trading Goods,,357415.00,Sales inv CA/24-25/0353,SalesModule,ACCT-3,
SAL-00653,Sales,2025-02-02,2025-02-02 18:01,2401,GST Output Liability,,64334.70,GST output on CA/24-25/0353,SalesModule,ACCT-3,
SAL-00654,Sales,2024-06-05,2024-06-05 13:32,1201,Sundry Debtors,409825.80,,Customer 012 Retail inv CA/24-25/0354,SalesModule,ACCT-3,
SAL-00654,Sales,2024-06-05,2024-06-05 13:32,4001,Sales - Trading Goods,,347310.00,Sales inv CA/24-25/0354,SalesModule,ACCT-3,
SAL-00654,Sales,2024-06-05,2024-06-05 13:32,2401,GST Output Liability,,62515.80,GST output on CA/24-25/0354,SalesModule,ACCT-3,
SAL-00655,Sales,2024-04-06,2024-04-06 09:04,1201,Sundry Debtors,54038.10,,Customer 023 Retail inv CA/24-25/0355,SalesModule,ACCT-1,
SAL-00655,Sales,2024-04-06,2024-04-06 09:04,4001,Sales - Trading Goods,,45795.00,Sales inv CA/24-25/0355,SalesModule,ACCT-1,
SAL-00655,Sales,2024-04-06,2024-04-06 09:04,2401,GST Output Liability,,8243.10,GST output on CA/24-25/0355,SalesModule,ACCT-1,
SAL-00656,Sales,2024-04-22,2024-04-22 17:25,1201,Sundry Debtors,234808.20,,Customer 010 Retail inv CA/24-25/0356,SalesModule,ACCT-3,
SAL-00656,Sales,2024-04-22,2024-04-22 17:25,4001,Sales - Trading Goods,,198990.00,Sales inv CA/24-25/0356,SalesModule,ACCT-3,
SAL-00656,Sales,2024-04-22,2024-04-22 17:25,2401,GST Output Liability,,35818.20,GST output on CA/24-25/0356,SalesModule,ACCT-3,
SAL-00657,Sales,2024-11-19,2024-11-19 18:46,1201,Sundry Debtors,388081.94,,Customer 018 Retail inv CA/24-25/0357,SalesModule,ACCT-1,
SAL-00657,Sales,2024-11-19,2024-11-19 18:46,4001,Sales - Trading Goods,,328883.00,Sales inv CA/24-25/0357,SalesModule,ACCT-1,
SAL-00657,Sales,2024-11-19,2024-11-19 18:46,2401,GST Output Liability,,59198.94,GST output on CA/24-25/0357,SalesModule,ACCT-1,
SAL-00658,Sales,2025-01-06,2025-01-06 09:04,1201,Sundry Debtors,236059.00,,Customer 022 Retail inv CA/24-25/0358,SalesModule,ACCT-1,
SAL-00658,Sales,2025-01-06,2025-01-06 09:04,4001,Sales - Trading Goods,,200050.00,Sales inv CA/24-25/0358,SalesModule,ACCT-1,
SAL-00658,Sales,2025-01-06,2025-01-06 09:04,2401,GST Output Liability,,36009.00,GST output on CA/24-25/0358,SalesModule,ACCT-1,
SAL-00659,Sales,2025-03-15,2025-03-15 09:15,1201,Sundry Debtors,23694.40,,Customer 023 Retail inv CA/24-25/0359,SalesModule,ACCT-2,
SAL-00659,Sales,2025-03-15,2025-03-15 09:15,4001,Sales - Trading Goods,,20080.00,Sales inv CA/24-25/0359,SalesModule,ACCT-2,
SAL-00659,Sales,2025-03-15,2025-03-15 09:15,2401,GST Output Liability,,3614.40,GST output on CA/24-25/0359,SalesModule,ACCT-2,
SAL-00660,Sales,2025-01-06,2025-01-06 11:50,1201,Sundry Debtors,201212.42,,Customer 008 Retail inv CA/24-25/0360,SalesModule,ACCT-1,
SAL-00660,Sales,2025-01-06,2025-01-06 11:50,4001,Sales - Trading Goods,,170519.00,Sales inv CA/24-25/0360,SalesModule,ACCT-1,
SAL-00660,Sales,2025-01-06,2025-01-06 11:50,2401,GST Output Liability,,30693.42,GST output on CA/24-25/0360,SalesModule,ACCT-1,
SAL-00661,Sales,2024-10-23,2024-10-23 10:41,1201,Sundry Debtors,76849.86,,Customer 005 Retail inv CA/24-25/0361,SalesModule,ACCT-2,
SAL-00661,Sales,2024-10-23,2024-10-23 10:41,4001,Sales - Trading Goods,,65127.00,Sales inv CA/24-25/0361,SalesModule,ACCT-2,
SAL-00661,Sales,2024-10-23,2024-10-23 10:41,2401,GST Output Liability,,11722.86,GST output on CA/24-25/0361,SalesModule,ACCT-2,
SAL-00662,Sales,2025-02-17,2025-02-17 13:07,1201,Sundry Debtors,257420.54,,Customer 028 Retail inv CA/24-25/0362,SalesModule,ACCT-3,
SAL-00662,Sales,2025-02-17,2025-02-17 13:07,4001,Sales - Trading Goods,,218153.00,Sales inv CA/24-25/0362,SalesModule,ACCT-3,
SAL-00662,Sales,2025-02-17,2025-02-17 13:07,2401,GST Output Liability,,39267.54,GST output on CA/24-25/0362,SalesModule,ACCT-3,
SAL-00663,Sales,2024-05-03,2024-05-03 09:23,1201,Sundry Debtors,401423.02,,Customer 011 Retail inv CA/24-25/0363,SalesModule,ACCT-1,
SAL-00663,Sales,2024-05-03,2024-05-03 09:23,4001,Sales - Trading Goods,,340189.00,Sales inv CA/24-25/0363,SalesModule,ACCT-1,
SAL-00663,Sales,2024-05-03,2024-05-03 09:23,2401,GST Output Liability,,61234.02,GST output on CA/24-25/0363,SalesModule,ACCT-1,
SAL-00664,Sales,2024-07-18,2024-07-18 12:00,1201,Sundry Debtors,405396.08,,Customer 014 Retail inv CA/24-25/0364,SalesModule,ACCT-1,
SAL-00664,Sales,2024-07-18,2024-07-18 12:00,4001,Sales - Trading Goods,,343556.00,Sales inv CA/24-25/0364,SalesModule,ACCT-1,
SAL-00664,Sales,2024-07-18,2024-07-18 12:00,2401,GST Output Liability,,61840.08,GST output on CA/24-25/0364,SalesModule,ACCT-1,
SAL-00665,Sales,2025-02-12,2025-02-12 12:00,1201,Sundry Debtors,74833.24,,Customer 028 Retail inv CA/24-25/0365,SalesModule,ACCT-3,
SAL-00665,Sales,2025-02-12,2025-02-12 12:00,4001,Sales - Trading Goods,,63418.00,Sales inv CA/24-25/0365,SalesModule,ACCT-3,
SAL-00665,Sales,2025-02-12,2025-02-12 12:00,2401,GST Output Liability,,11415.24,GST output on CA/24-25/0365,SalesModule,ACCT-3,
SAL-00666,Sales,2024-10-25,2024-10-25 10:04,1201,Sundry Debtors,331063.16,,Customer 001 Retail inv CA/24-25/0366,SalesModule,ACCT-2,
SAL-00666,Sales,2024-10-25,2024-10-25 10:04,4001,Sales - Trading Goods,,280562.00,Sales inv CA/24-25/0366,SalesModule,ACCT-2,
SAL-00666,Sales,2024-10-25,2024-10-25 10:04,2401,GST Output Liability,,50501.16,GST output on CA/24-25/0366,SalesModule,ACCT-2,
SAL-00667,Sales,2024-04-23,2024-04-23 18:32,1201,Sundry Debtors,338945.56,,Customer 008 Retail inv CA/24-25/0367,SalesModule,ACCT-3,
SAL-00667,Sales,2024-04-23,2024-04-23 18:32,4001,Sales - Trading Goods,,287242.00,Sales inv CA/24-25/0367,SalesModule,ACCT-3,
SAL-00667,Sales,2024-04-23,2024-04-23 18:32,2401,GST Output Liability,,51703.56,GST output on CA/24-25/0367,SalesModule,ACCT-3,
SAL-00668,Sales,2025-01-16,2025-01-16 18:47,1201,Sundry Debtors,433698.38,,Customer 030 Retail inv CA/24-25/0368,SalesModule,ACCT-3,
SAL-00668,Sales,2025-01-16,2025-01-16 18:47,4001,Sales - Trading Goods,,367541.00,Sales inv CA/24-25/0368,SalesModule,ACCT-3,
SAL-00668,Sales,2025-01-16,2025-01-16 18:47,2401,GST Output Liability,,66157.38,GST output on CA/24-25/0368,SalesModule,ACCT-3,
SAL-00669,Sales,2024-05-12,2024-05-12 15:13,1201,Sundry Debtors,317176.92,,Customer 019 Retail inv CA/24-25/0369,SalesModule,ACCT-2,
SAL-00669,Sales,2024-05-12,2024-05-12 15:13,4001,Sales - Trading Goods,,268794.00,Sales inv CA/24-25/0369,SalesModule,ACCT-2,
SAL-00669,Sales,2024-05-12,2024-05-12 15:13,2401,GST Output Liability,,48382.92,GST output on CA/24-25/0369,SalesModule,ACCT-2,
SAL-00670,Sales,2025-01-24,2025-01-24 15:16,1201,Sundry Debtors,191060.88,,Customer 022 Retail inv CA/24-25/0370,SalesModule,ACCT-3,
SAL-00670,Sales,2025-01-24,2025-01-24 15:16,4001,Sales - Trading Goods,,161916.00,Sales inv CA/24-25/0370,SalesModule,ACCT-3,
SAL-00670,Sales,2025-01-24,2025-01-24 15:16,2401,GST Output Liability,,29144.88,GST output on CA/24-25/0370,SalesModule,ACCT-3,
SAL-00671,Sales,2024-05-15,2024-05-15 13:44,1201,Sundry Debtors,106428.92,,Customer 006 Retail inv CA/24-25/0371,SalesModule,ACCT-1,
SAL-00671,Sales,2024-05-15,2024-05-15 13:44,4001,Sales - Trading Goods,,90194.00,Sales inv CA/24-25/0371,SalesModule,ACCT-1,
SAL-00671,Sales,2024-05-15,2024-05-15 13:44,2401,GST Output Liability,,16234.92,GST output on CA/24-25/0371,SalesModule,ACCT-1,
SAL-00672,Sales,2024-12-02,2024-12-02 15:29,1201,Sundry Debtors,96009.52,,Customer 007 Retail inv CA/24-25/0372,SalesModule,ACCT-3,
SAL-00672,Sales,2024-12-02,2024-12-02 15:29,4001,Sales - Trading Goods,,81364.00,Sales inv CA/24-25/0372,SalesModule,ACCT-3,
SAL-00672,Sales,2024-12-02,2024-12-02 15:29,2401,GST Output Liability,,14645.52,GST output on CA/24-25/0372,SalesModule,ACCT-3,
SAL-00673,Sales,2024-04-29,2024-04-29 10:51,1201,Sundry Debtors,373366.16,,Customer 023 Retail inv CA/24-25/0373,SalesModule,ACCT-2,
SAL-00673,Sales,2024-04-29,2024-04-29 10:51,4001,Sales - Trading Goods,,316412.00,Sales inv CA/24-25/0373,SalesModule,ACCT-2,
SAL-00673,Sales,2024-04-29,2024-04-29 10:51,2401,GST Output Liability,,56954.16,GST output on CA/24-25/0373,SalesModule,ACCT-2,
SAL-00674,Sales,2024-06-03,2024-06-03 15:33,1201,Sundry Debtors,148486.48,,Customer 010 Retail inv CA/24-25/0374,SalesModule,ACCT-2,
SAL-00674,Sales,2024-06-03,2024-06-03 15:33,4001,Sales - Trading Goods,,125836.00,Sales inv CA/24-25/0374,SalesModule,ACCT-2,
SAL-00674,Sales,2024-06-03,2024-06-03 15:33,2401,GST Output Liability,,22650.48,GST output on CA/24-25/0374,SalesModule,ACCT-2,
SAL-00675,Sales,2024-08-15,2024-08-15 09:49,1201,Sundry Debtors,79415.18,,Customer 010 Retail inv CA/24-25/0375,SalesModule,ACCT-2,
SAL-00675,Sales,2024-08-15,2024-08-15 09:49,4001,Sales - Trading Goods,,67301.00,Sales inv CA/24-25/0375,SalesModule,ACCT-2,
SAL-00675,Sales,2024-08-15,2024-08-15 09:49,2401,GST Output Liability,,12114.18,GST output on CA/24-25/0375,SalesModule,ACCT-2,
SAL-00676,Sales,2025-01-20,2025-01-20 12:21,1201,Sundry Debtors,337026.88,,Customer 024 Retail inv CA/24-25/0376,SalesModule,ACCT-1,
SAL-00676,Sales,2025-01-20,2025-01-20 12:21,4001,Sales - Trading Goods,,285616.00,Sales inv CA/24-25/0376,SalesModule,ACCT-1,
SAL-00676,Sales,2025-01-20,2025-01-20 12:21,2401,GST Output Liability,,51410.88,GST output on CA/24-25/0376,SalesModule,ACCT-1,
SAL-00677,Sales,2025-01-28,2025-01-28 14:06,1201,Sundry Debtors,18880.00,,Customer 030 Retail inv CA/24-25/0377,SalesModule,ACCT-2,
SAL-00677,Sales,2025-01-28,2025-01-28 14:06,4001,Sales - Trading Goods,,16000.00,Sales inv CA/24-25/0377,SalesModule,ACCT-2,
SAL-00677,Sales,2025-01-28,2025-01-28 14:06,2401,GST Output Liability,,2880.00,GST output on CA/24-25/0377,SalesModule,ACCT-2,
SAL-00678,Sales,2024-10-17,2024-10-17 14:43,1201,Sundry Debtors,324466.96,,Customer 012 Retail inv CA/24-25/0378,SalesModule,ACCT-1,
SAL-00678,Sales,2024-10-17,2024-10-17 14:43,4001,Sales - Trading Goods,,274972.00,Sales inv CA/24-25/0378,SalesModule,ACCT-1,
SAL-00678,Sales,2024-10-17,2024-10-17 14:43,2401,GST Output Liability,,49494.96,GST output on CA/24-25/0378,SalesModule,ACCT-1,
SAL-00679,Sales,2025-01-27,2025-01-27 17:05,1201,Sundry Debtors,28653.94,,Customer 023 Retail inv CA/24-25/0379,SalesModule,ACCT-2,
SAL-00679,Sales,2025-01-27,2025-01-27 17:05,4001,Sales - Trading Goods,,24283.00,Sales inv CA/24-25/0379,SalesModule,ACCT-2,
SAL-00679,Sales,2025-01-27,2025-01-27 17:05,2401,GST Output Liability,,4370.94,GST output on CA/24-25/0379,SalesModule,ACCT-2,
SAL-00680,Sales,2024-07-04,2024-07-04 16:02,1201,Sundry Debtors,430790.86,,Customer 026 Retail inv CA/24-25/0380,SalesModule,ACCT-3,
SAL-00680,Sales,2024-07-04,2024-07-04 16:02,4001,Sales - Trading Goods,,365077.00,Sales inv CA/24-25/0380,SalesModule,ACCT-3,
SAL-00680,Sales,2024-07-04,2024-07-04 16:02,2401,GST Output Liability,,65713.86,GST output on CA/24-25/0380,SalesModule,ACCT-3,
PMT-00681,Payment,2024-06-19,2024-06-19 12:47,2101,Sundry Creditors,186685.44,,Payment to Anand Auto Parts NEFT5000,PaymentModule,ACCT-3,
PMT-00681,Payment,2024-06-19,2024-06-19 12:47,1101,HDFC Bank - CA 8842,,186685.44,Payment to Anand Auto Parts NEFT5000,PaymentModule,ACCT-3,
PMT-00682,Payment,2024-09-23,2024-09-23 14:14,2101,Sundry Creditors,14557.66,,Payment to Jyoti Electrodes NEFT5001,PaymentModule,ACCT-2,
PMT-00682,Payment,2024-09-23,2024-09-23 14:14,1101,HDFC Bank - CA 8842,,14557.66,Payment to Jyoti Electrodes NEFT5001,PaymentModule,ACCT-2,
PMT-00683,Payment,2024-08-29,2024-08-29 09:56,2101,Sundry Creditors,128404.06,,Payment to Falcon Security Services NEFT5002,PaymentModule,ACCT-2,
PMT-00683,Payment,2024-08-29,2024-08-29 09:56,1101,HDFC Bank - CA 8842,,128404.06,Payment to Falcon Security Services NEFT5002,PaymentModule,ACCT-2,
PMT-00684,Payment,2025-02-26,2025-02-26 17:25,2101,Sundry Creditors,114399.82,,Payment to Shree Ram Traders NEFT5003,PaymentModule,ACCT-2,
PMT-00684,Payment,2025-02-26,2025-02-26 17:25,1101,HDFC Bank - CA 8842,,114399.82,Payment to Shree Ram Traders NEFT5003,PaymentModule,ACCT-2,
PMT-00685,Payment,2024-11-22,2024-11-22 14:17,2101,Sundry Creditors,220514.86,,Payment to Omkar Engineering NEFT5004,PaymentModule,ACCT-3,
PMT-00685,Payment,2024-11-22,2024-11-22 14:17,1101,HDFC Bank - CA 8842,,220514.86,Payment to Omkar Engineering NEFT5004,PaymentModule,ACCT-3,
PMT-00686,Payment,2024-10-27,2024-10-27 16:56,2101,Sundry Creditors,123509.42,,Payment to National Weighbridge NEFT5005,PaymentModule,ACCT-3,
PMT-00686,Payment,2024-10-27,2024-10-27 16:56,1101,HDFC Bank - CA 8842,,123509.42,Payment to National Weighbridge NEFT5005,PaymentModule,ACCT-3,
PMT-00687,Payment,2024-12-11,2024-12-11 13:30,2101,Sundry Creditors,222381.62,,Payment to Balaji Packaging Co NEFT5006,PaymentModule,ACCT-3,
PMT-00687,Payment,2024-12-11,2024-12-11 13:30,1101,HDFC Bank - CA 8842,,222381.62,Payment to Balaji Packaging Co NEFT5006,PaymentModule,ACCT-3,
PMT-00688,Payment,2024-09-10,2024-09-10 10:15,2101,Sundry Creditors,62660.36,,Payment to Prakash Machinery NEFT5007,PaymentModule,ACCT-1,
PMT-00688,Payment,2024-09-10,2024-09-10 10:15,1101,HDFC Bank - CA 8842,,62660.36,Payment to Prakash Machinery NEFT5007,PaymentModule,ACCT-1,
PMT-00689,Payment,2024-09-13,2024-09-13 16:51,2101,Sundry Creditors,76820.36,,Payment to Kaveri Transport Co NEFT5008,PaymentModule,ACCT-3,
PMT-00689,Payment,2024-09-13,2024-09-13 16:51,1101,HDFC Bank - CA 8842,,76820.36,Payment to Kaveri Transport Co NEFT5008,PaymentModule,ACCT-3,
PMT-00690,Payment,2024-06-06,2024-06-06 12:58,2101,Sundry Creditors,69916.18,,Payment to Jyoti Electrodes NEFT5009,PaymentModule,ACCT-3,
PMT-00690,Payment,2024-06-06,2024-06-06 12:58,1101,HDFC Bank - CA 8842,,69916.18,Payment to Jyoti Electrodes NEFT5009,PaymentModule,ACCT-3,
PMT-00691,Payment,2024-06-18,2024-06-18 15:43,2101,Sundry Creditors,9560.36,,Payment to Crescent Ceramics NEFT5010,PaymentModule,ACCT-2,
PMT-00691,Payment,2024-06-18,2024-06-18 15:43,1101,HDFC Bank - CA 8842,,9560.36,Payment to Crescent Ceramics NEFT5010,PaymentModule,ACCT-2,
PMT-00692,Payment,2024-11-28,2024-11-28 15:33,2101,Sundry Creditors,86036.16,,Payment to Crescent Ceramics NEFT5011,PaymentModule,ACCT-3,
PMT-00692,Payment,2024-11-28,2024-11-28 15:33,1101,HDFC Bank - CA 8842,,86036.16,Payment to Crescent Ceramics NEFT5011,PaymentModule,ACCT-3,
PMT-00693,Payment,2024-09-03,2024-09-03 18:38,2101,Sundry Creditors,87825.04,,Payment to Falcon Security Services NEFT5012,PaymentModule,ACCT-3,
PMT-00693,Payment,2024-09-03,2024-09-03 18:38,1101,HDFC Bank - CA 8842,,87825.04,Payment to Falcon Security Services NEFT5012,PaymentModule,ACCT-3,
PMT-00694,Payment,2024-11-24,2024-11-24 15:25,2101,Sundry Creditors,103792.80,,Payment to Universal Bearings NEFT5013,PaymentModule,ACCT-3,
PMT-00694,Payment,2024-11-24,2024-11-24 15:25,1101,HDFC Bank - CA 8842,,103792.80,Payment to Universal Bearings NEFT5013,PaymentModule,ACCT-3,
PMT-00695,Payment,2024-10-08,2024-10-08 09:46,2101,Sundry Creditors,76292.90,,Payment to Hitech Instruments NEFT5014,PaymentModule,ACCT-1,
PMT-00695,Payment,2024-10-08,2024-10-08 09:46,1101,HDFC Bank - CA 8842,,76292.90,Payment to Hitech Instruments NEFT5014,PaymentModule,ACCT-1,
PMT-00696,Payment,2024-05-03,2024-05-03 14:35,2101,Sundry Creditors,231950.24,,Payment to National Weighbridge NEFT5015,PaymentModule,ACCT-3,
PMT-00696,Payment,2024-05-03,2024-05-03 14:35,1101,HDFC Bank - CA 8842,,231950.24,Payment to National Weighbridge NEFT5015,PaymentModule,ACCT-3,
PMT-00697,Payment,2025-01-04,2025-01-04 09:14,2101,Sundry Creditors,81257.16,,Payment to Jyoti Electrodes NEFT5016,PaymentModule,ACCT-3,
PMT-00697,Payment,2025-01-04,2025-01-04 09:14,1101,HDFC Bank - CA 8842,,81257.16,Payment to Jyoti Electrodes NEFT5016,PaymentModule,ACCT-3,
PMT-00698,Payment,2025-01-25,2025-01-25 10:42,2101,Sundry Creditors,143263.80,,Payment to Anand Auto Parts NEFT5017,PaymentModule,ACCT-2,
PMT-00698,Payment,2025-01-25,2025-01-25 10:42,1101,HDFC Bank - CA 8842,,143263.80,Payment to Anand Auto Parts NEFT5017,PaymentModule,ACCT-2,
PMT-00699,Payment,2025-02-22,2025-02-22 10:50,2101,Sundry Creditors,173541.42,,Payment to Royal Stationers NEFT5018,PaymentModule,ACCT-1,
PMT-00699,Payment,2025-02-22,2025-02-22 10:50,1101,HDFC Bank - CA 8842,,173541.42,Payment to Royal Stationers NEFT5018,PaymentModule,ACCT-1,
PMT-00700,Payment,2024-07-26,2024-07-26 11:53,2101,Sundry Creditors,92608.76,,Payment to Ganga Traders NEFT5019,PaymentModule,ACCT-2,
PMT-00700,Payment,2024-07-26,2024-07-26 11:53,1101,HDFC Bank - CA 8842,,92608.76,Payment to Ganga Traders NEFT5019,PaymentModule,ACCT-2,
PMT-00701,Payment,2024-06-08,2024-06-08 13:32,2101,Sundry Creditors,103009.28,,Payment to Sunrise Solvents NEFT5020,PaymentModule,ACCT-2,
PMT-00701,Payment,2024-06-08,2024-06-08 13:32,1101,HDFC Bank - CA 8842,,103009.28,Payment to Sunrise Solvents NEFT5020,PaymentModule,ACCT-2,
PMT-00702,Payment,2024-10-12,2024-10-12 13:49,2101,Sundry Creditors,201778.82,,Payment to Xpress Couriers NEFT5021,PaymentModule,ACCT-2,
PMT-00702,Payment,2024-10-12,2024-10-12 13:49,1101,HDFC Bank - CA 8842,,201778.82,Payment to Xpress Couriers NEFT5021,PaymentModule,ACCT-2,
PMT-00703,Payment,2025-03-16,2025-03-16 15:21,2101,Sundry Creditors,217154.22,,Payment to Silverline Pipes NEFT5022,PaymentModule,ACCT-3,
PMT-00703,Payment,2025-03-16,2025-03-16 15:21,1101,HDFC Bank - CA 8842,,217154.22,Payment to Silverline Pipes NEFT5022,PaymentModule,ACCT-3,
PMT-00704,Payment,2025-02-23,2025-02-23 10:13,2101,Sundry Creditors,157361.26,,Payment to Universal Bearings NEFT5023,PaymentModule,ACCT-1,
PMT-00704,Payment,2025-02-23,2025-02-23 10:13,1101,HDFC Bank - CA 8842,,157361.26,Payment to Universal Bearings NEFT5023,PaymentModule,ACCT-1,
PMT-00705,Payment,2024-07-01,2024-07-01 12:03,2101,Sundry Creditors,173900.14,,Payment to Omkar Engineering NEFT5024,PaymentModule,ACCT-2,
PMT-00705,Payment,2024-07-01,2024-07-01 12:03,1101,HDFC Bank - CA 8842,,173900.14,Payment to Omkar Engineering NEFT5024,PaymentModule,ACCT-2,
PMT-00706,Payment,2024-09-13,2024-09-13 09:32,2101,Sundry Creditors,74711.70,,Payment to Pioneer Plastics NEFT5025,PaymentModule,ACCT-3,
PMT-00706,Payment,2024-09-13,2024-09-13 09:32,1101,HDFC Bank - CA 8842,,74711.70,Payment to Pioneer Plastics NEFT5025,PaymentModule,ACCT-3,
PMT-00707,Payment,2025-01-24,2025-01-24 16:41,2101,Sundry Creditors,87544.20,,Payment to Everest Scaffolding NEFT5026,PaymentModule,ACCT-1,
PMT-00707,Payment,2025-01-24,2025-01-24 16:41,1101,HDFC Bank - CA 8842,,87544.20,Payment to Everest Scaffolding NEFT5026,PaymentModule,ACCT-1,
PMT-00708,Payment,2024-06-01,2024-06-01 16:07,2101,Sundry Creditors,177456.66,,Payment to Everest Scaffolding NEFT5027,PaymentModule,ACCT-1,
PMT-00708,Payment,2024-06-01,2024-06-01 16:07,1101,HDFC Bank - CA 8842,,177456.66,Payment to Everest Scaffolding NEFT5027,PaymentModule,ACCT-1,
PMT-00709,Payment,2024-07-03,2024-07-03 15:31,2101,Sundry Creditors,167552.92,,Payment to Xpress Couriers NEFT5028,PaymentModule,ACCT-2,
PMT-00709,Payment,2024-07-03,2024-07-03 15:31,1101,HDFC Bank - CA 8842,,167552.92,Payment to Xpress Couriers NEFT5028,PaymentModule,ACCT-2,
PMT-00710,Payment,2024-06-18,2024-06-18 15:33,2101,Sundry Creditors,62871.58,,Payment to Divya Safety Equipments NEFT5029,PaymentModule,ACCT-3,
PMT-00710,Payment,2024-06-18,2024-06-18 15:33,1101,HDFC Bank - CA 8842,,62871.58,Payment to Divya Safety Equipments NEFT5029,PaymentModule,ACCT-3,
PMT-00711,Payment,2024-08-02,2024-08-02 11:13,2101,Sundry Creditors,128177.50,,Payment to Anand Auto Parts NEFT5030,PaymentModule,ACCT-3,
PMT-00711,Payment,2024-08-02,2024-08-02 11:13,1101,HDFC Bank - CA 8842,,128177.50,Payment to Anand Auto Parts NEFT5030,PaymentModule,ACCT-3,
PMT-00712,Payment,2024-12-30,2024-12-30 18:56,2101,Sundry Creditors,252361.88,,Payment to Imperial Paints NEFT5031,PaymentModule,ACCT-3,
PMT-00712,Payment,2024-12-30,2024-12-30 18:56,1101,HDFC Bank - CA 8842,,252361.88,Payment to Imperial Paints NEFT5031,PaymentModule,ACCT-3,
PMT-00713,Payment,2024-06-22,2024-06-22 13:16,2101,Sundry Creditors,182128.28,,Payment to National Weighbridge NEFT5032,PaymentModule,ACCT-3,
PMT-00713,Payment,2024-06-22,2024-06-22 13:16,1101,HDFC Bank - CA 8842,,182128.28,Payment to National Weighbridge NEFT5032,PaymentModule,ACCT-3,
PMT-00714,Payment,2024-09-21,2024-09-21 11:33,2101,Sundry Creditors,207977.36,,Payment to Hitech Instruments NEFT5033,PaymentModule,ACCT-2,
PMT-00714,Payment,2024-09-21,2024-09-21 11:33,1101,HDFC Bank - CA 8842,,207977.36,Payment to Hitech Instruments NEFT5033,PaymentModule,ACCT-2,
PMT-00715,Payment,2024-10-18,2024-10-18 18:05,2101,Sundry Creditors,200144.52,,Payment to Eastern Electricals NEFT5034,PaymentModule,ACCT-3,
PMT-00715,Payment,2024-10-18,2024-10-18 18:05,1101,HDFC Bank - CA 8842,,200144.52,Payment to Eastern Electricals NEFT5034,PaymentModule,ACCT-3,
PMT-00716,Payment,2024-05-25,2024-05-25 10:13,2101,Sundry Creditors,225277.34,,Payment to Prakash Machinery NEFT5035,PaymentModule,ACCT-2,
PMT-00716,Payment,2024-05-25,2024-05-25 10:13,1101,HDFC Bank - CA 8842,,225277.34,Payment to Prakash Machinery NEFT5035,PaymentModule,ACCT-2,
PMT-00717,Payment,2024-09-08,2024-09-08 13:02,2101,Sundry Creditors,108993.06,,Payment to Venus Adhesives NEFT5036,PaymentModule,ACCT-1,
PMT-00717,Payment,2024-09-08,2024-09-08 13:02,1101,HDFC Bank - CA 8842,,108993.06,Payment to Venus Adhesives NEFT5036,PaymentModule,ACCT-1,
PMT-00718,Payment,2024-11-10,2024-11-10 18:01,2101,Sundry Creditors,24205.34,,Payment to Silverline Pipes NEFT5037,PaymentModule,ACCT-1,
PMT-00718,Payment,2024-11-10,2024-11-10 18:01,1101,HDFC Bank - CA 8842,,24205.34,Payment to Silverline Pipes NEFT5037,PaymentModule,ACCT-1,
PMT-00719,Payment,2024-10-01,2024-10-01 11:15,2101,Sundry Creditors,208052.88,,Payment to Universal Bearings NEFT5038,PaymentModule,ACCT-2,
PMT-00719,Payment,2024-10-01,2024-10-01 11:15,1101,HDFC Bank - CA 8842,,208052.88,Payment to Universal Bearings NEFT5038,PaymentModule,ACCT-2,
PMT-00720,Payment,2024-05-10,2024-05-10 17:37,2101,Sundry Creditors,92608.76,,Payment to Yamuna Enterprises NEFT5039,PaymentModule,ACCT-1,
PMT-00720,Payment,2024-05-10,2024-05-10 17:37,1101,HDFC Bank - CA 8842,,92608.76,Payment to Yamuna Enterprises NEFT5039,PaymentModule,ACCT-1,
PMT-00721,Payment,2025-02-06,2025-02-06 18:06,2101,Sundry Creditors,63316.44,,Payment to Orient Glass House NEFT5040,PaymentModule,ACCT-3,
PMT-00721,Payment,2025-02-06,2025-02-06 18:06,1101,HDFC Bank - CA 8842,,63316.44,Payment to Orient Glass House NEFT5040,PaymentModule,ACCT-3,
PMT-00722,Payment,2025-01-28,2025-01-28 14:33,2101,Sundry Creditors,97824.36,,Payment to Madras Hardware Mart NEFT5041,PaymentModule,ACCT-3,
PMT-00722,Payment,2025-01-28,2025-01-28 14:33,1101,HDFC Bank - CA 8842,,97824.36,Payment to Madras Hardware Mart NEFT5041,PaymentModule,ACCT-3,
PMT-00723,Payment,2024-04-22,2024-04-22 18:30,2101,Sundry Creditors,143414.84,,Payment to Kaveri Transport Co NEFT5042,PaymentModule,ACCT-2,
PMT-00723,Payment,2024-04-22,2024-04-22 18:30,1101,HDFC Bank - CA 8842,,143414.84,Payment to Kaveri Transport Co NEFT5042,PaymentModule,ACCT-2,
PMT-00724,Payment,2024-06-07,2024-06-07 12:52,2101,Sundry Creditors,241078.72,,Payment to Pioneer Plastics NEFT5043,PaymentModule,ACCT-1,
PMT-00724,Payment,2024-06-07,2024-06-07 12:52,1101,HDFC Bank - CA 8842,,241078.72,Payment to Pioneer Plastics NEFT5043,PaymentModule,ACCT-1,
PMT-00725,Payment,2024-11-25,2024-11-25 17:38,2101,Sundry Creditors,63520.58,,Payment to Jyoti Electrodes NEFT5044,PaymentModule,ACCT-2,
PMT-00725,Payment,2024-11-25,2024-11-25 17:38,1101,HDFC Bank - CA 8842,,63520.58,Payment to Jyoti Electrodes NEFT5044,PaymentModule,ACCT-2,
PMT-00726,Payment,2024-11-18,2024-11-18 10:19,2101,Sundry Creditors,23464.30,,Payment to Quality Fasteners NEFT5045,PaymentModule,ACCT-1,
PMT-00726,Payment,2024-11-18,2024-11-18 10:19,1101,HDFC Bank - CA 8842,,23464.30,Payment to Quality Fasteners NEFT5045,PaymentModule,ACCT-1,
PMT-00727,Payment,2025-01-17,2025-01-17 16:41,2101,Sundry Creditors,212889.70,,Payment to Agarwal Steel Suppliers NEFT5046,PaymentModule,ACCT-1,
PMT-00727,Payment,2025-01-17,2025-01-17 16:41,1101,HDFC Bank - CA 8842,,212889.70,Payment to Agarwal Steel Suppliers NEFT5046,PaymentModule,ACCT-1,
PMT-00728,Payment,2025-01-16,2025-01-16 09:31,2101,Sundry Creditors,245919.08,,Payment to Anand Auto Parts NEFT5047,PaymentModule,ACCT-2,
PMT-00728,Payment,2025-01-16,2025-01-16 09:31,1101,HDFC Bank - CA 8842,,245919.08,Payment to Anand Auto Parts NEFT5047,PaymentModule,ACCT-2,
PMT-00729,Payment,2024-08-19,2024-08-19 12:02,2101,Sundry Creditors,137534.90,,Payment to Universal Bearings NEFT5048,PaymentModule,ACCT-1,
PMT-00729,Payment,2024-08-19,2024-08-19 12:02,1101,HDFC Bank - CA 8842,,137534.90,Payment to Universal Bearings NEFT5048,PaymentModule,ACCT-1,
PMT-00730,Payment,2025-02-27,2025-02-27 12:23,2101,Sundry Creditors,45346.22,,Payment to Ganga Traders NEFT5049,PaymentModule,ACCT-3,
PMT-00730,Payment,2025-02-27,2025-02-27 12:23,1101,HDFC Bank - CA 8842,,45346.22,Payment to Ganga Traders NEFT5049,PaymentModule,ACCT-3,
PMT-00731,Payment,2024-08-14,2024-08-14 18:37,2101,Sundry Creditors,158170.74,,Payment to Chennai Polymers Pvt Ltd NEFT5050,PaymentModule,ACCT-3,
PMT-00731,Payment,2024-08-14,2024-08-14 18:37,1101,HDFC Bank - CA 8842,,158170.74,Payment to Chennai Polymers Pvt Ltd NEFT5050,PaymentModule,ACCT-3,
PMT-00732,Payment,2024-10-25,2024-10-25 13:02,2101,Sundry Creditors,44064.74,,Payment to Madras Hardware Mart NEFT5051,PaymentModule,ACCT-1,
PMT-00732,Payment,2024-10-25,2024-10-25 13:02,1101,HDFC Bank - CA 8842,,44064.74,Payment to Madras Hardware Mart NEFT5051,PaymentModule,ACCT-1,
PMT-00733,Payment,2025-02-21,2025-02-21 15:51,2101,Sundry Creditors,68987.52,,Payment to Quality Fasteners NEFT5052,PaymentModule,ACCT-2,
PMT-00733,Payment,2025-02-21,2025-02-21 15:51,1101,HDFC Bank - CA 8842,,68987.52,Payment to Quality Fasteners NEFT5052,PaymentModule,ACCT-2,
PMT-00734,Payment,2024-07-31,2024-07-31 13:33,2101,Sundry Creditors,10676.64,,Payment to Prakash Machinery NEFT5053,PaymentModule,ACCT-3,
PMT-00734,Payment,2024-07-31,2024-07-31 13:33,1101,HDFC Bank - CA 8842,,10676.64,Payment to Prakash Machinery NEFT5053,PaymentModule,ACCT-3,
PMT-00735,Payment,2024-07-01,2024-07-01 16:50,2101,Sundry Creditors,70096.72,,Payment to Xpress Couriers NEFT5054,PaymentModule,ACCT-1,
PMT-00735,Payment,2024-07-01,2024-07-01 16:50,1101,HDFC Bank - CA 8842,,70096.72,Payment to Xpress Couriers NEFT5054,PaymentModule,ACCT-1,
PMT-00736,Payment,2024-07-06,2024-07-06 18:27,2101,Sundry Creditors,58575.20,,Payment to Imperial Paints NEFT5055,PaymentModule,ACCT-3,
PMT-00736,Payment,2024-07-06,2024-07-06 18:27,1101,HDFC Bank - CA 8842,,58575.20,Payment to Imperial Paints NEFT5055,PaymentModule,ACCT-3,
PMT-00737,Payment,2024-07-20,2024-07-20 18:31,2101,Sundry Creditors,158609.70,,Payment to Divya Safety Equipments NEFT5056,PaymentModule,ACCT-2,
PMT-00737,Payment,2024-07-20,2024-07-20 18:31,1101,HDFC Bank - CA 8842,,158609.70,Payment to Divya Safety Equipments NEFT5056,PaymentModule,ACCT-2,
PMT-00738,Payment,2024-07-30,2024-07-30 10:55,2101,Sundry Creditors,102714.28,,Payment to Fortune Chemicals NEFT5057,PaymentModule,ACCT-3,
PMT-00738,Payment,2024-07-30,2024-07-30 10:55,1101,HDFC Bank - CA 8842,,102714.28,Payment to Fortune Chemicals NEFT5057,PaymentModule,ACCT-3,
PMT-00739,Payment,2024-11-01,2024-11-01 16:52,2101,Sundry Creditors,71884.42,,Payment to Pioneer Plastics NEFT5058,PaymentModule,ACCT-2,
PMT-00739,Payment,2024-11-01,2024-11-01 16:52,1101,HDFC Bank - CA 8842,,71884.42,Payment to Pioneer Plastics NEFT5058,PaymentModule,ACCT-2,
PMT-00740,Payment,2024-05-08,2024-05-08 18:03,2101,Sundry Creditors,280252.36,,Payment to Chennai Polymers Pvt Ltd NEFT5059,PaymentModule,ACCT-2,
PMT-00740,Payment,2024-05-08,2024-05-08 18:03,1101,HDFC Bank - CA 8842,,280252.36,Payment to Chennai Polymers Pvt Ltd NEFT5059,PaymentModule,ACCT-2,
PMT-00741,Payment,2024-12-08,2024-12-08 14:56,2101,Sundry Creditors,149418.68,,Payment to Venus Adhesives NEFT5060,PaymentModule,ACCT-3,
PMT-00741,Payment,2024-12-08,2024-12-08 14:56,1101,HDFC Bank - CA 8842,,149418.68,Payment to Venus Adhesives NEFT5060,PaymentModule,ACCT-3,
PMT-00742,Payment,2025-03-20,2025-03-20 17:59,2101,Sundry Creditors,266677.64,,Payment to Mount Cables NEFT5061,PaymentModule,ACCT-2,
PMT-00742,Payment,2025-03-20,2025-03-20 17:59,1101,HDFC Bank - CA 8842,,266677.64,Payment to Mount Cables NEFT5061,PaymentModule,ACCT-2,
PMT-00743,Payment,2024-11-10,2024-11-10 18:11,2101,Sundry Creditors,169858.64,,Payment to Universal Bearings NEFT5062,PaymentModule,ACCT-2,
PMT-00743,Payment,2024-11-10,2024-11-10 18:11,1101,HDFC Bank - CA 8842,,169858.64,Payment to Universal Bearings NEFT5062,PaymentModule,ACCT-2,
PMT-00744,Payment,2024-07-28,2024-07-28 13:06,2101,Sundry Creditors,162102.50,,Payment to Eastern Electricals NEFT5063,PaymentModule,ACCT-3,
PMT-00744,Payment,2024-07-28,2024-07-28 13:06,1101,HDFC Bank - CA 8842,,162102.50,Payment to Eastern Electricals NEFT5063,PaymentModule,ACCT-3,
PMT-00745,Payment,2024-09-21,2024-09-21 14:29,2101,Sundry Creditors,47971.72,,Payment to Crescent Ceramics NEFT5064,PaymentModule,ACCT-2,
PMT-00745,Payment,2024-09-21,2024-09-21 14:29,1101,HDFC Bank - CA 8842,,47971.72,Payment to Crescent Ceramics NEFT5064,PaymentModule,ACCT-2,
PMT-00746,Payment,2024-12-02,2024-12-02 13:48,2101,Sundry Creditors,207249.30,,Payment to Xpress Couriers NEFT5065,PaymentModule,ACCT-3,
PMT-00746,Payment,2024-12-02,2024-12-02 13:48,1101,HDFC Bank - CA 8842,,207249.30,Payment to Xpress Couriers NEFT5065,PaymentModule,ACCT-3,
PMT-00747,Payment,2025-01-31,2025-01-31 16:05,2101,Sundry Creditors,182104.68,,Payment to Divya Safety Equipments NEFT5066,PaymentModule,ACCT-2,
PMT-00747,Payment,2025-01-31,2025-01-31 16:05,1101,HDFC Bank - CA 8842,,182104.68,Payment to Divya Safety Equipments NEFT5066,PaymentModule,ACCT-2,
PMT-00748,Payment,2024-06-22,2024-06-22 10:32,2101,Sundry Creditors,139726.16,,Payment to Agarwal Steel Suppliers NEFT5067,PaymentModule,ACCT-3,
PMT-00748,Payment,2024-06-22,2024-06-22 10:32,1101,HDFC Bank - CA 8842,,139726.16,Payment to Agarwal Steel Suppliers NEFT5067,PaymentModule,ACCT-3,
PMT-00749,Payment,2024-05-19,2024-05-19 12:10,2101,Sundry Creditors,66909.54,,Payment to Mount Cables NEFT5068,PaymentModule,ACCT-2,
PMT-00749,Payment,2024-05-19,2024-05-19 12:10,1101,HDFC Bank - CA 8842,,66909.54,Payment to Mount Cables NEFT5068,PaymentModule,ACCT-2,
PMT-00750,Payment,2024-08-07,2024-08-07 16:09,2101,Sundry Creditors,45464.22,,Payment to Krishna Cement Agency NEFT5069,PaymentModule,ACCT-3,
PMT-00750,Payment,2024-08-07,2024-08-07 16:09,1101,HDFC Bank - CA 8842,,45464.22,Payment to Krishna Cement Agency NEFT5069,PaymentModule,ACCT-3,
PMT-00751,Payment,2024-08-24,2024-08-24 10:26,2101,Sundry Creditors,3255.62,,Payment to Green Valley Agro NEFT5070,PaymentModule,ACCT-3,
PMT-00751,Payment,2024-08-24,2024-08-24 10:26,1101,HDFC Bank - CA 8842,,3255.62,Payment to Green Valley Agro NEFT5070,PaymentModule,ACCT-3,
PMT-00752,Payment,2025-03-01,2025-03-01 16:44,2101,Sundry Creditors,70661.94,,Payment to Yamuna Enterprises NEFT5071,PaymentModule,ACCT-2,
PMT-00752,Payment,2025-03-01,2025-03-01 16:44,1101,HDFC Bank - CA 8842,,70661.94,Payment to Yamuna Enterprises NEFT5071,PaymentModule,ACCT-2,
PMT-00753,Payment,2024-07-31,2024-07-31 14:57,2101,Sundry Creditors,184201.54,,Payment to Indus Metal Works NEFT5072,PaymentModule,ACCT-1,
PMT-00753,Payment,2024-07-31,2024-07-31 14:57,1101,HDFC Bank - CA 8842,,184201.54,Payment to Indus Metal Works NEFT5072,PaymentModule,ACCT-1,
PMT-00754,Payment,2025-03-31,2025-03-31 17:57,2101,Sundry Creditors,127273.62,,Payment to Himalaya Papers NEFT5073,PaymentModule,ACCT-3,
PMT-00754,Payment,2025-03-31,2025-03-31 17:57,1101,HDFC Bank - CA 8842,,127273.62,Payment to Himalaya Papers NEFT5073,PaymentModule,ACCT-3,
PMT-00755,Payment,2024-08-27,2024-08-27 09:45,2101,Sundry Creditors,36057.26,,Payment to Divya Safety Equipments NEFT5074,PaymentModule,ACCT-1,
PMT-00755,Payment,2024-08-27,2024-08-27 09:45,1101,HDFC Bank - CA 8842,,36057.26,Payment to Divya Safety Equipments NEFT5074,PaymentModule,ACCT-1,
PMT-00756,Payment,2025-03-06,2025-03-06 14:07,2101,Sundry Creditors,139252.98,,Payment to Omkar Engineering NEFT5075,PaymentModule,ACCT-3,
PMT-00756,Payment,2025-03-06,2025-03-06 14:07,1101,HDFC Bank - CA 8842,,139252.98,Payment to Omkar Engineering NEFT5075,PaymentModule,ACCT-3,
PMT-00757,Payment,2024-05-28,2024-05-28 09:37,2101,Sundry Creditors,101127.18,,Payment to Venus Adhesives NEFT5076,PaymentModule,ACCT-3,
PMT-00757,Payment,2024-05-28,2024-05-28 09:37,1101,HDFC Bank - CA 8842,,101127.18,Payment to Venus Adhesives NEFT5076,PaymentModule,ACCT-3,
PMT-00758,Payment,2024-08-16,2024-08-16 15:02,2101,Sundry Creditors,114974.48,,Payment to Crescent Ceramics NEFT5077,PaymentModule,ACCT-2,
PMT-00758,Payment,2024-08-16,2024-08-16 15:02,1101,HDFC Bank - CA 8842,,114974.48,Payment to Crescent Ceramics NEFT5077,PaymentModule,ACCT-2,
PMT-00759,Payment,2025-01-20,2025-01-20 17:37,2101,Sundry Creditors,164849.54,,Payment to Zenith Abrasives NEFT5078,PaymentModule,ACCT-1,
PMT-00759,Payment,2025-01-20,2025-01-20 17:37,1101,HDFC Bank - CA 8842,,164849.54,Payment to Zenith Abrasives NEFT5078,PaymentModule,ACCT-1,
PMT-00760,Payment,2024-06-23,2024-06-23 09:57,2101,Sundry Creditors,56650.62,,Payment to Green Valley Agro NEFT5079,PaymentModule,ACCT-2,
PMT-00760,Payment,2024-06-23,2024-06-23 09:57,1101,HDFC Bank - CA 8842,,56650.62,Payment to Green Valley Agro NEFT5079,PaymentModule,ACCT-2,
PMT-00761,Payment,2025-01-11,2025-01-11 16:43,2101,Sundry Creditors,33560.38,,Payment to Sunrise Solvents NEFT5080,PaymentModule,ACCT-3,
PMT-00761,Payment,2025-01-11,2025-01-11 16:43,1101,HDFC Bank - CA 8842,,33560.38,Payment to Sunrise Solvents NEFT5080,PaymentModule,ACCT-3,
PMT-00762,Payment,2025-01-22,2025-01-22 17:50,2101,Sundry Creditors,12677.92,,Payment to Krishna Cement Agency NEFT5081,PaymentModule,ACCT-2,
PMT-00762,Payment,2025-01-22,2025-01-22 17:50,1101,HDFC Bank - CA 8842,,12677.92,Payment to Krishna Cement Agency NEFT5081,PaymentModule,ACCT-2,
PMT-00763,Payment,2024-05-26,2024-05-26 14:44,2101,Sundry Creditors,142690.32,,Payment to Crescent Ceramics NEFT5082,PaymentModule,ACCT-1,
PMT-00763,Payment,2024-05-26,2024-05-26 14:44,1101,HDFC Bank - CA 8842,,142690.32,Payment to Crescent Ceramics NEFT5082,PaymentModule,ACCT-1,
PMT-00764,Payment,2024-09-10,2024-09-10 18:45,2101,Sundry Creditors,79915.50,,Payment to Pioneer Plastics NEFT5083,PaymentModule,ACCT-1,
PMT-00764,Payment,2024-09-10,2024-09-10 18:45,1101,HDFC Bank - CA 8842,,79915.50,Payment to Pioneer Plastics NEFT5083,PaymentModule,ACCT-1,
PMT-00765,Payment,2024-10-07,2024-10-07 11:30,2101,Sundry Creditors,30605.66,,Payment to Green Valley Agro NEFT5084,PaymentModule,ACCT-3,
PMT-00765,Payment,2024-10-07,2024-10-07 11:30,1101,HDFC Bank - CA 8842,,30605.66,Payment to Green Valley Agro NEFT5084,PaymentModule,ACCT-3,
PMT-00766,Payment,2024-06-02,2024-06-02 13:14,2101,Sundry Creditors,206966.10,,Payment to National Weighbridge NEFT5085,PaymentModule,ACCT-2,
PMT-00766,Payment,2024-06-02,2024-06-02 13:14,1101,HDFC Bank - CA 8842,,206966.10,Payment to National Weighbridge NEFT5085,PaymentModule,ACCT-2,
PMT-00767,Payment,2024-07-08,2024-07-08 17:53,2101,Sundry Creditors,50640.88,,Payment to Madras Hardware Mart NEFT5086,PaymentModule,ACCT-2,
PMT-00767,Payment,2024-07-08,2024-07-08 17:53,1101,HDFC Bank - CA 8842,,50640.88,Payment to Madras Hardware Mart NEFT5086,PaymentModule,ACCT-2,
PMT-00768,Payment,2025-01-19,2025-01-19 18:03,2101,Sundry Creditors,185058.22,,Payment to Ganga Traders NEFT5087,PaymentModule,ACCT-1,
PMT-00768,Payment,2025-01-19,2025-01-19 18:03,1101,HDFC Bank - CA 8842,,185058.22,Payment to Ganga Traders NEFT5087,PaymentModule,ACCT-1,
PMT-00769,Payment,2024-11-16,2024-11-16 10:49,2101,Sundry Creditors,210389.28,,Payment to Universal Bearings NEFT5088,PaymentModule,ACCT-1,
PMT-00769,Payment,2024-11-16,2024-11-16 10:49,1101,HDFC Bank - CA 8842,,210389.28,Payment to Universal Bearings NEFT5088,PaymentModule,ACCT-1,
PMT-00770,Payment,2024-10-06,2024-10-06 16:44,2101,Sundry Creditors,193322.94,,Payment to Balaji Packaging Co NEFT5089,PaymentModule,ACCT-1,
PMT-00770,Payment,2024-10-06,2024-10-06 16:44,1101,HDFC Bank - CA 8842,,193322.94,Payment to Balaji Packaging Co NEFT5089,PaymentModule,ACCT-1,
PMT-00771,Payment,2024-07-01,2024-07-01 13:31,2101,Sundry Creditors,275718.80,,Payment to Divya Safety Equipments NEFT5090,PaymentModule,ACCT-1,
PMT-00771,Payment,2024-07-01,2024-07-01 13:31,1101,HDFC Bank - CA 8842,,275718.80,Payment to Divya Safety Equipments NEFT5090,PaymentModule,ACCT-1,
PMT-00772,Payment,2025-01-03,2025-01-03 14:01,2101,Sundry Creditors,150497.20,,Payment to Xpress Couriers NEFT5091,PaymentModule,ACCT-2,
PMT-00772,Payment,2025-01-03,2025-01-03 14:01,1101,HDFC Bank - CA 8842,,150497.20,Payment to Xpress Couriers NEFT5091,PaymentModule,ACCT-2,
PMT-00773,Payment,2024-07-15,2024-07-15 14:29,2101,Sundry Creditors,140788.16,,Payment to Krishna Cement Agency NEFT5092,PaymentModule,ACCT-3,
PMT-00773,Payment,2024-07-15,2024-07-15 14:29,1101,HDFC Bank - CA 8842,,140788.16,Payment to Krishna Cement Agency NEFT5092,PaymentModule,ACCT-3,
PMT-00774,Payment,2024-09-01,2024-09-01 14:02,2101,Sundry Creditors,178591.82,,Payment to Prakash Machinery NEFT5093,PaymentModule,ACCT-1,
PMT-00774,Payment,2024-09-01,2024-09-01 14:02,1101,HDFC Bank - CA 8842,,178591.82,Payment to Prakash Machinery NEFT5093,PaymentModule,ACCT-1,
PMT-00775,Payment,2025-03-27,2025-03-27 14:12,2101,Sundry Creditors,198092.50,,Payment to Orient Glass House NEFT5094,PaymentModule,ACCT-2,
PMT-00775,Payment,2025-03-27,2025-03-27 14:12,1101,HDFC Bank - CA 8842,,198092.50,Payment to Orient Glass House NEFT5094,PaymentModule,ACCT-2,
PMT-00776,Payment,2025-02-17,2025-02-17 15:19,2101,Sundry Creditors,237471.46,,Payment to Crescent Ceramics NEFT5095,PaymentModule,ACCT-2,
PMT-00776,Payment,2025-02-17,2025-02-17 15:19,1101,HDFC Bank - CA 8842,,237471.46,Payment to Crescent Ceramics NEFT5095,PaymentModule,ACCT-2,
PMT-00777,Payment,2024-10-02,2024-10-02 13:43,2101,Sundry Creditors,49568.26,,Payment to Universal Bearings NEFT5096,PaymentModule,ACCT-2,
PMT-00777,Payment,2024-10-02,2024-10-02 13:43,1101,HDFC Bank - CA 8842,,49568.26,Payment to Universal Bearings NEFT5096,PaymentModule,ACCT-2,
PMT-00778,Payment,2024-07-27,2024-07-27 09:55,2101,Sundry Creditors,153575.82,,Payment to Xpress Couriers NEFT5097,PaymentModule,ACCT-3,
PMT-00778,Payment,2024-07-27,2024-07-27 09:55,1101,HDFC Bank - CA 8842,,153575.82,Payment to Xpress Couriers NEFT5097,PaymentModule,ACCT-3,
PMT-00779,Payment,2025-03-14,2025-03-14 17:59,2101,Sundry Creditors,118794.14,,Payment to Zenith Abrasives NEFT5098,PaymentModule,ACCT-3,
PMT-00779,Payment,2025-03-14,2025-03-14 17:59,1101,HDFC Bank - CA 8842,,118794.14,Payment to Zenith Abrasives NEFT5098,PaymentModule,ACCT-3,
PMT-00780,Payment,2024-11-30,2024-11-30 17:53,2101,Sundry Creditors,141300.28,,Payment to Xpress Couriers NEFT5099,PaymentModule,ACCT-1,
PMT-00780,Payment,2024-11-30,2024-11-30 17:53,1101,HDFC Bank - CA 8842,,141300.28,Payment to Xpress Couriers NEFT5099,PaymentModule,ACCT-1,
PMT-00781,Payment,2024-08-29,2024-08-29 12:29,2101,Sundry Creditors,147433.92,,Payment to Everest Scaffolding NEFT5100,PaymentModule,ACCT-3,
PMT-00781,Payment,2024-08-29,2024-08-29 12:29,1101,HDFC Bank - CA 8842,,147433.92,Payment to Everest Scaffolding NEFT5100,PaymentModule,ACCT-3,
PMT-00782,Payment,2025-03-17,2025-03-17 14:57,2101,Sundry Creditors,265620.36,,Payment to Himalaya Papers NEFT5101,PaymentModule,ACCT-2,
PMT-00782,Payment,2025-03-17,2025-03-17 14:57,1101,HDFC Bank - CA 8842,,265620.36,Payment to Himalaya Papers NEFT5101,PaymentModule,ACCT-2,
PMT-00783,Payment,2025-03-12,2025-03-12 15:16,2101,Sundry Creditors,244327.26,,Payment to Kaveri Transport Co NEFT5102,PaymentModule,ACCT-2,
PMT-00783,Payment,2025-03-12,2025-03-12 15:16,1101,HDFC Bank - CA 8842,,244327.26,Payment to Kaveri Transport Co NEFT5102,PaymentModule,ACCT-2,
PMT-00784,Payment,2024-06-07,2024-06-07 14:18,2101,Sundry Creditors,250890.42,,Payment to Madras Hardware Mart NEFT5103,PaymentModule,ACCT-1,
PMT-00784,Payment,2024-06-07,2024-06-07 14:18,1101,HDFC Bank - CA 8842,,250890.42,Payment to Madras Hardware Mart NEFT5103,PaymentModule,ACCT-1,
PMT-00785,Payment,2024-09-23,2024-09-23 18:29,2101,Sundry Creditors,80543.26,,Payment to Ganga Traders NEFT5104,PaymentModule,ACCT-3,
PMT-00785,Payment,2024-09-23,2024-09-23 18:29,1101,HDFC Bank - CA 8842,,80543.26,Payment to Ganga Traders NEFT5104,PaymentModule,ACCT-3,
PMT-00786,Payment,2024-08-27,2024-08-27 18:52,2101,Sundry Creditors,251390.74,,Payment to Everest Scaffolding NEFT5105,PaymentModule,ACCT-1,
PMT-00786,Payment,2024-08-27,2024-08-27 18:52,1101,HDFC Bank - CA 8842,,251390.74,Payment to Everest Scaffolding NEFT5105,PaymentModule,ACCT-1,
PMT-00787,Payment,2024-08-26,2024-08-26 13:33,2101,Sundry Creditors,126407.50,,Payment to Jyoti Electrodes NEFT5106,PaymentModule,ACCT-2,
PMT-00787,Payment,2024-08-26,2024-08-26 13:33,1101,HDFC Bank - CA 8842,,126407.50,Payment to Jyoti Electrodes NEFT5106,PaymentModule,ACCT-2,
PMT-00788,Payment,2024-09-26,2024-09-26 13:27,2101,Sundry Creditors,144402.50,,Payment to Sunrise Solvents NEFT5107,PaymentModule,ACCT-3,
PMT-00788,Payment,2024-09-26,2024-09-26 13:27,1101,HDFC Bank - CA 8842,,144402.50,Payment to Sunrise Solvents NEFT5107,PaymentModule,ACCT-3,
PMT-00789,Payment,2024-12-01,2024-12-01 15:33,2101,Sundry Creditors,187197.56,,Payment to Eastern Electricals NEFT5108,PaymentModule,ACCT-1,
PMT-00789,Payment,2024-12-01,2024-12-01 15:33,1101,HDFC Bank - CA 8842,,187197.56,Payment to Eastern Electricals NEFT5108,PaymentModule,ACCT-1,
PMT-00790,Payment,2024-06-20,2024-06-20 17:27,2101,Sundry Creditors,51898.76,,Payment to Madras Hardware Mart NEFT5109,PaymentModule,ACCT-1,
PMT-00790,Payment,2024-06-20,2024-06-20 17:27,1101,HDFC Bank - CA 8842,,51898.76,Payment to Madras Hardware Mart NEFT5109,PaymentModule,ACCT-1,
PMT-00791,Payment,2024-11-01,2024-11-01 16:53,2101,Sundry Creditors,79414.00,,Payment to Prakash Machinery NEFT5110,PaymentModule,ACCT-2,
PMT-00791,Payment,2024-11-01,2024-11-01 16:53,1101,HDFC Bank - CA 8842,,79414.00,Payment to Prakash Machinery NEFT5110,PaymentModule,ACCT-2,
PMT-00792,Payment,2025-01-29,2025-01-29 14:28,2101,Sundry Creditors,256487.16,,Payment to Indus Metal Works NEFT5111,PaymentModule,ACCT-1,
PMT-00792,Payment,2025-01-29,2025-01-29 14:28,1101,HDFC Bank - CA 8842,,256487.16,Payment to Indus Metal Works NEFT5111,PaymentModule,ACCT-1,
PMT-00793,Payment,2024-07-19,2024-07-19 09:56,2101,Sundry Creditors,151471.88,,Payment to Yamuna Enterprises NEFT5112,PaymentModule,ACCT-2,
PMT-00793,Payment,2024-07-19,2024-07-19 09:56,1101,HDFC Bank - CA 8842,,151471.88,Payment to Yamuna Enterprises NEFT5112,PaymentModule,ACCT-2,
PMT-00794,Payment,2024-06-29,2024-06-29 09:14,2101,Sundry Creditors,41578.48,,Payment to National Weighbridge NEFT5113,PaymentModule,ACCT-1,
PMT-00794,Payment,2024-06-29,2024-06-29 09:14,1101,HDFC Bank - CA 8842,,41578.48,Payment to National Weighbridge NEFT5113,PaymentModule,ACCT-1,
PMT-00795,Payment,2024-11-23,2024-11-23 15:31,2101,Sundry Creditors,158360.72,,Payment to Royal Stationers NEFT5114,PaymentModule,ACCT-1,
PMT-00795,Payment,2024-11-23,2024-11-23 15:31,1101,HDFC Bank - CA 8842,,158360.72,Payment to Royal Stationers NEFT5114,PaymentModule,ACCT-1,
PMT-00796,Payment,2024-12-24,2024-12-24 12:08,2101,Sundry Creditors,274091.58,,Payment to Fortune Chemicals NEFT5115,PaymentModule,ACCT-3,
PMT-00796,Payment,2024-12-24,2024-12-24 12:08,1101,HDFC Bank - CA 8842,,274091.58,Payment to Fortune Chemicals NEFT5115,PaymentModule,ACCT-3,
PMT-00797,Payment,2024-08-16,2024-08-16 17:04,2101,Sundry Creditors,58161.02,,Payment to Xpress Couriers NEFT5116,PaymentModule,ACCT-2,
PMT-00797,Payment,2024-08-16,2024-08-16 17:04,1101,HDFC Bank - CA 8842,,58161.02,Payment to Xpress Couriers NEFT5116,PaymentModule,ACCT-2,
PMT-00798,Payment,2024-08-06,2024-08-06 14:00,2101,Sundry Creditors,215142.32,,Payment to Zenith Abrasives NEFT5117,PaymentModule,ACCT-2,
PMT-00798,Payment,2024-08-06,2024-08-06 14:00,1101,HDFC Bank - CA 8842,,215142.32,Payment to Zenith Abrasives NEFT5117,PaymentModule,ACCT-2,
PMT-00799,Payment,2024-11-10,2024-11-10 13:07,2101,Sundry Creditors,128065.40,,Payment to Falcon Security Services NEFT5118,PaymentModule,ACCT-3,
PMT-00799,Payment,2024-11-10,2024-11-10 13:07,1101,HDFC Bank - CA 8842,,128065.40,Payment to Falcon Security Services NEFT5118,PaymentModule,ACCT-3,
PMT-00800,Payment,2024-05-15,2024-05-15 10:53,2101,Sundry Creditors,204859.80,,Payment to Shree Ram Traders NEFT5119,PaymentModule,ACCT-2,
PMT-00800,Payment,2024-05-15,2024-05-15 10:53,1101,HDFC Bank - CA 8842,,204859.80,Payment to Shree Ram Traders NEFT5119,PaymentModule,ACCT-2,
PMT-00801,Payment,2024-12-09,2024-12-09 13:42,2101,Sundry Creditors,141039.50,,Payment to Silverline Pipes NEFT5120,PaymentModule,ACCT-3,
PMT-00801,Payment,2024-12-09,2024-12-09 13:42,1101,HDFC Bank - CA 8842,,141039.50,Payment to Silverline Pipes NEFT5120,PaymentModule,ACCT-3,
PMT-00802,Payment,2024-05-30,2024-05-30 10:39,2101,Sundry Creditors,104666.00,,Payment to Prakash Machinery NEFT5121,PaymentModule,ACCT-1,
PMT-00802,Payment,2024-05-30,2024-05-30 10:39,1101,HDFC Bank - CA 8842,,104666.00,Payment to Prakash Machinery NEFT5121,PaymentModule,ACCT-1,
PMT-00803,Payment,2025-01-19,2025-01-19 14:38,2101,Sundry Creditors,30820.42,,Payment to Universal Bearings NEFT5122,PaymentModule,ACCT-3,
PMT-00803,Payment,2025-01-19,2025-01-19 14:38,1101,HDFC Bank - CA 8842,,30820.42,Payment to Universal Bearings NEFT5122,PaymentModule,ACCT-3,
PMT-00804,Payment,2024-11-28,2024-11-28 12:32,2101,Sundry Creditors,233499.58,,Payment to Yamuna Enterprises NEFT5123,PaymentModule,ACCT-3,
PMT-00804,Payment,2024-11-28,2024-11-28 12:32,1101,HDFC Bank - CA 8842,,233499.58,Payment to Yamuna Enterprises NEFT5123,PaymentModule,ACCT-3,
PMT-00805,Payment,2024-08-25,2024-08-25 12:30,2101,Sundry Creditors,86475.12,,Payment to Pioneer Plastics NEFT5124,PaymentModule,ACCT-2,
PMT-00805,Payment,2024-08-25,2024-08-25 12:30,1101,HDFC Bank - CA 8842,,86475.12,Payment to Pioneer Plastics NEFT5124,PaymentModule,ACCT-2,
PMT-00806,Payment,2024-12-05,2024-12-05 11:58,2101,Sundry Creditors,181714.10,,Payment to Silverline Pipes NEFT5125,PaymentModule,ACCT-3,
PMT-00806,Payment,2024-12-05,2024-12-05 11:58,1101,HDFC Bank - CA 8842,,181714.10,Payment to Silverline Pipes NEFT5125,PaymentModule,ACCT-3,
PMT-00807,Payment,2024-05-18,2024-05-18 15:51,2101,Sundry Creditors,265933.06,,Payment to Green Valley Agro NEFT5126,PaymentModule,ACCT-1,
PMT-00807,Payment,2024-05-18,2024-05-18 15:51,1101,HDFC Bank - CA 8842,,265933.06,Payment to Green Valley Agro NEFT5126,PaymentModule,ACCT-1,
PMT-00808,Payment,2024-06-21,2024-06-21 18:39,2101,Sundry Creditors,16548.32,,Payment to Orient Glass House NEFT5127,PaymentModule,ACCT-3,
PMT-00808,Payment,2024-06-21,2024-06-21 18:39,1101,HDFC Bank - CA 8842,,16548.32,Payment to Orient Glass House NEFT5127,PaymentModule,ACCT-3,
PMT-00809,Payment,2024-06-10,2024-06-10 10:21,2101,Sundry Creditors,118166.38,,Payment to Jaipur Textiles House NEFT5128,PaymentModule,ACCT-3,
PMT-00809,Payment,2024-06-10,2024-06-10 10:21,1101,HDFC Bank - CA 8842,,118166.38,Payment to Jaipur Textiles House NEFT5128,PaymentModule,ACCT-3,
PMT-00810,Payment,2025-03-17,2025-03-17 15:40,2101,Sundry Creditors,135086.40,,Payment to Trident Tools Ltd NEFT5129,PaymentModule,ACCT-2,
PMT-00810,Payment,2025-03-17,2025-03-17 15:40,1101,HDFC Bank - CA 8842,,135086.40,Payment to Trident Tools Ltd NEFT5129,PaymentModule,ACCT-2,
PMT-00811,Payment,2024-08-21,2024-08-21 12:53,2101,Sundry Creditors,8150.26,,Payment to Xpress Couriers NEFT5130,PaymentModule,ACCT-3,
PMT-00811,Payment,2024-08-21,2024-08-21 12:53,1101,HDFC Bank - CA 8842,,8150.26,Payment to Xpress Couriers NEFT5130,PaymentModule,ACCT-3,
PMT-00812,Payment,2024-10-24,2024-10-24 09:51,2101,Sundry Creditors,127494.28,,Payment to Shree Ram Traders NEFT5131,PaymentModule,ACCT-3,
PMT-00812,Payment,2024-10-24,2024-10-24 09:51,1101,HDFC Bank - CA 8842,,127494.28,Payment to Shree Ram Traders NEFT5131,PaymentModule,ACCT-3,
PMT-00813,Payment,2024-10-14,2024-10-14 10:48,2101,Sundry Creditors,10549.20,,Payment to Crescent Ceramics NEFT5132,PaymentModule,ACCT-1,
PMT-00813,Payment,2024-10-14,2024-10-14 10:48,1101,HDFC Bank - CA 8842,,10549.20,Payment to Crescent Ceramics NEFT5132,PaymentModule,ACCT-1,
PMT-00814,Payment,2024-08-31,2024-08-31 10:42,2101,Sundry Creditors,146714.12,,Payment to Divya Safety Equipments NEFT5133,PaymentModule,ACCT-1,
PMT-00814,Payment,2024-08-31,2024-08-31 10:42,1101,HDFC Bank - CA 8842,,146714.12,Payment to Divya Safety Equipments NEFT5133,PaymentModule,ACCT-1,
PMT-00815,Payment,2024-07-15,2024-07-15 16:54,2101,Sundry Creditors,282828.30,,Payment to Crescent Ceramics NEFT5134,PaymentModule,ACCT-3,
PMT-00815,Payment,2024-07-15,2024-07-15 16:54,1101,HDFC Bank - CA 8842,,282828.30,Payment to Crescent Ceramics NEFT5134,PaymentModule,ACCT-3,
PMT-00816,Payment,2024-05-16,2024-05-16 15:48,2101,Sundry Creditors,282858.98,,Payment to Deccan Logistics NEFT5135,PaymentModule,ACCT-3,
PMT-00816,Payment,2024-05-16,2024-05-16 15:48,1101,HDFC Bank - CA 8842,,282858.98,Payment to Deccan Logistics NEFT5135,PaymentModule,ACCT-3,
PMT-00817,Payment,2024-12-11,2024-12-11 17:11,2101,Sundry Creditors,94463.72,,Payment to Trident Tools Ltd NEFT5136,PaymentModule,ACCT-2,
PMT-00817,Payment,2024-12-11,2024-12-11 17:11,1101,HDFC Bank - CA 8842,,94463.72,Payment to Trident Tools Ltd NEFT5136,PaymentModule,ACCT-2,
PMT-00818,Payment,2024-08-09,2024-08-09 18:41,2101,Sundry Creditors,167158.80,,Payment to Royal Stationers NEFT5137,PaymentModule,ACCT-2,
PMT-00818,Payment,2024-08-09,2024-08-09 18:41,1101,HDFC Bank - CA 8842,,167158.80,Payment to Royal Stationers NEFT5137,PaymentModule,ACCT-2,
PMT-00819,Payment,2024-06-18,2024-06-18 12:06,2101,Sundry Creditors,279794.52,,Payment to Mount Cables NEFT5138,PaymentModule,ACCT-2,
PMT-00819,Payment,2024-06-18,2024-06-18 12:06,1101,HDFC Bank - CA 8842,,279794.52,Payment to Mount Cables NEFT5138,PaymentModule,ACCT-2,
PMT-00820,Payment,2024-05-20,2024-05-20 09:29,2101,Sundry Creditors,225121.58,,Payment to Venus Adhesives NEFT5139,PaymentModule,ACCT-1,
PMT-00820,Payment,2024-05-20,2024-05-20 09:29,1101,HDFC Bank - CA 8842,,225121.58,Payment to Venus Adhesives NEFT5139,PaymentModule,ACCT-1,
PMT-00821,Payment,2024-06-12,2024-06-12 15:46,2101,Sundry Creditors,42000.92,,Payment to Divya Safety Equipments NEFT5140,PaymentModule,ACCT-1,
PMT-00821,Payment,2024-06-12,2024-06-12 15:46,1101,HDFC Bank - CA 8842,,42000.92,Payment to Divya Safety Equipments NEFT5140,PaymentModule,ACCT-1,
PMT-00822,Payment,2024-07-06,2024-07-06 17:07,2101,Sundry Creditors,85557.08,,Payment to Chennai Polymers Pvt Ltd NEFT5141,PaymentModule,ACCT-1,
PMT-00822,Payment,2024-07-06,2024-07-06 17:07,1101,HDFC Bank - CA 8842,,85557.08,Payment to Chennai Polymers Pvt Ltd NEFT5141,PaymentModule,ACCT-1,
PMT-00823,Payment,2025-02-15,2025-02-15 13:46,2101,Sundry Creditors,85715.20,,Payment to Orient Glass House NEFT5142,PaymentModule,ACCT-2,
PMT-00823,Payment,2025-02-15,2025-02-15 13:46,1101,HDFC Bank - CA 8842,,85715.20,Payment to Orient Glass House NEFT5142,PaymentModule,ACCT-2,
PMT-00824,Payment,2024-05-22,2024-05-22 18:03,2101,Sundry Creditors,50056.78,,Payment to Krishna Cement Agency NEFT5143,PaymentModule,ACCT-1,
PMT-00824,Payment,2024-05-22,2024-05-22 18:03,1101,HDFC Bank - CA 8842,,50056.78,Payment to Krishna Cement Agency NEFT5143,PaymentModule,ACCT-1,
PMT-00825,Payment,2025-01-26,2025-01-26 18:14,2101,Sundry Creditors,188838.94,,Payment to Deccan Logistics NEFT5144,PaymentModule,ACCT-2,
PMT-00825,Payment,2025-01-26,2025-01-26 18:14,1101,HDFC Bank - CA 8842,,188838.94,Payment to Deccan Logistics NEFT5144,PaymentModule,ACCT-2,
PMT-00826,Payment,2024-06-09,2024-06-09 13:47,2101,Sundry Creditors,195490.60,,Payment to Falcon Security Services NEFT5145,PaymentModule,ACCT-3,
PMT-00826,Payment,2024-06-09,2024-06-09 13:47,1101,HDFC Bank - CA 8842,,195490.60,Payment to Falcon Security Services NEFT5145,PaymentModule,ACCT-3,
PMT-00827,Payment,2024-07-27,2024-07-27 17:12,2101,Sundry Creditors,148574.98,,Payment to Pioneer Plastics NEFT5146,PaymentModule,ACCT-1,
PMT-00827,Payment,2024-07-27,2024-07-27 17:12,1101,HDFC Bank - CA 8842,,148574.98,Payment to Pioneer Plastics NEFT5146,PaymentModule,ACCT-1,
PMT-00828,Payment,2024-12-08,2024-12-08 15:30,2101,Sundry Creditors,81680.78,,Payment to Green Valley Agro NEFT5147,PaymentModule,ACCT-2,
PMT-00828,Payment,2024-12-08,2024-12-08 15:30,1101,HDFC Bank - CA 8842,,81680.78,Payment to Green Valley Agro NEFT5147,PaymentModule,ACCT-2,
PMT-00829,Payment,2024-09-18,2024-09-18 15:53,2101,Sundry Creditors,249339.90,,Payment to Hitech Instruments NEFT5148,PaymentModule,ACCT-3,
PMT-00829,Payment,2024-09-18,2024-09-18 15:53,1101,HDFC Bank - CA 8842,,249339.90,Payment to Hitech Instruments NEFT5148,PaymentModule,ACCT-3,
PMT-00830,Payment,2024-04-28,2024-04-28 15:31,2101,Sundry Creditors,66251.10,,Payment to Orient Glass House NEFT5149,PaymentModule,ACCT-2,
PMT-00830,Payment,2024-04-28,2024-04-28 15:31,1101,HDFC Bank - CA 8842,,66251.10,Payment to Orient Glass House NEFT5149,PaymentModule,ACCT-2,
PMT-00831,Payment,2024-07-24,2024-07-24 10:54,2101,Sundry Creditors,162517.86,,Payment to Falcon Security Services NEFT5150,PaymentModule,ACCT-2,
PMT-00831,Payment,2024-07-24,2024-07-24 10:54,1101,HDFC Bank - CA 8842,,162517.86,Payment to Falcon Security Services NEFT5150,PaymentModule,ACCT-2,
PMT-00832,Payment,2024-11-23,2024-11-23 11:27,2101,Sundry Creditors,12995.34,,Payment to Falcon Security Services NEFT5151,PaymentModule,ACCT-3,
PMT-00832,Payment,2024-11-23,2024-11-23 11:27,1101,HDFC Bank - CA 8842,,12995.34,Payment to Falcon Security Services NEFT5151,PaymentModule,ACCT-3,
PMT-00833,Payment,2024-09-18,2024-09-18 15:03,2101,Sundry Creditors,73172.98,,Payment to Krishna Cement Agency NEFT5152,PaymentModule,ACCT-1,
PMT-00833,Payment,2024-09-18,2024-09-18 15:03,1101,HDFC Bank - CA 8842,,73172.98,Payment to Krishna Cement Agency NEFT5152,PaymentModule,ACCT-1,
PMT-00834,Payment,2024-05-14,2024-05-14 17:59,2101,Sundry Creditors,192564.20,,Payment to Crescent Ceramics NEFT5153,PaymentModule,ACCT-3,
PMT-00834,Payment,2024-05-14,2024-05-14 17:59,1101,HDFC Bank - CA 8842,,192564.20,Payment to Crescent Ceramics NEFT5153,PaymentModule,ACCT-3,
PMT-00835,Payment,2024-09-17,2024-09-17 12:20,2101,Sundry Creditors,262573.60,,Payment to Universal Bearings NEFT5154,PaymentModule,ACCT-2,
PMT-00835,Payment,2024-09-17,2024-09-17 12:20,1101,HDFC Bank - CA 8842,,262573.60,Payment to Universal Bearings NEFT5154,PaymentModule,ACCT-2,
PMT-00836,Payment,2024-11-23,2024-11-23 16:55,2101,Sundry Creditors,111072.22,,Payment to Omkar Engineering NEFT5155,PaymentModule,ACCT-3,
PMT-00836,Payment,2024-11-23,2024-11-23 16:55,1101,HDFC Bank - CA 8842,,111072.22,Payment to Omkar Engineering NEFT5155,PaymentModule,ACCT-3,
PMT-00837,Payment,2024-04-16,2024-04-16 16:12,2101,Sundry Creditors,211427.68,,Payment to Divya Safety Equipments NEFT5156,PaymentModule,ACCT-1,
PMT-00837,Payment,2024-04-16,2024-04-16 16:12,1101,HDFC Bank - CA 8842,,211427.68,Payment to Divya Safety Equipments NEFT5156,PaymentModule,ACCT-1,
PMT-00838,Payment,2024-12-11,2024-12-11 17:43,2101,Sundry Creditors,62079.80,,Payment to Imperial Paints NEFT5157,PaymentModule,ACCT-1,
PMT-00838,Payment,2024-12-11,2024-12-11 17:43,1101,HDFC Bank - CA 8842,,62079.80,Payment to Imperial Paints NEFT5157,PaymentModule,ACCT-1,
PMT-00839,Payment,2024-12-17,2024-12-17 18:23,2101,Sundry Creditors,185694.24,,Payment to Trident Tools Ltd NEFT5158,PaymentModule,ACCT-2,
PMT-00839,Payment,2024-12-17,2024-12-17 18:23,1101,HDFC Bank - CA 8842,,185694.24,Payment to Trident Tools Ltd NEFT5158,PaymentModule,ACCT-2,
PMT-00840,Payment,2024-06-13,2024-06-13 14:39,2101,Sundry Creditors,4360.10,,Payment to Venus Adhesives NEFT5159,PaymentModule,ACCT-1,
PMT-00840,Payment,2024-06-13,2024-06-13 14:39,1101,HDFC Bank - CA 8842,,4360.10,Payment to Venus Adhesives NEFT5159,PaymentModule,ACCT-1,
PMT-00841,Payment,2024-05-01,2024-05-01 12:55,2101,Sundry Creditors,2093.32,,Payment to Deccan Logistics NEFT5160,PaymentModule,ACCT-2,
PMT-00841,Payment,2024-05-01,2024-05-01 12:55,1101,HDFC Bank - CA 8842,,2093.32,Payment to Deccan Logistics NEFT5160,PaymentModule,ACCT-2,
PMT-00842,Payment,2024-06-21,2024-06-21 17:08,2101,Sundry Creditors,160313.62,,Payment to Venus Adhesives NEFT5161,PaymentModule,ACCT-3,
PMT-00842,Payment,2024-06-21,2024-06-21 17:08,1101,HDFC Bank - CA 8842,,160313.62,Payment to Venus Adhesives NEFT5161,PaymentModule,ACCT-3,
PMT-00843,Payment,2025-03-08,2025-03-08 12:59,2101,Sundry Creditors,239643.84,,Payment to Orient Glass House NEFT5162,PaymentModule,ACCT-3,
PMT-00843,Payment,2025-03-08,2025-03-08 12:59,1101,HDFC Bank - CA 8842,,239643.84,Payment to Orient Glass House NEFT5162,PaymentModule,ACCT-3,
PMT-00844,Payment,2024-10-30,2024-10-30 09:29,2101,Sundry Creditors,126681.26,,Payment to Lakshmi Industrial Stores NEFT5163,PaymentModule,ACCT-3,
PMT-00844,Payment,2024-10-30,2024-10-30 09:29,1101,HDFC Bank - CA 8842,,126681.26,Payment to Lakshmi Industrial Stores NEFT5163,PaymentModule,ACCT-3,
PMT-00845,Payment,2025-02-15,2025-02-15 12:02,2101,Sundry Creditors,164165.14,,Payment to Jyoti Electrodes NEFT5164,PaymentModule,ACCT-1,
PMT-00845,Payment,2025-02-15,2025-02-15 12:02,1101,HDFC Bank - CA 8842,,164165.14,Payment to Jyoti Electrodes NEFT5164,PaymentModule,ACCT-1,
PMT-00846,Payment,2024-11-22,2024-11-22 14:50,2101,Sundry Creditors,249289.16,,Payment to Sunrise Solvents NEFT5165,PaymentModule,ACCT-2,
PMT-00846,Payment,2024-11-22,2024-11-22 14:50,1101,HDFC Bank - CA 8842,,249289.16,Payment to Sunrise Solvents NEFT5165,PaymentModule,ACCT-2,
PMT-00847,Payment,2024-07-10,2024-07-10 16:23,2101,Sundry Creditors,90455.26,,Payment to Indus Metal Works NEFT5166,PaymentModule,ACCT-3,
PMT-00847,Payment,2024-07-10,2024-07-10 16:23,1101,HDFC Bank - CA 8842,,90455.26,Payment to Indus Metal Works NEFT5166,PaymentModule,ACCT-3,
PMT-00848,Payment,2024-07-30,2024-07-30 16:56,2101,Sundry Creditors,208577.98,,Payment to Jyoti Electrodes NEFT5167,PaymentModule,ACCT-1,
PMT-00848,Payment,2024-07-30,2024-07-30 16:56,1101,HDFC Bank - CA 8842,,208577.98,Payment to Jyoti Electrodes NEFT5167,PaymentModule,ACCT-1,
PMT-00849,Payment,2024-09-23,2024-09-23 16:23,2101,Sundry Creditors,71303.86,,Payment to Omkar Engineering NEFT5168,PaymentModule,ACCT-3,
PMT-00849,Payment,2024-09-23,2024-09-23 16:23,1101,HDFC Bank - CA 8842,,71303.86,Payment to Omkar Engineering NEFT5168,PaymentModule,ACCT-3,
PMT-00850,Payment,2024-07-01,2024-07-01 17:23,2101,Sundry Creditors,265942.50,,Payment to Ganga Traders NEFT5169,PaymentModule,ACCT-2,
PMT-00850,Payment,2024-07-01,2024-07-01 17:23,1101,HDFC Bank - CA 8842,,265942.50,Payment to Ganga Traders NEFT5169,PaymentModule,ACCT-2,
PMT-00851,Payment,2024-05-06,2024-05-06 11:15,2101,Sundry Creditors,97112.82,,Payment to Ganga Traders NEFT5170,PaymentModule,ACCT-2,
PMT-00851,Payment,2024-05-06,2024-05-06 11:15,1101,HDFC Bank - CA 8842,,97112.82,Payment to Ganga Traders NEFT5170,PaymentModule,ACCT-2,
PMT-00852,Payment,2024-08-29,2024-08-29 09:32,2101,Sundry Creditors,247306.76,,Payment to Falcon Security Services NEFT5171,PaymentModule,ACCT-2,
PMT-00852,Payment,2024-08-29,2024-08-29 09:32,1101,HDFC Bank - CA 8842,,247306.76,Payment to Falcon Security Services NEFT5171,PaymentModule,ACCT-2,
PMT-00853,Payment,2024-12-24,2024-12-24 16:09,2101,Sundry Creditors,98886.36,,Payment to Green Valley Agro NEFT5172,PaymentModule,ACCT-2,
PMT-00853,Payment,2024-12-24,2024-12-24 16:09,1101,HDFC Bank - CA 8842,,98886.36,Payment to Green Valley Agro NEFT5172,PaymentModule,ACCT-2,
PMT-00854,Payment,2024-04-28,2024-04-28 16:39,2101,Sundry Creditors,94992.36,,Payment to Indus Metal Works NEFT5173,PaymentModule,ACCT-1,
PMT-00854,Payment,2024-04-28,2024-04-28 16:39,1101,HDFC Bank - CA 8842,,94992.36,Payment to Indus Metal Works NEFT5173,PaymentModule,ACCT-1,
PMT-00855,Payment,2024-12-20,2024-12-20 17:34,2101,Sundry Creditors,282445.98,,Payment to Xpress Couriers NEFT5174,PaymentModule,ACCT-1,
PMT-00855,Payment,2024-12-20,2024-12-20 17:34,1101,HDFC Bank - CA 8842,,282445.98,Payment to Xpress Couriers NEFT5174,PaymentModule,ACCT-1,
PMT-00856,Payment,2025-01-23,2025-01-23 17:33,2101,Sundry Creditors,34784.04,,Payment to Xpress Couriers NEFT5175,PaymentModule,ACCT-2,
PMT-00856,Payment,2025-01-23,2025-01-23 17:33,1101,HDFC Bank - CA 8842,,34784.04,Payment to Xpress Couriers NEFT5175,PaymentModule,ACCT-2,
PMT-00857,Payment,2024-12-09,2024-12-09 13:27,2101,Sundry Creditors,20111.92,,Payment to Chennai Polymers Pvt Ltd NEFT5176,PaymentModule,ACCT-1,
PMT-00857,Payment,2024-12-09,2024-12-09 13:27,1101,HDFC Bank - CA 8842,,20111.92,Payment to Chennai Polymers Pvt Ltd NEFT5176,PaymentModule,ACCT-1,
PMT-00858,Payment,2024-07-21,2024-07-21 15:51,2101,Sundry Creditors,251266.84,,Payment to Lakshmi Industrial Stores NEFT5177,PaymentModule,ACCT-1,
PMT-00858,Payment,2024-07-21,2024-07-21 15:51,1101,HDFC Bank - CA 8842,,251266.84,Payment to Lakshmi Industrial Stores NEFT5177,PaymentModule,ACCT-1,
PMT-00859,Payment,2024-11-22,2024-11-22 15:44,2101,Sundry Creditors,244374.46,,Payment to Omkar Engineering NEFT5178,PaymentModule,ACCT-2,
PMT-00859,Payment,2024-11-22,2024-11-22 15:44,1101,HDFC Bank - CA 8842,,244374.46,Payment to Omkar Engineering NEFT5178,PaymentModule,ACCT-2,
PMT-00860,Payment,2024-06-28,2024-06-28 17:37,2101,Sundry Creditors,160551.98,,Payment to Krishna Cement Agency NEFT5179,PaymentModule,ACCT-3,
PMT-00860,Payment,2024-06-28,2024-06-28 17:37,1101,HDFC Bank - CA 8842,,160551.98,Payment to Krishna Cement Agency NEFT5179,PaymentModule,ACCT-3,
PMT-00861,Payment,2024-11-30,2024-11-30 09:27,2101,Sundry Creditors,57925.02,,Payment to Quality Fasteners NEFT5180,PaymentModule,ACCT-1,
PMT-00861,Payment,2024-11-30,2024-11-30 09:27,1101,HDFC Bank - CA 8842,,57925.02,Payment to Quality Fasteners NEFT5180,PaymentModule,ACCT-1,
PMT-00862,Payment,2024-11-05,2024-11-05 16:28,2101,Sundry Creditors,191411.34,,Payment to Pioneer Plastics NEFT5181,PaymentModule,ACCT-3,
PMT-00862,Payment,2024-11-05,2024-11-05 16:28,1101,HDFC Bank - CA 8842,,191411.34,Payment to Pioneer Plastics NEFT5181,PaymentModule,ACCT-3,
PMT-00863,Payment,2024-05-23,2024-05-23 12:23,2101,Sundry Creditors,238493.34,,Payment to Imperial Paints NEFT5182,PaymentModule,ACCT-1,
PMT-00863,Payment,2024-05-23,2024-05-23 12:23,1101,HDFC Bank - CA 8842,,238493.34,Payment to Imperial Paints NEFT5182,PaymentModule,ACCT-1,
PMT-00864,Payment,2024-07-11,2024-07-11 17:04,2101,Sundry Creditors,110414.96,,Payment to Yamuna Enterprises NEFT5183,PaymentModule,ACCT-1,
PMT-00864,Payment,2024-07-11,2024-07-11 17:04,1101,HDFC Bank - CA 8842,,110414.96,Payment to Yamuna Enterprises NEFT5183,PaymentModule,ACCT-1,
PMT-00865,Payment,2025-03-13,2025-03-13 18:14,2101,Sundry Creditors,8687.16,,Payment to Deccan Logistics NEFT5184,PaymentModule,ACCT-1,
PMT-00865,Payment,2025-03-13,2025-03-13 18:14,1101,HDFC Bank - CA 8842,,8687.16,Payment to Deccan Logistics NEFT5184,PaymentModule,ACCT-1,
PMT-00866,Payment,2025-02-13,2025-02-13 11:08,2101,Sundry Creditors,240500.52,,Payment to Sunrise Solvents NEFT5185,PaymentModule,ACCT-3,
PMT-00866,Payment,2025-02-13,2025-02-13 11:08,1101,HDFC Bank - CA 8842,,240500.52,Payment to Sunrise Solvents NEFT5185,PaymentModule,ACCT-3,
PMT-00867,Payment,2025-01-22,2025-01-22 15:27,2101,Sundry Creditors,260127.46,,Payment to Trident Tools Ltd NEFT5186,PaymentModule,ACCT-2,
PMT-00867,Payment,2025-01-22,2025-01-22 15:27,1101,HDFC Bank - CA 8842,,260127.46,Payment to Trident Tools Ltd NEFT5186,PaymentModule,ACCT-2,
PMT-00868,Payment,2025-01-18,2025-01-18 12:30,2101,Sundry Creditors,163597.56,,Payment to Himalaya Papers NEFT5187,PaymentModule,ACCT-3,
PMT-00868,Payment,2025-01-18,2025-01-18 12:30,1101,HDFC Bank - CA 8842,,163597.56,Payment to Himalaya Papers NEFT5187,PaymentModule,ACCT-3,
PMT-00869,Payment,2025-02-25,2025-02-25 13:25,2101,Sundry Creditors,15441.48,,Payment to Himalaya Papers NEFT5188,PaymentModule,ACCT-2,
PMT-00869,Payment,2025-02-25,2025-02-25 13:25,1101,HDFC Bank - CA 8842,,15441.48,Payment to Himalaya Papers NEFT5188,PaymentModule,ACCT-2,
PMT-00870,Payment,2024-08-12,2024-08-12 14:09,2101,Sundry Creditors,68641.78,,Payment to Falcon Security Services NEFT5189,PaymentModule,ACCT-2,
PMT-00870,Payment,2024-08-12,2024-08-12 14:09,1101,HDFC Bank - CA 8842,,68641.78,Payment to Falcon Security Services NEFT5189,PaymentModule,ACCT-2,
PMT-00871,Payment,2024-05-06,2024-05-06 11:34,2101,Sundry Creditors,173871.82,,Payment to Hitech Instruments NEFT5190,PaymentModule,ACCT-2,
PMT-00871,Payment,2024-05-06,2024-05-06 11:34,1101,HDFC Bank - CA 8842,,173871.82,Payment to Hitech Instruments NEFT5190,PaymentModule,ACCT-2,
PMT-00872,Payment,2024-04-16,2024-04-16 14:00,2101,Sundry Creditors,4283.40,,Payment to Ganga Traders NEFT5191,PaymentModule,ACCT-3,
PMT-00872,Payment,2024-04-16,2024-04-16 14:00,1101,HDFC Bank - CA 8842,,4283.40,Payment to Ganga Traders NEFT5191,PaymentModule,ACCT-3,
PMT-00873,Payment,2025-02-19,2025-02-19 09:48,2101,Sundry Creditors,195389.12,,Payment to Western Freight Lines NEFT5192,PaymentModule,ACCT-2,
PMT-00873,Payment,2025-02-19,2025-02-19 09:48,1101,HDFC Bank - CA 8842,,195389.12,Payment to Western Freight Lines NEFT5192,PaymentModule,ACCT-2,
PMT-00874,Payment,2025-01-09,2025-01-09 09:02,2101,Sundry Creditors,85351.76,,Payment to Omkar Engineering NEFT5193,PaymentModule,ACCT-3,
PMT-00874,Payment,2025-01-09,2025-01-09 09:02,1101,HDFC Bank - CA 8842,,85351.76,Payment to Omkar Engineering NEFT5193,PaymentModule,ACCT-3,
PMT-00875,Payment,2025-02-14,2025-02-14 09:12,2101,Sundry Creditors,139935.02,,Payment to Himalaya Papers NEFT5194,PaymentModule,ACCT-1,
PMT-00875,Payment,2025-02-14,2025-02-14 09:12,1101,HDFC Bank - CA 8842,,139935.02,Payment to Himalaya Papers NEFT5194,PaymentModule,ACCT-1,
RCT-00876,Receipt,2024-07-21,2024-07-21 14:13,1101,HDFC Bank - CA 8842,339581.58,,Receipt from Customer 023 Retail UTR5195,ReceiptModule,ACCT-3,
RCT-00876,Receipt,2024-07-21,2024-07-21 14:13,1201,Sundry Debtors,,339581.58,Receipt from Customer 023 Retail UTR5195,ReceiptModule,ACCT-3,
RCT-00877,Receipt,2024-12-31,2024-12-31 12:15,1101,HDFC Bank - CA 8842,343907.46,,Receipt from Customer 002 Retail UTR5196,ReceiptModule,ACCT-3,
RCT-00877,Receipt,2024-12-31,2024-12-31 12:15,1201,Sundry Debtors,,343907.46,Receipt from Customer 002 Retail UTR5196,ReceiptModule,ACCT-3,
RCT-00878,Receipt,2024-12-28,2024-12-28 17:32,1101,HDFC Bank - CA 8842,299620.88,,Receipt from Customer 020 Retail UTR5197,ReceiptModule,ACCT-2,
RCT-00878,Receipt,2024-12-28,2024-12-28 17:32,1201,Sundry Debtors,,299620.88,Receipt from Customer 020 Retail UTR5197,ReceiptModule,ACCT-2,
RCT-00879,Receipt,2024-08-02,2024-08-02 10:39,1101,HDFC Bank - CA 8842,68016.38,,Receipt from Customer 025 Retail UTR5198,ReceiptModule,ACCT-1,
RCT-00879,Receipt,2024-08-02,2024-08-02 10:39,1201,Sundry Debtors,,68016.38,Receipt from Customer 025 Retail UTR5198,ReceiptModule,ACCT-1,
RCT-00880,Receipt,2025-01-22,2025-01-22 12:36,1101,HDFC Bank - CA 8842,161973.88,,Receipt from Customer 027 Retail UTR5199,ReceiptModule,ACCT-1,
RCT-00880,Receipt,2025-01-22,2025-01-22 12:36,1201,Sundry Debtors,,161973.88,Receipt from Customer 027 Retail UTR5199,ReceiptModule,ACCT-1,
RCT-00881,Receipt,2024-08-16,2024-08-16 15:23,1101,HDFC Bank - CA 8842,416643.84,,Receipt from Customer 021 Retail UTR5200,ReceiptModule,ACCT-1,
RCT-00881,Receipt,2024-08-16,2024-08-16 15:23,1201,Sundry Debtors,,416643.84,Receipt from Customer 021 Retail UTR5200,ReceiptModule,ACCT-1,
RCT-00882,Receipt,2024-07-20,2024-07-20 14:33,1101,HDFC Bank - CA 8842,171628.64,,Receipt from Customer 030 Retail UTR5201,ReceiptModule,ACCT-1,
RCT-00882,Receipt,2024-07-20,2024-07-20 14:33,1201,Sundry Debtors,,171628.64,Receipt from Customer 030 Retail UTR5201,ReceiptModule,ACCT-1,
RCT-00883,Receipt,2024-09-14,2024-09-14 15:17,1101,HDFC Bank - CA 8842,421160.88,,Receipt from Customer 030 Retail UTR5202,ReceiptModule,ACCT-3,
RCT-00883,Receipt,2024-09-14,2024-09-14 15:17,1201,Sundry Debtors,,421160.88,Receipt from Customer 030 Retail UTR5202,ReceiptModule,ACCT-3,
RCT-00884,Receipt,2025-01-19,2025-01-19 15:31,1101,HDFC Bank - CA 8842,377256.62,,Receipt from Customer 006 Retail UTR5203,ReceiptModule,ACCT-3,
RCT-00884,Receipt,2025-01-19,2025-01-19 15:31,1201,Sundry Debtors,,377256.62,Receipt from Customer 006 Retail UTR5203,ReceiptModule,ACCT-3,
RCT-00885,Receipt,2024-11-27,2024-11-27 12:03,1101,HDFC Bank - CA 8842,141515.04,,Receipt from Customer 008 Retail UTR5204,ReceiptModule,ACCT-1,
RCT-00885,Receipt,2024-11-27,2024-11-27 12:03,1201,Sundry Debtors,,141515.04,Receipt from Customer 008 Retail UTR5204,ReceiptModule,ACCT-1,
RCT-00886,Receipt,2024-10-07,2024-10-07 15:39,1101,HDFC Bank - CA 8842,392498.68,,Receipt from Customer 029 Retail UTR5205,ReceiptModule,ACCT-2,
RCT-00886,Receipt,2024-10-07,2024-10-07 15:39,1201,Sundry Debtors,,392498.68,Receipt from Customer 029 Retail UTR5205,ReceiptModule,ACCT-2,
RCT-00887,Receipt,2024-07-14,2024-07-14 17:50,1101,HDFC Bank - CA 8842,236215.94,,Receipt from Customer 017 Retail UTR5206,ReceiptModule,ACCT-2,
RCT-00887,Receipt,2024-07-14,2024-07-14 17:50,1201,Sundry Debtors,,236215.94,Receipt from Customer 017 Retail UTR5206,ReceiptModule,ACCT-2,
RCT-00888,Receipt,2024-12-28,2024-12-28 14:07,1101,HDFC Bank - CA 8842,355263.78,,Receipt from Customer 018 Retail UTR5207,ReceiptModule,ACCT-2,
RCT-00888,Receipt,2024-12-28,2024-12-28 14:07,1201,Sundry Debtors,,355263.78,Receipt from Customer 018 Retail UTR5207,ReceiptModule,ACCT-2,
RCT-00889,Receipt,2024-05-12,2024-05-12 17:20,1101,HDFC Bank - CA 8842,330395.28,,Receipt from Customer 017 Retail UTR5208,ReceiptModule,ACCT-2,
RCT-00889,Receipt,2024-05-12,2024-05-12 17:20,1201,Sundry Debtors,,330395.28,Receipt from Customer 017 Retail UTR5208,ReceiptModule,ACCT-2,
RCT-00890,Receipt,2024-12-03,2024-12-03 15:55,1101,HDFC Bank - CA 8842,155472.08,,Receipt from Customer 009 Retail UTR5209,ReceiptModule,ACCT-3,
RCT-00890,Receipt,2024-12-03,2024-12-03 15:55,1201,Sundry Debtors,,155472.08,Receipt from Customer 009 Retail UTR5209,ReceiptModule,ACCT-3,
RCT-00891,Receipt,2024-10-24,2024-10-24 18:19,1101,HDFC Bank - CA 8842,131638.44,,Receipt from Customer 020 Retail UTR5210,ReceiptModule,ACCT-2,
RCT-00891,Receipt,2024-10-24,2024-10-24 18:19,1201,Sundry Debtors,,131638.44,Receipt from Customer 020 Retail UTR5210,ReceiptModule,ACCT-2,
RCT-00892,Receipt,2025-01-30,2025-01-30 16:35,1101,HDFC Bank - CA 8842,104306.10,,Receipt from Customer 005 Retail UTR5211,ReceiptModule,ACCT-2,
RCT-00892,Receipt,2025-01-30,2025-01-30 16:35,1201,Sundry Debtors,,104306.10,Receipt from Customer 005 Retail UTR5211,ReceiptModule,ACCT-2,
RCT-00893,Receipt,2024-11-29,2024-11-29 14:59,1101,HDFC Bank - CA 8842,436928.04,,Receipt from Customer 010 Retail UTR5212,ReceiptModule,ACCT-2,
RCT-00893,Receipt,2024-11-29,2024-11-29 14:59,1201,Sundry Debtors,,436928.04,Receipt from Customer 010 Retail UTR5212,ReceiptModule,ACCT-2,
RCT-00894,Receipt,2024-11-22,2024-11-22 14:48,1101,HDFC Bank - CA 8842,402175.86,,Receipt from Customer 015 Retail UTR5213,ReceiptModule,ACCT-1,
RCT-00894,Receipt,2024-11-22,2024-11-22 14:48,1201,Sundry Debtors,,402175.86,Receipt from Customer 015 Retail UTR5213,ReceiptModule,ACCT-1,
RCT-00895,Receipt,2024-05-22,2024-05-22 17:17,1101,HDFC Bank - CA 8842,37017.78,,Receipt from Customer 011 Retail UTR5214,ReceiptModule,ACCT-2,
RCT-00895,Receipt,2024-05-22,2024-05-22 17:17,1201,Sundry Debtors,,37017.78,Receipt from Customer 011 Retail UTR5214,ReceiptModule,ACCT-2,
RCT-00896,Receipt,2024-10-30,2024-10-30 13:00,1101,HDFC Bank - CA 8842,339260.62,,Receipt from Customer 021 Retail UTR5215,ReceiptModule,ACCT-1,
RCT-00896,Receipt,2024-10-30,2024-10-30 13:00,1201,Sundry Debtors,,339260.62,Receipt from Customer 021 Retail UTR5215,ReceiptModule,ACCT-1,
RCT-00897,Receipt,2024-10-17,2024-10-17 09:57,1101,HDFC Bank - CA 8842,373752.02,,Receipt from Customer 008 Retail UTR5216,ReceiptModule,ACCT-2,
RCT-00897,Receipt,2024-10-17,2024-10-17 09:57,1201,Sundry Debtors,,373752.02,Receipt from Customer 008 Retail UTR5216,ReceiptModule,ACCT-2,
RCT-00898,Receipt,2024-09-01,2024-09-01 10:42,1101,HDFC Bank - CA 8842,371310.60,,Receipt from Customer 003 Retail UTR5217,ReceiptModule,ACCT-2,
RCT-00898,Receipt,2024-09-01,2024-09-01 10:42,1201,Sundry Debtors,,371310.60,Receipt from Customer 003 Retail UTR5217,ReceiptModule,ACCT-2,
RCT-00899,Receipt,2024-11-09,2024-11-09 13:42,1101,HDFC Bank - CA 8842,254778.52,,Receipt from Customer 024 Retail UTR5218,ReceiptModule,ACCT-2,
RCT-00899,Receipt,2024-11-09,2024-11-09 13:42,1201,Sundry Debtors,,254778.52,Receipt from Customer 024 Retail UTR5218,ReceiptModule,ACCT-2,
RCT-00900,Receipt,2024-12-22,2024-12-22 15:05,1101,HDFC Bank - CA 8842,53779.68,,Receipt from Customer 002 Retail UTR5219,ReceiptModule,ACCT-3,
RCT-00900,Receipt,2024-12-22,2024-12-22 15:05,1201,Sundry Debtors,,53779.68,Receipt from Customer 002 Retail UTR5219,ReceiptModule,ACCT-3,
RCT-00901,Receipt,2024-07-08,2024-07-08 11:53,1101,HDFC Bank - CA 8842,424035.36,,Receipt from Customer 008 Retail UTR5220,ReceiptModule,ACCT-1,
RCT-00901,Receipt,2024-07-08,2024-07-08 11:53,1201,Sundry Debtors,,424035.36,Receipt from Customer 008 Retail UTR5220,ReceiptModule,ACCT-1,
RCT-00902,Receipt,2025-02-28,2025-02-28 12:15,1101,HDFC Bank - CA 8842,76777.88,,Receipt from Customer 018 Retail UTR5221,ReceiptModule,ACCT-2,
RCT-00902,Receipt,2025-02-28,2025-02-28 12:15,1201,Sundry Debtors,,76777.88,Receipt from Customer 018 Retail UTR5221,ReceiptModule,ACCT-2,
RCT-00903,Receipt,2024-07-15,2024-07-15 16:20,1101,HDFC Bank - CA 8842,199916.78,,Receipt from Customer 024 Retail UTR5222,ReceiptModule,ACCT-1,
RCT-00903,Receipt,2024-07-15,2024-07-15 16:20,1201,Sundry Debtors,,199916.78,Receipt from Customer 024 Retail UTR5222,ReceiptModule,ACCT-1,
RCT-00904,Receipt,2024-11-30,2024-11-30 17:36,1101,HDFC Bank - CA 8842,284306.84,,Receipt from Customer 028 Retail UTR5223,ReceiptModule,ACCT-3,
RCT-00904,Receipt,2024-11-30,2024-11-30 17:36,1201,Sundry Debtors,,284306.84,Receipt from Customer 028 Retail UTR5223,ReceiptModule,ACCT-3,
RCT-00905,Receipt,2024-11-20,2024-11-20 14:22,1101,HDFC Bank - CA 8842,144571.24,,Receipt from Customer 014 Retail UTR5224,ReceiptModule,ACCT-3,
RCT-00905,Receipt,2024-11-20,2024-11-20 14:22,1201,Sundry Debtors,,144571.24,Receipt from Customer 014 Retail UTR5224,ReceiptModule,ACCT-3,
RCT-00906,Receipt,2024-10-08,2024-10-08 15:02,1101,HDFC Bank - CA 8842,29301.76,,Receipt from Customer 014 Retail UTR5225,ReceiptModule,ACCT-1,
RCT-00906,Receipt,2024-10-08,2024-10-08 15:02,1201,Sundry Debtors,,29301.76,Receipt from Customer 014 Retail UTR5225,ReceiptModule,ACCT-1,
RCT-00907,Receipt,2024-05-23,2024-05-23 14:57,1101,HDFC Bank - CA 8842,338879.48,,Receipt from Customer 002 Retail UTR5226,ReceiptModule,ACCT-2,
RCT-00907,Receipt,2024-05-23,2024-05-23 14:57,1201,Sundry Debtors,,338879.48,Receipt from Customer 002 Retail UTR5226,ReceiptModule,ACCT-2,
RCT-00908,Receipt,2025-02-06,2025-02-06 15:40,1101,HDFC Bank - CA 8842,39777.80,,Receipt from Customer 016 Retail UTR5227,ReceiptModule,ACCT-3,
RCT-00908,Receipt,2025-02-06,2025-02-06 15:40,1201,Sundry Debtors,,39777.80,Receipt from Customer 016 Retail UTR5227,ReceiptModule,ACCT-3,
RCT-00909,Receipt,2024-06-30,2024-06-30 11:06,1101,HDFC Bank - CA 8842,328891.96,,Receipt from Customer 004 Retail UTR5228,ReceiptModule,ACCT-2,
RCT-00909,Receipt,2024-06-30,2024-06-30 11:06,1201,Sundry Debtors,,328891.96,Receipt from Customer 004 Retail UTR5228,ReceiptModule,ACCT-2,
RCT-00910,Receipt,2024-12-21,2024-12-21 14:39,1101,HDFC Bank - CA 8842,10017.02,,Receipt from Customer 030 Retail UTR5229,ReceiptModule,ACCT-2,
RCT-00910,Receipt,2024-12-21,2024-12-21 14:39,1201,Sundry Debtors,,10017.02,Receipt from Customer 030 Retail UTR5229,ReceiptModule,ACCT-2,
RCT-00911,Receipt,2024-04-28,2024-04-28 18:18,1101,HDFC Bank - CA 8842,371645.72,,Receipt from Customer 024 Retail UTR5230,ReceiptModule,ACCT-1,
RCT-00911,Receipt,2024-04-28,2024-04-28 18:18,1201,Sundry Debtors,,371645.72,Receipt from Customer 024 Retail UTR5230,ReceiptModule,ACCT-1,
RCT-00912,Receipt,2024-07-14,2024-07-14 17:17,1101,HDFC Bank - CA 8842,128897.30,,Receipt from Customer 003 Retail UTR5231,ReceiptModule,ACCT-3,
RCT-00912,Receipt,2024-07-14,2024-07-14 17:17,1201,Sundry Debtors,,128897.30,Receipt from Customer 003 Retail UTR5231,ReceiptModule,ACCT-3,
RCT-00913,Receipt,2024-07-11,2024-07-11 11:07,1101,HDFC Bank - CA 8842,243266.44,,Receipt from Customer 006 Retail UTR5232,ReceiptModule,ACCT-3,
RCT-00913,Receipt,2024-07-11,2024-07-11 11:07,1201,Sundry Debtors,,243266.44,Receipt from Customer 006 Retail UTR5232,ReceiptModule,ACCT-3,
RCT-00914,Receipt,2024-07-21,2024-07-21 09:27,1101,HDFC Bank - CA 8842,355405.38,,Receipt from Customer 003 Retail UTR5233,ReceiptModule,ACCT-3,
RCT-00914,Receipt,2024-07-21,2024-07-21 09:27,1201,Sundry Debtors,,355405.38,Receipt from Customer 003 Retail UTR5233,ReceiptModule,ACCT-3,
RCT-00915,Receipt,2025-01-14,2025-01-14 15:49,1101,HDFC Bank - CA 8842,210280.72,,Receipt from Customer 002 Retail UTR5234,ReceiptModule,ACCT-1,
RCT-00915,Receipt,2025-01-14,2025-01-14 15:49,1201,Sundry Debtors,,210280.72,Receipt from Customer 002 Retail UTR5234,ReceiptModule,ACCT-1,
RCT-00916,Receipt,2025-03-06,2025-03-06 09:37,1101,HDFC Bank - CA 8842,197355.00,,Receipt from Customer 013 Retail UTR5235,ReceiptModule,ACCT-3,
RCT-00916,Receipt,2025-03-06,2025-03-06 09:37,1201,Sundry Debtors,,197355.00,Receipt from Customer 013 Retail UTR5235,ReceiptModule,ACCT-3,
RCT-00917,Receipt,2024-07-07,2024-07-07 09:28,1101,HDFC Bank - CA 8842,88894.12,,Receipt from Customer 030 Retail UTR5236,ReceiptModule,ACCT-3,
RCT-00917,Receipt,2024-07-07,2024-07-07 09:28,1201,Sundry Debtors,,88894.12,Receipt from Customer 030 Retail UTR5236,ReceiptModule,ACCT-3,
RCT-00918,Receipt,2024-07-12,2024-07-12 12:58,1101,HDFC Bank - CA 8842,21293.10,,Receipt from Customer 002 Retail UTR5237,ReceiptModule,ACCT-2,
RCT-00918,Receipt,2024-07-12,2024-07-12 12:58,1201,Sundry Debtors,,21293.10,Receipt from Customer 002 Retail UTR5237,ReceiptModule,ACCT-2,
RCT-00919,Receipt,2024-05-13,2024-05-13 17:16,1101,HDFC Bank - CA 8842,229108.80,,Receipt from Customer 002 Retail UTR5238,ReceiptModule,ACCT-3,
RCT-00919,Receipt,2024-05-13,2024-05-13 17:16,1201,Sundry Debtors,,229108.80,Receipt from Customer 002 Retail UTR5238,ReceiptModule,ACCT-3,
RCT-00920,Receipt,2024-12-21,2024-12-21 17:20,1101,HDFC Bank - CA 8842,117238.90,,Receipt from Customer 009 Retail UTR5239,ReceiptModule,ACCT-2,
RCT-00920,Receipt,2024-12-21,2024-12-21 17:20,1201,Sundry Debtors,,117238.90,Receipt from Customer 009 Retail UTR5239,ReceiptModule,ACCT-2,
RCT-00921,Receipt,2025-03-03,2025-03-03 18:58,1101,HDFC Bank - CA 8842,364068.94,,Receipt from Customer 006 Retail UTR5240,ReceiptModule,ACCT-3,
RCT-00921,Receipt,2025-03-03,2025-03-03 18:58,1201,Sundry Debtors,,364068.94,Receipt from Customer 006 Retail UTR5240,ReceiptModule,ACCT-3,
RCT-00922,Receipt,2024-07-23,2024-07-23 16:37,1101,HDFC Bank - CA 8842,353379.32,,Receipt from Customer 008 Retail UTR5241,ReceiptModule,ACCT-2,
RCT-00922,Receipt,2024-07-23,2024-07-23 16:37,1201,Sundry Debtors,,353379.32,Receipt from Customer 008 Retail UTR5241,ReceiptModule,ACCT-2,
RCT-00923,Receipt,2025-03-19,2025-03-19 15:15,1101,HDFC Bank - CA 8842,146268.08,,Receipt from Customer 029 Retail UTR5242,ReceiptModule,ACCT-1,
RCT-00923,Receipt,2025-03-19,2025-03-19 15:15,1201,Sundry Debtors,,146268.08,Receipt from Customer 029 Retail UTR5242,ReceiptModule,ACCT-1,
RCT-00924,Receipt,2025-01-26,2025-01-26 14:31,1101,HDFC Bank - CA 8842,300796.16,,Receipt from Customer 011 Retail UTR5243,ReceiptModule,ACCT-2,
RCT-00924,Receipt,2025-01-26,2025-01-26 14:31,1201,Sundry Debtors,,300796.16,Receipt from Customer 011 Retail UTR5243,ReceiptModule,ACCT-2,
RCT-00925,Receipt,2025-03-25,2025-03-25 16:33,1101,HDFC Bank - CA 8842,259033.60,,Receipt from Customer 009 Retail UTR5244,ReceiptModule,ACCT-1,
RCT-00925,Receipt,2025-03-25,2025-03-25 16:33,1201,Sundry Debtors,,259033.60,Receipt from Customer 009 Retail UTR5244,ReceiptModule,ACCT-1,
RCT-00926,Receipt,2025-02-17,2025-02-17 14:21,1101,HDFC Bank - CA 8842,23340.40,,Receipt from Customer 021 Retail UTR5245,ReceiptModule,ACCT-1,
RCT-00926,Receipt,2025-02-17,2025-02-17 14:21,1201,Sundry Debtors,,23340.40,Receipt from Customer 021 Retail UTR5245,ReceiptModule,ACCT-1,
RCT-00927,Receipt,2024-06-29,2024-06-29 16:46,1101,HDFC Bank - CA 8842,427950.60,,Receipt from Customer 015 Retail UTR5246,ReceiptModule,ACCT-2,
RCT-00927,Receipt,2024-06-29,2024-06-29 16:46,1201,Sundry Debtors,,427950.60,Receipt from Customer 015 Retail UTR5246,ReceiptModule,ACCT-2,
RCT-00928,Receipt,2024-05-17,2024-05-17 16:53,1101,HDFC Bank - CA 8842,200568.14,,Receipt from Customer 020 Retail UTR5247,ReceiptModule,ACCT-2,
RCT-00928,Receipt,2024-05-17,2024-05-17 16:53,1201,Sundry Debtors,,200568.14,Receipt from Customer 020 Retail UTR5247,ReceiptModule,ACCT-2,
RCT-00929,Receipt,2024-11-20,2024-11-20 14:42,1101,HDFC Bank - CA 8842,392603.70,,Receipt from Customer 019 Retail UTR5248,ReceiptModule,ACCT-3,
RCT-00929,Receipt,2024-11-20,2024-11-20 14:42,1201,Sundry Debtors,,392603.70,Receipt from Customer 019 Retail UTR5248,ReceiptModule,ACCT-3,
RCT-00930,Receipt,2024-07-27,2024-07-27 10:13,1101,HDFC Bank - CA 8842,81615.88,,Receipt from Customer 005 Retail UTR5249,ReceiptModule,ACCT-2,
RCT-00930,Receipt,2024-07-27,2024-07-27 10:13,1201,Sundry Debtors,,81615.88,Receipt from Customer 005 Retail UTR5249,ReceiptModule,ACCT-2,
RCT-00931,Receipt,2024-11-17,2024-11-17 10:56,1101,HDFC Bank - CA 8842,416151.78,,Receipt from Customer 020 Retail UTR5250,ReceiptModule,ACCT-3,
RCT-00931,Receipt,2024-11-17,2024-11-17 10:56,1201,Sundry Debtors,,416151.78,Receipt from Customer 020 Retail UTR5250,ReceiptModule,ACCT-3,
RCT-00932,Receipt,2024-09-12,2024-09-12 14:01,1101,HDFC Bank - CA 8842,327969.20,,Receipt from Customer 020 Retail UTR5251,ReceiptModule,ACCT-3,
RCT-00932,Receipt,2024-09-12,2024-09-12 14:01,1201,Sundry Debtors,,327969.20,Receipt from Customer 020 Retail UTR5251,ReceiptModule,ACCT-3,
RCT-00933,Receipt,2025-03-22,2025-03-22 10:30,1101,HDFC Bank - CA 8842,3562.42,,Receipt from Customer 013 Retail UTR5252,ReceiptModule,ACCT-3,
RCT-00933,Receipt,2025-03-22,2025-03-22 10:30,1201,Sundry Debtors,,3562.42,Receipt from Customer 013 Retail UTR5252,ReceiptModule,ACCT-3,
RCT-00934,Receipt,2024-11-20,2024-11-20 15:33,1101,HDFC Bank - CA 8842,410491.32,,Receipt from Customer 025 Retail UTR5253,ReceiptModule,ACCT-3,
RCT-00934,Receipt,2024-11-20,2024-11-20 15:33,1201,Sundry Debtors,,410491.32,Receipt from Customer 025 Retail UTR5253,ReceiptModule,ACCT-3,
RCT-00935,Receipt,2025-02-02,2025-02-02 12:08,1101,HDFC Bank - CA 8842,352456.56,,Receipt from Customer 014 Retail UTR5254,ReceiptModule,ACCT-1,
RCT-00935,Receipt,2025-02-02,2025-02-02 12:08,1201,Sundry Debtors,,352456.56,Receipt from Customer 014 Retail UTR5254,ReceiptModule,ACCT-1,
RCT-00936,Receipt,2025-03-25,2025-03-25 11:34,1101,HDFC Bank - CA 8842,341403.50,,Receipt from Customer 022 Retail UTR5255,ReceiptModule,ACCT-3,
RCT-00936,Receipt,2025-03-25,2025-03-25 11:34,1201,Sundry Debtors,,341403.50,Receipt from Customer 022 Retail UTR5255,ReceiptModule,ACCT-3,
RCT-00937,Receipt,2024-09-08,2024-09-08 10:36,1101,HDFC Bank - CA 8842,14667.40,,Receipt from Customer 001 Retail UTR5256,ReceiptModule,ACCT-3,
RCT-00937,Receipt,2024-09-08,2024-09-08 10:36,1201,Sundry Debtors,,14667.40,Receipt from Customer 001 Retail UTR5256,ReceiptModule,ACCT-3,
RCT-00938,Receipt,2025-02-16,2025-02-16 13:55,1101,HDFC Bank - CA 8842,149118.96,,Receipt from Customer 006 Retail UTR5257,ReceiptModule,ACCT-3,
RCT-00938,Receipt,2025-02-16,2025-02-16 13:55,1201,Sundry Debtors,,149118.96,Receipt from Customer 006 Retail UTR5257,ReceiptModule,ACCT-3,
RCT-00939,Receipt,2025-02-21,2025-02-21 16:46,1101,HDFC Bank - CA 8842,408086.48,,Receipt from Customer 017 Retail UTR5258,ReceiptModule,ACCT-3,
RCT-00939,Receipt,2025-02-21,2025-02-21 16:46,1201,Sundry Debtors,,408086.48,Receipt from Customer 017 Retail UTR5258,ReceiptModule,ACCT-3,
RCT-00940,Receipt,2024-04-25,2024-04-25 15:40,1101,HDFC Bank - CA 8842,84871.50,,Receipt from Customer 011 Retail UTR5259,ReceiptModule,ACCT-1,
RCT-00940,Receipt,2024-04-25,2024-04-25 15:40,1201,Sundry Debtors,,84871.50,Receipt from Customer 011 Retail UTR5259,ReceiptModule,ACCT-1,
RCT-00941,Receipt,2024-08-27,2024-08-27 15:18,1101,HDFC Bank - CA 8842,26001.30,,Receipt from Customer 017 Retail UTR5260,ReceiptModule,ACCT-1,
RCT-00941,Receipt,2024-08-27,2024-08-27 15:18,1201,Sundry Debtors,,26001.30,Receipt from Customer 017 Retail UTR5260,ReceiptModule,ACCT-1,
RCT-00942,Receipt,2024-07-12,2024-07-12 09:27,1101,HDFC Bank - CA 8842,217706.46,,Receipt from Customer 018 Retail UTR5261,ReceiptModule,ACCT-2,
RCT-00942,Receipt,2024-07-12,2024-07-12 09:27,1201,Sundry Debtors,,217706.46,Receipt from Customer 018 Retail UTR5261,ReceiptModule,ACCT-2,
RCT-00943,Receipt,2024-11-23,2024-11-23 17:28,1101,HDFC Bank - CA 8842,266963.20,,Receipt from Customer 027 Retail UTR5262,ReceiptModule,ACCT-3,
RCT-00943,Receipt,2024-11-23,2024-11-23 17:28,1201,Sundry Debtors,,266963.20,Receipt from Customer 027 Retail UTR5262,ReceiptModule,ACCT-3,
RCT-00944,Receipt,2025-01-13,2025-01-13 18:36,1101,HDFC Bank - CA 8842,32576.26,,Receipt from Customer 026 Retail UTR5263,ReceiptModule,ACCT-3,
RCT-00944,Receipt,2025-01-13,2025-01-13 18:36,1201,Sundry Debtors,,32576.26,Receipt from Customer 026 Retail UTR5263,ReceiptModule,ACCT-3,
RCT-00945,Receipt,2024-05-29,2024-05-29 18:25,1101,HDFC Bank - CA 8842,442233.32,,Receipt from Customer 007 Retail UTR5264,ReceiptModule,ACCT-2,
RCT-00945,Receipt,2024-05-29,2024-05-29 18:25,1201,Sundry Debtors,,442233.32,Receipt from Customer 007 Retail UTR5264,ReceiptModule,ACCT-2,
RCT-00946,Receipt,2025-03-10,2025-03-10 12:42,1101,HDFC Bank - CA 8842,115383.94,,Receipt from Customer 015 Retail UTR5265,ReceiptModule,ACCT-2,
RCT-00946,Receipt,2025-03-10,2025-03-10 12:42,1201,Sundry Debtors,,115383.94,Receipt from Customer 015 Retail UTR5265,ReceiptModule,ACCT-2,
RCT-00947,Receipt,2024-07-02,2024-07-02 12:59,1101,HDFC Bank - CA 8842,296862.04,,Receipt from Customer 003 Retail UTR5266,ReceiptModule,ACCT-1,
RCT-00947,Receipt,2024-07-02,2024-07-02 12:59,1201,Sundry Debtors,,296862.04,Receipt from Customer 003 Retail UTR5266,ReceiptModule,ACCT-1,
RCT-00948,Receipt,2024-09-02,2024-09-02 16:15,1101,HDFC Bank - CA 8842,293777.52,,Receipt from Customer 001 Retail UTR5267,ReceiptModule,ACCT-1,
RCT-00948,Receipt,2024-09-02,2024-09-02 16:15,1201,Sundry Debtors,,293777.52,Receipt from Customer 001 Retail UTR5267,ReceiptModule,ACCT-1,
RCT-00949,Receipt,2024-08-13,2024-08-13 13:22,1101,HDFC Bank - CA 8842,233016.96,,Receipt from Customer 028 Retail UTR5268,ReceiptModule,ACCT-1,
RCT-00949,Receipt,2024-08-13,2024-08-13 13:22,1201,Sundry Debtors,,233016.96,Receipt from Customer 028 Retail UTR5268,ReceiptModule,ACCT-1,
RCT-00950,Receipt,2025-03-09,2025-03-09 17:18,1101,HDFC Bank - CA 8842,78211.58,,Receipt from Customer 028 Retail UTR5269,ReceiptModule,ACCT-3,
RCT-00950,Receipt,2025-03-09,2025-03-09 17:18,1201,Sundry Debtors,,78211.58,Receipt from Customer 028 Retail UTR5269,ReceiptModule,ACCT-3,
RCT-00951,Receipt,2025-01-21,2025-01-21 10:37,1101,HDFC Bank - CA 8842,87239.76,,Receipt from Customer 003 Retail UTR5270,ReceiptModule,ACCT-3,
RCT-00951,Receipt,2025-01-21,2025-01-21 10:37,1201,Sundry Debtors,,87239.76,Receipt from Customer 003 Retail UTR5270,ReceiptModule,ACCT-3,
RCT-00952,Receipt,2024-08-21,2024-08-21 15:42,1101,HDFC Bank - CA 8842,104234.12,,Receipt from Customer 030 Retail UTR5271,ReceiptModule,ACCT-3,
RCT-00952,Receipt,2024-08-21,2024-08-21 15:42,1201,Sundry Debtors,,104234.12,Receipt from Customer 030 Retail UTR5271,ReceiptModule,ACCT-3,
RCT-00953,Receipt,2024-12-06,2024-12-06 13:15,1101,HDFC Bank - CA 8842,98938.28,,Receipt from Customer 007 Retail UTR5272,ReceiptModule,ACCT-1,
RCT-00953,Receipt,2024-12-06,2024-12-06 13:15,1201,Sundry Debtors,,98938.28,Receipt from Customer 007 Retail UTR5272,ReceiptModule,ACCT-1,
RCT-00954,Receipt,2024-12-14,2024-12-14 11:27,1101,HDFC Bank - CA 8842,91892.50,,Receipt from Customer 018 Retail UTR5273,ReceiptModule,ACCT-2,
RCT-00954,Receipt,2024-12-14,2024-12-14 11:27,1201,Sundry Debtors,,91892.50,Receipt from Customer 018 Retail UTR5273,ReceiptModule,ACCT-2,
RCT-00955,Receipt,2025-03-28,2025-03-28 18:52,1101,HDFC Bank - CA 8842,53251.04,,Receipt from Customer 005 Retail UTR5274,ReceiptModule,ACCT-1,
RCT-00955,Receipt,2025-03-28,2025-03-28 18:52,1201,Sundry Debtors,,53251.04,Receipt from Customer 005 Retail UTR5274,ReceiptModule,ACCT-1,
RCT-00956,Receipt,2024-04-25,2024-04-25 11:21,1101,HDFC Bank - CA 8842,352004.62,,Receipt from Customer 027 Retail UTR5275,ReceiptModule,ACCT-1,
RCT-00956,Receipt,2024-04-25,2024-04-25 11:21,1201,Sundry Debtors,,352004.62,Receipt from Customer 027 Retail UTR5275,ReceiptModule,ACCT-1,
RCT-00957,Receipt,2024-08-17,2024-08-17 12:35,1101,HDFC Bank - CA 8842,124838.10,,Receipt from Customer 028 Retail UTR5276,ReceiptModule,ACCT-2,
RCT-00957,Receipt,2024-08-17,2024-08-17 12:35,1201,Sundry Debtors,,124838.10,Receipt from Customer 028 Retail UTR5276,ReceiptModule,ACCT-2,
RCT-00958,Receipt,2024-07-31,2024-07-31 18:11,1101,HDFC Bank - CA 8842,439266.80,,Receipt from Customer 022 Retail UTR5277,ReceiptModule,ACCT-1,
RCT-00958,Receipt,2024-07-31,2024-07-31 18:11,1201,Sundry Debtors,,439266.80,Receipt from Customer 022 Retail UTR5277,ReceiptModule,ACCT-1,
RCT-00959,Receipt,2024-08-14,2024-08-14 17:46,1101,HDFC Bank - CA 8842,162452.96,,Receipt from Customer 021 Retail UTR5278,ReceiptModule,ACCT-2,
RCT-00959,Receipt,2024-08-14,2024-08-14 17:46,1201,Sundry Debtors,,162452.96,Receipt from Customer 021 Retail UTR5278,ReceiptModule,ACCT-2,
RCT-00960,Receipt,2025-03-10,2025-03-10 17:22,1101,HDFC Bank - CA 8842,434465.38,,Receipt from Customer 006 Retail UTR5279,ReceiptModule,ACCT-2,
RCT-00960,Receipt,2025-03-10,2025-03-10 17:22,1201,Sundry Debtors,,434465.38,Receipt from Customer 006 Retail UTR5279,ReceiptModule,ACCT-2,
RCT-00961,Receipt,2025-02-22,2025-02-22 10:46,1101,HDFC Bank - CA 8842,157315.24,,Receipt from Customer 025 Retail UTR5280,ReceiptModule,ACCT-2,
RCT-00961,Receipt,2025-02-22,2025-02-22 10:46,1201,Sundry Debtors,,157315.24,Receipt from Customer 025 Retail UTR5280,ReceiptModule,ACCT-2,
RCT-00962,Receipt,2024-11-02,2024-11-02 16:47,1101,HDFC Bank - CA 8842,65799.16,,Receipt from Customer 002 Retail UTR5281,ReceiptModule,ACCT-2,
RCT-00962,Receipt,2024-11-02,2024-11-02 16:47,1201,Sundry Debtors,,65799.16,Receipt from Customer 002 Retail UTR5281,ReceiptModule,ACCT-2,
RCT-00963,Receipt,2025-02-23,2025-02-23 14:33,1101,HDFC Bank - CA 8842,374390.40,,Receipt from Customer 025 Retail UTR5282,ReceiptModule,ACCT-2,
RCT-00963,Receipt,2025-02-23,2025-02-23 14:33,1201,Sundry Debtors,,374390.40,Receipt from Customer 025 Retail UTR5282,ReceiptModule,ACCT-2,
RCT-00964,Receipt,2024-07-23,2024-07-23 14:21,1101,HDFC Bank - CA 8842,93268.38,,Receipt from Customer 019 Retail UTR5283,ReceiptModule,ACCT-2,
RCT-00964,Receipt,2024-07-23,2024-07-23 14:21,1201,Sundry Debtors,,93268.38,Receipt from Customer 019 Retail UTR5283,ReceiptModule,ACCT-2,
RCT-00965,Receipt,2025-01-08,2025-01-08 18:34,1101,HDFC Bank - CA 8842,411903.78,,Receipt from Customer 023 Retail UTR5284,ReceiptModule,ACCT-3,
RCT-00965,Receipt,2025-01-08,2025-01-08 18:34,1201,Sundry Debtors,,411903.78,Receipt from Customer 023 Retail UTR5284,ReceiptModule,ACCT-3,
RCT-00966,Receipt,2025-02-01,2025-02-01 16:05,1101,HDFC Bank - CA 8842,325026.28,,Receipt from Customer 002 Retail UTR5285,ReceiptModule,ACCT-1,
RCT-00966,Receipt,2025-02-01,2025-02-01 16:05,1201,Sundry Debtors,,325026.28,Receipt from Customer 002 Retail UTR5285,ReceiptModule,ACCT-1,
RCT-00967,Receipt,2024-06-28,2024-06-28 10:20,1101,HDFC Bank - CA 8842,123764.30,,Receipt from Customer 015 Retail UTR5286,ReceiptModule,ACCT-3,
RCT-00967,Receipt,2024-06-28,2024-06-28 10:20,1201,Sundry Debtors,,123764.30,Receipt from Customer 015 Retail UTR5286,ReceiptModule,ACCT-3,
RCT-00968,Receipt,2024-08-10,2024-08-10 18:08,1101,HDFC Bank - CA 8842,432039.30,,Receipt from Customer 028 Retail UTR5287,ReceiptModule,ACCT-1,
RCT-00968,Receipt,2024-08-10,2024-08-10 18:08,1201,Sundry Debtors,,432039.30,Receipt from Customer 028 Retail UTR5287,ReceiptModule,ACCT-1,
RCT-00969,Receipt,2025-03-30,2025-03-30 13:04,1101,HDFC Bank - CA 8842,328126.14,,Receipt from Customer 006 Retail UTR5288,ReceiptModule,ACCT-1,
RCT-00969,Receipt,2025-03-30,2025-03-30 13:04,1201,Sundry Debtors,,328126.14,Receipt from Customer 006 Retail UTR5288,ReceiptModule,ACCT-1,
RCT-00970,Receipt,2024-04-27,2024-04-27 12:45,1101,HDFC Bank - CA 8842,312049.82,,Receipt from Customer 017 Retail UTR5289,ReceiptModule,ACCT-2,
RCT-00970,Receipt,2024-04-27,2024-04-27 12:45,1201,Sundry Debtors,,312049.82,Receipt from Customer 017 Retail UTR5289,ReceiptModule,ACCT-2,
RCT-00971,Receipt,2024-11-10,2024-11-10 14:56,1101,HDFC Bank - CA 8842,272319.22,,Receipt from Customer 006 Retail UTR5290,ReceiptModule,ACCT-3,
RCT-00971,Receipt,2024-11-10,2024-11-10 14:56,1201,Sundry Debtors,,272319.22,Receipt from Customer 006 Retail UTR5290,ReceiptModule,ACCT-3,
RCT-00972,Receipt,2024-11-05,2024-11-05 16:31,1101,HDFC Bank - CA 8842,180528.20,,Receipt from Customer 007 Retail UTR5291,ReceiptModule,ACCT-2,
RCT-00972,Receipt,2024-11-05,2024-11-05 16:31,1201,Sundry Debtors,,180528.20,Receipt from Customer 007 Retail UTR5291,ReceiptModule,ACCT-2,
RCT-00973,Receipt,2024-10-25,2024-10-25 13:13,1101,HDFC Bank - CA 8842,239857.42,,Receipt from Customer 028 Retail UTR5292,ReceiptModule,ACCT-2,
RCT-00973,Receipt,2024-10-25,2024-10-25 13:13,1201,Sundry Debtors,,239857.42,Receipt from Customer 028 Retail UTR5292,ReceiptModule,ACCT-2,
RCT-00974,Receipt,2024-11-13,2024-11-13 16:02,1101,HDFC Bank - CA 8842,404331.72,,Receipt from Customer 010 Retail UTR5293,ReceiptModule,ACCT-1,
RCT-00974,Receipt,2024-11-13,2024-11-13 16:02,1201,Sundry Debtors,,404331.72,Receipt from Customer 010 Retail UTR5293,ReceiptModule,ACCT-1,
RCT-00975,Receipt,2024-08-01,2024-08-01 12:29,1101,HDFC Bank - CA 8842,208477.68,,Receipt from Customer 023 Retail UTR5294,ReceiptModule,ACCT-1,
RCT-00975,Receipt,2024-08-01,2024-08-01 12:29,1201,Sundry Debtors,,208477.68,Receipt from Customer 023 Retail UTR5294,ReceiptModule,ACCT-1,
RCT-00976,Receipt,2025-03-10,2025-03-10 17:11,1101,HDFC Bank - CA 8842,104271.88,,Receipt from Customer 018 Retail UTR5295,ReceiptModule,ACCT-1,
RCT-00976,Receipt,2025-03-10,2025-03-10 17:11,1201,Sundry Debtors,,104271.88,Receipt from Customer 018 Retail UTR5295,ReceiptModule,ACCT-1,
RCT-00977,Receipt,2024-08-01,2024-08-01 10:35,1101,HDFC Bank - CA 8842,400378.72,,Receipt from Customer 026 Retail UTR5296,ReceiptModule,ACCT-3,
RCT-00977,Receipt,2024-08-01,2024-08-01 10:35,1201,Sundry Debtors,,400378.72,Receipt from Customer 026 Retail UTR5296,ReceiptModule,ACCT-3,
RCT-00978,Receipt,2025-03-17,2025-03-17 18:19,1101,HDFC Bank - CA 8842,263571.88,,Receipt from Customer 025 Retail UTR5297,ReceiptModule,ACCT-3,
RCT-00978,Receipt,2025-03-17,2025-03-17 18:19,1201,Sundry Debtors,,263571.88,Receipt from Customer 025 Retail UTR5297,ReceiptModule,ACCT-3,
RCT-00979,Receipt,2024-12-17,2024-12-17 18:29,1101,HDFC Bank - CA 8842,431410.36,,Receipt from Customer 019 Retail UTR5298,ReceiptModule,ACCT-1,
RCT-00979,Receipt,2024-12-17,2024-12-17 18:29,1201,Sundry Debtors,,431410.36,Receipt from Customer 019 Retail UTR5298,ReceiptModule,ACCT-1,
RCT-00980,Receipt,2024-05-27,2024-05-27 15:15,1101,HDFC Bank - CA 8842,264441.54,,Receipt from Customer 018 Retail UTR5299,ReceiptModule,ACCT-1,
RCT-00980,Receipt,2024-05-27,2024-05-27 15:15,1201,Sundry Debtors,,264441.54,Receipt from Customer 018 Retail UTR5299,ReceiptModule,ACCT-1,
RCT-00981,Receipt,2025-02-22,2025-02-22 13:23,1101,HDFC Bank - CA 8842,140593.46,,Receipt from Customer 016 Retail UTR5300,ReceiptModule,ACCT-2,
RCT-00981,Receipt,2025-02-22,2025-02-22 13:23,1201,Sundry Debtors,,140593.46,Receipt from Customer 016 Retail UTR5300,ReceiptModule,ACCT-2,
RCT-00982,Receipt,2024-04-27,2024-04-27 18:47,1101,HDFC Bank - CA 8842,202862.06,,Receipt from Customer 018 Retail UTR5301,ReceiptModule,ACCT-2,
RCT-00982,Receipt,2024-04-27,2024-04-27 18:47,1201,Sundry Debtors,,202862.06,Receipt from Customer 018 Retail UTR5301,ReceiptModule,ACCT-2,
RCT-00983,Receipt,2025-02-11,2025-02-11 14:26,1101,HDFC Bank - CA 8842,395770.82,,Receipt from Customer 023 Retail UTR5302,ReceiptModule,ACCT-3,
RCT-00983,Receipt,2025-02-11,2025-02-11 14:26,1201,Sundry Debtors,,395770.82,Receipt from Customer 023 Retail UTR5302,ReceiptModule,ACCT-3,
RCT-00984,Receipt,2024-05-25,2024-05-25 09:14,1101,HDFC Bank - CA 8842,305400.52,,Receipt from Customer 011 Retail UTR5303,ReceiptModule,ACCT-2,
RCT-00984,Receipt,2024-05-25,2024-05-25 09:14,1201,Sundry Debtors,,305400.52,Receipt from Customer 011 Retail UTR5303,ReceiptModule,ACCT-2,
RCT-00985,Receipt,2024-05-31,2024-05-31 14:44,1101,HDFC Bank - CA 8842,364273.08,,Receipt from Customer 001 Retail UTR5304,ReceiptModule,ACCT-1,
RCT-00985,Receipt,2024-05-31,2024-05-31 14:44,1201,Sundry Debtors,,364273.08,Receipt from Customer 001 Retail UTR5304,ReceiptModule,ACCT-1,
RCT-00986,Receipt,2024-04-09,2024-04-09 14:37,1101,HDFC Bank - CA 8842,42183.82,,Receipt from Customer 019 Retail UTR5305,ReceiptModule,ACCT-2,
RCT-00986,Receipt,2024-04-09,2024-04-09 14:37,1201,Sundry Debtors,,42183.82,Receipt from Customer 019 Retail UTR5305,ReceiptModule,ACCT-2,
RCT-00987,Receipt,2024-11-16,2024-11-16 09:34,1101,HDFC Bank - CA 8842,42134.26,,Receipt from Customer 001 Retail UTR5306,ReceiptModule,ACCT-1,
RCT-00987,Receipt,2024-11-16,2024-11-16 09:34,1201,Sundry Debtors,,42134.26,Receipt from Customer 001 Retail UTR5306,ReceiptModule,ACCT-1,
RCT-00988,Receipt,2024-06-30,2024-06-30 15:50,1101,HDFC Bank - CA 8842,425149.28,,Receipt from Customer 025 Retail UTR5307,ReceiptModule,ACCT-1,
RCT-00988,Receipt,2024-06-30,2024-06-30 15:50,1201,Sundry Debtors,,425149.28,Receipt from Customer 025 Retail UTR5307,ReceiptModule,ACCT-1,
RCT-00989,Receipt,2024-07-26,2024-07-26 11:46,1101,HDFC Bank - CA 8842,43018.08,,Receipt from Customer 026 Retail UTR5308,ReceiptModule,ACCT-1,
RCT-00989,Receipt,2024-07-26,2024-07-26 11:46,1201,Sundry Debtors,,43018.08,Receipt from Customer 026 Retail UTR5308,ReceiptModule,ACCT-1,
RCT-00990,Receipt,2024-11-19,2024-11-19 13:41,1101,HDFC Bank - CA 8842,226646.14,,Receipt from Customer 012 Retail UTR5309,ReceiptModule,ACCT-3,
RCT-00990,Receipt,2024-11-19,2024-11-19 13:41,1201,Sundry Debtors,,226646.14,Receipt from Customer 012 Retail UTR5309,ReceiptModule,ACCT-3,
RCT-00991,Receipt,2024-11-09,2024-11-09 12:15,1101,HDFC Bank - CA 8842,234702.00,,Receipt from Customer 003 Retail UTR5310,ReceiptModule,ACCT-3,
RCT-00991,Receipt,2024-11-09,2024-11-09 12:15,1201,Sundry Debtors,,234702.00,Receipt from Customer 003 Retail UTR5310,ReceiptModule,ACCT-3,
RCT-00992,Receipt,2025-02-03,2025-02-03 16:31,1101,HDFC Bank - CA 8842,300700.58,,Receipt from Customer 014 Retail UTR5311,ReceiptModule,ACCT-2,
RCT-00992,Receipt,2025-02-03,2025-02-03 16:31,1201,Sundry Debtors,,300700.58,Receipt from Customer 014 Retail UTR5311,ReceiptModule,ACCT-2,
RCT-00993,Receipt,2025-03-06,2025-03-06 09:19,1101,HDFC Bank - CA 8842,278681.78,,Receipt from Customer 013 Retail UTR5312,ReceiptModule,ACCT-3,
RCT-00993,Receipt,2025-03-06,2025-03-06 09:19,1201,Sundry Debtors,,278681.78,Receipt from Customer 013 Retail UTR5312,ReceiptModule,ACCT-3,
RCT-00994,Receipt,2024-11-21,2024-11-21 17:39,1101,HDFC Bank - CA 8842,323808.52,,Receipt from Customer 013 Retail UTR5313,ReceiptModule,ACCT-1,
RCT-00994,Receipt,2024-11-21,2024-11-21 17:39,1201,Sundry Debtors,,323808.52,Receipt from Customer 013 Retail UTR5313,ReceiptModule,ACCT-1,
RCT-00995,Receipt,2024-08-19,2024-08-19 16:10,1101,HDFC Bank - CA 8842,242256.36,,Receipt from Customer 013 Retail UTR5314,ReceiptModule,ACCT-2,
RCT-00995,Receipt,2024-08-19,2024-08-19 16:10,1201,Sundry Debtors,,242256.36,Receipt from Customer 013 Retail UTR5314,ReceiptModule,ACCT-2,
RCT-00996,Receipt,2024-10-08,2024-10-08 16:57,1101,HDFC Bank - CA 8842,378108.58,,Receipt from Customer 023 Retail UTR5315,ReceiptModule,ACCT-3,
RCT-00996,Receipt,2024-10-08,2024-10-08 16:57,1201,Sundry Debtors,,378108.58,Receipt from Customer 023 Retail UTR5315,ReceiptModule,ACCT-3,
RCT-00997,Receipt,2024-07-17,2024-07-17 12:15,1101,HDFC Bank - CA 8842,216304.62,,Receipt from Customer 030 Retail UTR5316,ReceiptModule,ACCT-2,
RCT-00997,Receipt,2024-07-17,2024-07-17 12:15,1201,Sundry Debtors,,216304.62,Receipt from Customer 030 Retail UTR5316,ReceiptModule,ACCT-2,
RCT-00998,Receipt,2025-02-14,2025-02-14 10:43,1101,HDFC Bank - CA 8842,411648.90,,Receipt from Customer 002 Retail UTR5317,ReceiptModule,ACCT-2,
RCT-00998,Receipt,2025-02-14,2025-02-14 10:43,1201,Sundry Debtors,,411648.90,Receipt from Customer 002 Retail UTR5317,ReceiptModule,ACCT-2,
RCT-00999,Receipt,2024-07-31,2024-07-31 12:08,1101,HDFC Bank - CA 8842,241830.38,,Receipt from Customer 008 Retail UTR5318,ReceiptModule,ACCT-1,
RCT-00999,Receipt,2024-07-31,2024-07-31 12:08,1201,Sundry Debtors,,241830.38,Receipt from Customer 008 Retail UTR5318,ReceiptModule,ACCT-1,
RCT-01000,Receipt,2024-08-04,2024-08-04 13:02,1101,HDFC Bank - CA 8842,245258.28,,Receipt from Customer 016 Retail UTR5319,ReceiptModule,ACCT-2,
RCT-01000,Receipt,2024-08-04,2024-08-04 13:02,1201,Sundry Debtors,,245258.28,Receipt from Customer 016 Retail UTR5319,ReceiptModule,ACCT-2,
RCT-01001,Receipt,2025-01-27,2025-01-27 18:27,1101,HDFC Bank - CA 8842,420261.72,,Receipt from Customer 023 Retail UTR5320,ReceiptModule,ACCT-3,
RCT-01001,Receipt,2025-01-27,2025-01-27 18:27,1201,Sundry Debtors,,420261.72,Receipt from Customer 023 Retail UTR5320,ReceiptModule,ACCT-3,
RCT-01002,Receipt,2024-06-11,2024-06-11 09:43,1101,HDFC Bank - CA 8842,178947.00,,Receipt from Customer 010 Retail UTR5321,ReceiptModule,ACCT-2,
RCT-01002,Receipt,2024-06-11,2024-06-11 09:43,1201,Sundry Debtors,,178947.00,Receipt from Customer 010 Retail UTR5321,ReceiptModule,ACCT-2,
RCT-01003,Receipt,2024-05-24,2024-05-24 12:15,1101,HDFC Bank - CA 8842,125586.22,,Receipt from Customer 018 Retail UTR5322,ReceiptModule,ACCT-2,
RCT-01003,Receipt,2024-05-24,2024-05-24 12:15,1201,Sundry Debtors,,125586.22,Receipt from Customer 018 Retail UTR5322,ReceiptModule,ACCT-2,
RCT-01004,Receipt,2025-01-20,2025-01-20 12:10,1101,HDFC Bank - CA 8842,125336.06,,Receipt from Customer 010 Retail UTR5323,ReceiptModule,ACCT-3,
RCT-01004,Receipt,2025-01-20,2025-01-20 12:10,1201,Sundry Debtors,,125336.06,Receipt from Customer 010 Retail UTR5323,ReceiptModule,ACCT-3,
RCT-01005,Receipt,2025-03-07,2025-03-07 09:51,1101,HDFC Bank - CA 8842,384970.28,,Receipt from Customer 025 Retail UTR5324,ReceiptModule,ACCT-1,
RCT-01005,Receipt,2025-03-07,2025-03-07 09:51,1201,Sundry Debtors,,384970.28,Receipt from Customer 025 Retail UTR5324,ReceiptModule,ACCT-1,
RCT-01006,Receipt,2024-10-10,2024-10-10 18:37,1101,HDFC Bank - CA 8842,328868.36,,Receipt from Customer 010 Retail UTR5325,ReceiptModule,ACCT-1,
RCT-01006,Receipt,2024-10-10,2024-10-10 18:37,1201,Sundry Debtors,,328868.36,Receipt from Customer 010 Retail UTR5325,ReceiptModule,ACCT-1,
RCT-01007,Receipt,2025-01-28,2025-01-28 18:46,1101,HDFC Bank - CA 8842,8368.56,,Receipt from Customer 013 Retail UTR5326,ReceiptModule,ACCT-2,
RCT-01007,Receipt,2025-01-28,2025-01-28 18:46,1201,Sundry Debtors,,8368.56,Receipt from Customer 013 Retail UTR5326,ReceiptModule,ACCT-2,
RCT-01008,Receipt,2025-02-28,2025-02-28 14:59,1101,HDFC Bank - CA 8842,342967.00,,Receipt from Customer 026 Retail UTR5327,ReceiptModule,ACCT-1,
RCT-01008,Receipt,2025-02-28,2025-02-28 14:59,1201,Sundry Debtors,,342967.00,Receipt from Customer 026 Retail UTR5327,ReceiptModule,ACCT-1,
RCT-01009,Receipt,2025-01-18,2025-01-18 15:04,1101,HDFC Bank - CA 8842,191384.20,,Receipt from Customer 030 Retail UTR5328,ReceiptModule,ACCT-1,
RCT-01009,Receipt,2025-01-18,2025-01-18 15:04,1201,Sundry Debtors,,191384.20,Receipt from Customer 030 Retail UTR5328,ReceiptModule,ACCT-1,
RCT-01010,Receipt,2024-09-24,2024-09-24 16:31,1101,HDFC Bank - CA 8842,247635.98,,Receipt from Customer 022 Retail UTR5329,ReceiptModule,ACCT-3,
RCT-01010,Receipt,2024-09-24,2024-09-24 16:31,1201,Sundry Debtors,,247635.98,Receipt from Customer 022 Retail UTR5329,ReceiptModule,ACCT-3,
RCT-01011,Receipt,2024-08-16,2024-08-16 12:51,1101,HDFC Bank - CA 8842,145468.04,,Receipt from Customer 007 Retail UTR5330,ReceiptModule,ACCT-3,
RCT-01011,Receipt,2024-08-16,2024-08-16 12:51,1201,Sundry Debtors,,145468.04,Receipt from Customer 007 Retail UTR5330,ReceiptModule,ACCT-3,
RCT-01012,Receipt,2024-07-24,2024-07-24 10:53,1101,HDFC Bank - CA 8842,441578.42,,Receipt from Customer 028 Retail UTR5331,ReceiptModule,ACCT-3,
RCT-01012,Receipt,2024-07-24,2024-07-24 10:53,1201,Sundry Debtors,,441578.42,Receipt from Customer 028 Retail UTR5331,ReceiptModule,ACCT-3,
RCT-01013,Receipt,2025-01-17,2025-01-17 11:32,1101,HDFC Bank - CA 8842,247182.86,,Receipt from Customer 024 Retail UTR5332,ReceiptModule,ACCT-2,
RCT-01013,Receipt,2025-01-17,2025-01-17 11:32,1201,Sundry Debtors,,247182.86,Receipt from Customer 024 Retail UTR5332,ReceiptModule,ACCT-2,
RCT-01014,Receipt,2024-11-19,2024-11-19 18:23,1101,HDFC Bank - CA 8842,327660.04,,Receipt from Customer 011 Retail UTR5333,ReceiptModule,ACCT-1,
RCT-01014,Receipt,2024-11-19,2024-11-19 18:23,1201,Sundry Debtors,,327660.04,Receipt from Customer 011 Retail UTR5333,ReceiptModule,ACCT-1,
RCT-01015,Receipt,2025-02-25,2025-02-25 14:04,1101,HDFC Bank - CA 8842,164128.56,,Receipt from Customer 002 Retail UTR5334,ReceiptModule,ACCT-1,
RCT-01015,Receipt,2025-02-25,2025-02-25 14:04,1201,Sundry Debtors,,164128.56,Receipt from Customer 002 Retail UTR5334,ReceiptModule,ACCT-1,
RCT-01016,Receipt,2024-06-12,2024-06-12 13:43,1101,HDFC Bank - CA 8842,406122.96,,Receipt from Customer 021 Retail UTR5335,ReceiptModule,ACCT-3,
RCT-01016,Receipt,2024-06-12,2024-06-12 13:43,1201,Sundry Debtors,,406122.96,Receipt from Customer 021 Retail UTR5335,ReceiptModule,ACCT-3,
RCT-01017,Receipt,2024-11-23,2024-11-23 10:14,1101,HDFC Bank - CA 8842,67524.32,,Receipt from Customer 019 Retail UTR5336,ReceiptModule,ACCT-3,
RCT-01017,Receipt,2024-11-23,2024-11-23 10:14,1201,Sundry Debtors,,67524.32,Receipt from Customer 019 Retail UTR5336,ReceiptModule,ACCT-3,
RCT-01018,Receipt,2024-11-09,2024-11-09 11:12,1101,HDFC Bank - CA 8842,129010.58,,Receipt from Customer 011 Retail UTR5337,ReceiptModule,ACCT-2,
RCT-01018,Receipt,2024-11-09,2024-11-09 11:12,1201,Sundry Debtors,,129010.58,Receipt from Customer 011 Retail UTR5337,ReceiptModule,ACCT-2,
RCT-01019,Receipt,2024-11-08,2024-11-08 11:06,1101,HDFC Bank - CA 8842,227649.14,,Receipt from Customer 023 Retail UTR5338,ReceiptModule,ACCT-3,
RCT-01019,Receipt,2024-11-08,2024-11-08 11:06,1201,Sundry Debtors,,227649.14,Receipt from Customer 023 Retail UTR5338,ReceiptModule,ACCT-3,
RCT-01020,Receipt,2024-11-30,2024-11-30 16:46,1101,HDFC Bank - CA 8842,245659.48,,Receipt from Customer 014 Retail UTR5339,ReceiptModule,ACCT-2,
RCT-01020,Receipt,2024-11-30,2024-11-30 16:46,1201,Sundry Debtors,,245659.48,Receipt from Customer 014 Retail UTR5339,ReceiptModule,ACCT-2,
RCT-01021,Receipt,2024-08-29,2024-08-29 09:54,1101,HDFC Bank - CA 8842,183802.70,,Receipt from Customer 012 Retail UTR5340,ReceiptModule,ACCT-2,
RCT-01021,Receipt,2024-08-29,2024-08-29 09:54,1201,Sundry Debtors,,183802.70,Receipt from Customer 012 Retail UTR5340,ReceiptModule,ACCT-2,
RCT-01022,Receipt,2024-07-03,2024-07-03 11:40,1101,HDFC Bank - CA 8842,108261.46,,Receipt from Customer 017 Retail UTR5341,ReceiptModule,ACCT-3,
RCT-01022,Receipt,2024-07-03,2024-07-03 11:40,1201,Sundry Debtors,,108261.46,Receipt from Customer 017 Retail UTR5341,ReceiptModule,ACCT-3,
RCT-01023,Receipt,2024-10-15,2024-10-15 13:35,1101,HDFC Bank - CA 8842,412296.72,,Receipt from Customer 012 Retail UTR5342,ReceiptModule,ACCT-2,
RCT-01023,Receipt,2024-10-15,2024-10-15 13:35,1201,Sundry Debtors,,412296.72,Receipt from Customer 012 Retail UTR5342,ReceiptModule,ACCT-2,
RCT-01024,Receipt,2024-09-15,2024-09-15 17:35,1101,HDFC Bank - CA 8842,76832.16,,Receipt from Customer 023 Retail UTR5343,ReceiptModule,ACCT-2,
RCT-01024,Receipt,2024-09-15,2024-09-15 17:35,1201,Sundry Debtors,,76832.16,Receipt from Customer 023 Retail UTR5343,ReceiptModule,ACCT-2,
RCT-01025,Receipt,2024-09-28,2024-09-28 17:57,1101,HDFC Bank - CA 8842,391597.16,,Receipt from Customer 003 Retail UTR5344,ReceiptModule,ACCT-3,
RCT-01025,Receipt,2024-09-28,2024-09-28 17:57,1201,Sundry Debtors,,391597.16,Receipt from Customer 003 Retail UTR5344,ReceiptModule,ACCT-3,
RCT-01026,Receipt,2025-01-05,2025-01-05 18:18,1101,HDFC Bank - CA 8842,57730.32,,Receipt from Customer 007 Retail UTR5345,ReceiptModule,ACCT-2,
RCT-01026,Receipt,2025-01-05,2025-01-05 18:18,1201,Sundry Debtors,,57730.32,Receipt from Customer 007 Retail UTR5345,ReceiptModule,ACCT-2,
RCT-01027,Receipt,2024-07-29,2024-07-29 11:30,1101,HDFC Bank - CA 8842,77608.60,,Receipt from Customer 026 Retail UTR5346,ReceiptModule,ACCT-1,
RCT-01027,Receipt,2024-07-29,2024-07-29 11:30,1201,Sundry Debtors,,77608.60,Receipt from Customer 026 Retail UTR5346,ReceiptModule,ACCT-1,
RCT-01028,Receipt,2024-06-21,2024-06-21 16:07,1101,HDFC Bank - CA 8842,245869.52,,Receipt from Customer 014 Retail UTR5347,ReceiptModule,ACCT-3,
RCT-01028,Receipt,2024-06-21,2024-06-21 16:07,1201,Sundry Debtors,,245869.52,Receipt from Customer 014 Retail UTR5347,ReceiptModule,ACCT-3,
RCT-01029,Receipt,2024-10-12,2024-10-12 09:55,1101,HDFC Bank - CA 8842,265928.34,,Receipt from Customer 003 Retail UTR5348,ReceiptModule,ACCT-2,
RCT-01029,Receipt,2024-10-12,2024-10-12 09:55,1201,Sundry Debtors,,265928.34,Receipt from Customer 003 Retail UTR5348,ReceiptModule,ACCT-2,
RCT-01030,Receipt,2025-01-04,2025-01-04 15:36,1101,HDFC Bank - CA 8842,408288.26,,Receipt from Customer 003 Retail UTR5349,ReceiptModule,ACCT-1,
RCT-01030,Receipt,2025-01-04,2025-01-04 15:36,1201,Sundry Debtors,,408288.26,Receipt from Customer 003 Retail UTR5349,ReceiptModule,ACCT-1,
RCT-01031,Receipt,2025-02-02,2025-02-02 18:09,1101,HDFC Bank - CA 8842,104597.56,,Receipt from Customer 029 Retail UTR5350,ReceiptModule,ACCT-3,
RCT-01031,Receipt,2025-02-02,2025-02-02 18:09,1201,Sundry Debtors,,104597.56,Receipt from Customer 029 Retail UTR5350,ReceiptModule,ACCT-3,
RCT-01032,Receipt,2024-07-13,2024-07-13 11:08,1101,HDFC Bank - CA 8842,271729.22,,Receipt from Customer 014 Retail UTR5351,ReceiptModule,ACCT-1,
RCT-01032,Receipt,2024-07-13,2024-07-13 11:08,1201,Sundry Debtors,,271729.22,Receipt from Customer 014 Retail UTR5351,ReceiptModule,ACCT-1,
RCT-01033,Receipt,2025-03-12,2025-03-12 10:53,1101,HDFC Bank - CA 8842,310148.84,,Receipt from Customer 026 Retail UTR5352,ReceiptModule,ACCT-3,
RCT-01033,Receipt,2025-03-12,2025-03-12 10:53,1201,Sundry Debtors,,310148.84,Receipt from Customer 026 Retail UTR5352,ReceiptModule,ACCT-3,
RCT-01034,Receipt,2024-07-03,2024-07-03 11:29,1101,HDFC Bank - CA 8842,157383.68,,Receipt from Customer 015 Retail UTR5353,ReceiptModule,ACCT-2,
RCT-01034,Receipt,2024-07-03,2024-07-03 11:29,1201,Sundry Debtors,,157383.68,Receipt from Customer 015 Retail UTR5353,ReceiptModule,ACCT-2,
RCT-01035,Receipt,2024-07-07,2024-07-07 12:36,1101,HDFC Bank - CA 8842,417032.06,,Receipt from Customer 006 Retail UTR5354,ReceiptModule,ACCT-3,
RCT-01035,Receipt,2024-07-07,2024-07-07 12:36,1201,Sundry Debtors,,417032.06,Receipt from Customer 006 Retail UTR5354,ReceiptModule,ACCT-3,
RCT-01036,Receipt,2025-02-19,2025-02-19 17:05,1101,HDFC Bank - CA 8842,160534.28,,Receipt from Customer 013 Retail UTR5355,ReceiptModule,ACCT-1,
RCT-01036,Receipt,2025-02-19,2025-02-19 17:05,1201,Sundry Debtors,,160534.28,Receipt from Customer 013 Retail UTR5355,ReceiptModule,ACCT-1,
RCT-01037,Receipt,2025-01-10,2025-01-10 11:15,1101,HDFC Bank - CA 8842,4548.90,,Receipt from Customer 018 Retail UTR5356,ReceiptModule,ACCT-1,
RCT-01037,Receipt,2025-01-10,2025-01-10 11:15,1201,Sundry Debtors,,4548.90,Receipt from Customer 018 Retail UTR5356,ReceiptModule,ACCT-1,
RCT-01038,Receipt,2024-06-15,2024-06-15 15:39,1101,HDFC Bank - CA 8842,332625.48,,Receipt from Customer 007 Retail UTR5357,ReceiptModule,ACCT-3,
RCT-01038,Receipt,2024-06-15,2024-06-15 15:39,1201,Sundry Debtors,,332625.48,Receipt from Customer 007 Retail UTR5357,ReceiptModule,ACCT-3,
RCT-01039,Receipt,2024-08-16,2024-08-16 10:50,1101,HDFC Bank - CA 8842,177542.80,,Receipt from Customer 001 Retail UTR5358,ReceiptModule,ACCT-2,
RCT-01039,Receipt,2024-08-16,2024-08-16 10:50,1201,Sundry Debtors,,177542.80,Receipt from Customer 001 Retail UTR5358,ReceiptModule,ACCT-2,
RCT-01040,Receipt,2024-11-15,2024-11-15 10:33,1101,HDFC Bank - CA 8842,432108.92,,Receipt from Customer 004 Retail UTR5359,ReceiptModule,ACCT-1,
RCT-01040,Receipt,2024-11-15,2024-11-15 10:33,1201,Sundry Debtors,,432108.92,Receipt from Customer 004 Retail UTR5359,ReceiptModule,ACCT-1,
RCT-01041,Receipt,2024-08-02,2024-08-02 16:46,1101,HDFC Bank - CA 8842,359373.72,,Receipt from Customer 020 Retail UTR5360,ReceiptModule,ACCT-3,
RCT-01041,Receipt,2024-08-02,2024-08-02 16:46,1201,Sundry Debtors,,359373.72,Receipt from Customer 020 Retail UTR5360,ReceiptModule,ACCT-3,
RCT-01042,Receipt,2025-02-19,2025-02-19 16:34,1101,HDFC Bank - CA 8842,367295.06,,Receipt from Customer 005 Retail UTR5361,ReceiptModule,ACCT-3,
RCT-01042,Receipt,2025-02-19,2025-02-19 16:34,1201,Sundry Debtors,,367295.06,Receipt from Customer 005 Retail UTR5361,ReceiptModule,ACCT-3,
RCT-01043,Receipt,2024-08-11,2024-08-11 15:42,1101,HDFC Bank - CA 8842,226678.00,,Receipt from Customer 015 Retail UTR5362,ReceiptModule,ACCT-1,
RCT-01043,Receipt,2024-08-11,2024-08-11 15:42,1201,Sundry Debtors,,226678.00,Receipt from Customer 015 Retail UTR5362,ReceiptModule,ACCT-1,
RCT-01044,Receipt,2024-09-04,2024-09-04 12:35,1101,HDFC Bank - CA 8842,174101.92,,Receipt from Customer 025 Retail UTR5363,ReceiptModule,ACCT-1,
RCT-01044,Receipt,2024-09-04,2024-09-04 12:35,1201,Sundry Debtors,,174101.92,Receipt from Customer 025 Retail UTR5363,ReceiptModule,ACCT-1,
RCT-01045,Receipt,2024-10-22,2024-10-22 16:27,1101,HDFC Bank - CA 8842,78329.58,,Receipt from Customer 014 Retail UTR5364,ReceiptModule,ACCT-2,
RCT-01045,Receipt,2024-10-22,2024-10-22 16:27,1201,Sundry Debtors,,78329.58,Receipt from Customer 014 Retail UTR5364,ReceiptModule,ACCT-2,
RCT-01046,Receipt,2024-05-02,2024-05-02 12:22,1101,HDFC Bank - CA 8842,108510.44,,Receipt from Customer 014 Retail UTR5365,ReceiptModule,ACCT-2,
RCT-01046,Receipt,2024-05-02,2024-05-02 12:22,1201,Sundry Debtors,,108510.44,Receipt from Customer 014 Retail UTR5365,ReceiptModule,ACCT-2,
RCT-01047,Receipt,2025-01-02,2025-01-02 09:07,1101,HDFC Bank - CA 8842,131535.78,,Receipt from Customer 010 Retail UTR5366,ReceiptModule,ACCT-2,
RCT-01047,Receipt,2025-01-02,2025-01-02 09:07,1201,Sundry Debtors,,131535.78,Receipt from Customer 010 Retail UTR5366,ReceiptModule,ACCT-2,
RCT-01048,Receipt,2024-08-29,2024-08-29 10:28,1101,HDFC Bank - CA 8842,262406.04,,Receipt from Customer 006 Retail UTR5367,ReceiptModule,ACCT-3,
RCT-01048,Receipt,2024-08-29,2024-08-29 10:28,1201,Sundry Debtors,,262406.04,Receipt from Customer 006 Retail UTR5367,ReceiptModule,ACCT-3,
RCT-01049,Receipt,2024-08-27,2024-08-27 15:12,1101,HDFC Bank - CA 8842,63315.26,,Receipt from Customer 012 Retail UTR5368,ReceiptModule,ACCT-1,
RCT-01049,Receipt,2024-08-27,2024-08-27 15:12,1201,Sundry Debtors,,63315.26,Receipt from Customer 012 Retail UTR5368,ReceiptModule,ACCT-1,
RCT-01050,Receipt,2024-05-21,2024-05-21 15:18,1101,HDFC Bank - CA 8842,34826.52,,Receipt from Customer 028 Retail UTR5369,ReceiptModule,ACCT-3,
RCT-01050,Receipt,2024-05-21,2024-05-21 15:18,1201,Sundry Debtors,,34826.52,Receipt from Customer 028 Retail UTR5369,ReceiptModule,ACCT-3,
RCT-01051,Receipt,2024-12-31,2024-12-31 10:44,1101,HDFC Bank - CA 8842,63743.60,,Receipt from Customer 022 Retail UTR5370,ReceiptModule,ACCT-3,
RCT-01051,Receipt,2024-12-31,2024-12-31 10:44,1201,Sundry Debtors,,63743.60,Receipt from Customer 022 Retail UTR5370,ReceiptModule,ACCT-3,
RCT-01052,Receipt,2025-01-26,2025-01-26 11:08,1101,HDFC Bank - CA 8842,249487.40,,Receipt from Customer 009 Retail UTR5371,ReceiptModule,ACCT-3,
RCT-01052,Receipt,2025-01-26,2025-01-26 11:08,1201,Sundry Debtors,,249487.40,Receipt from Customer 009 Retail UTR5371,ReceiptModule,ACCT-3,
RCT-01053,Receipt,2024-06-16,2024-06-16 10:52,1101,HDFC Bank - CA 8842,143674.44,,Receipt from Customer 021 Retail UTR5372,ReceiptModule,ACCT-1,
RCT-01053,Receipt,2024-06-16,2024-06-16 10:52,1201,Sundry Debtors,,143674.44,Receipt from Customer 021 Retail UTR5372,ReceiptModule,ACCT-1,
RCT-01054,Receipt,2024-05-29,2024-05-29 15:03,1101,HDFC Bank - CA 8842,39955.98,,Receipt from Customer 016 Retail UTR5373,ReceiptModule,ACCT-3,
RCT-01054,Receipt,2024-05-29,2024-05-29 15:03,1201,Sundry Debtors,,39955.98,Receipt from Customer 016 Retail UTR5373,ReceiptModule,ACCT-3,
RCT-01055,Receipt,2025-01-02,2025-01-02 12:17,1101,HDFC Bank - CA 8842,19923.12,,Receipt from Customer 004 Retail UTR5374,ReceiptModule,ACCT-1,
RCT-01055,Receipt,2025-01-02,2025-01-02 12:17,1201,Sundry Debtors,,19923.12,Receipt from Customer 004 Retail UTR5374,ReceiptModule,ACCT-1,
RCT-01056,Receipt,2024-08-15,2024-08-15 11:54,1101,HDFC Bank - CA 8842,222094.88,,Receipt from Customer 014 Retail UTR5375,ReceiptModule,ACCT-1,
RCT-01056,Receipt,2024-08-15,2024-08-15 11:54,1201,Sundry Debtors,,222094.88,Receipt from Customer 014 Retail UTR5375,ReceiptModule,ACCT-1,
RCT-01057,Receipt,2024-04-15,2024-04-15 10:57,1101,HDFC Bank - CA 8842,143164.68,,Receipt from Customer 004 Retail UTR5376,ReceiptModule,ACCT-1,
RCT-01057,Receipt,2024-04-15,2024-04-15 10:57,1201,Sundry Debtors,,143164.68,Receipt from Customer 004 Retail UTR5376,ReceiptModule,ACCT-1,
RCT-01058,Receipt,2024-07-17,2024-07-17 11:44,1101,HDFC Bank - CA 8842,18784.42,,Receipt from Customer 028 Retail UTR5377,ReceiptModule,ACCT-2,
RCT-01058,Receipt,2024-07-17,2024-07-17 11:44,1201,Sundry Debtors,,18784.42,Receipt from Customer 028 Retail UTR5377,ReceiptModule,ACCT-2,
RCT-01059,Receipt,2025-03-27,2025-03-27 09:38,1101,HDFC Bank - CA 8842,98790.78,,Receipt from Customer 008 Retail UTR5378,ReceiptModule,ACCT-3,
RCT-01059,Receipt,2025-03-27,2025-03-27 09:38,1201,Sundry Debtors,,98790.78,Receipt from Customer 008 Retail UTR5378,ReceiptModule,ACCT-3,
RCT-01060,Receipt,2024-08-30,2024-08-30 11:59,1101,HDFC Bank - CA 8842,323332.98,,Receipt from Customer 017 Retail UTR5379,ReceiptModule,ACCT-2,
RCT-01060,Receipt,2024-08-30,2024-08-30 11:59,1201,Sundry Debtors,,323332.98,Receipt from Customer 017 Retail UTR5379,ReceiptModule,ACCT-2,
RCT-01061,Receipt,2024-05-07,2024-05-07 09:23,1101,HDFC Bank - CA 8842,346881.06,,Receipt from Customer 026 Retail UTR5380,ReceiptModule,ACCT-2,
RCT-01061,Receipt,2024-05-07,2024-05-07 09:23,1201,Sundry Debtors,,346881.06,Receipt from Customer 026 Retail UTR5380,ReceiptModule,ACCT-2,
RCT-01062,Receipt,2025-03-16,2025-03-16 18:31,1101,HDFC Bank - CA 8842,290652.88,,Receipt from Customer 004 Retail UTR5381,ReceiptModule,ACCT-3,
RCT-01062,Receipt,2025-03-16,2025-03-16 18:31,1201,Sundry Debtors,,290652.88,Receipt from Customer 004 Retail UTR5381,ReceiptModule,ACCT-3,
RCT-01063,Receipt,2025-01-07,2025-01-07 17:40,1101,HDFC Bank - CA 8842,110373.66,,Receipt from Customer 015 Retail UTR5382,ReceiptModule,ACCT-2,
RCT-01063,Receipt,2025-01-07,2025-01-07 17:40,1201,Sundry Debtors,,110373.66,Receipt from Customer 015 Retail UTR5382,ReceiptModule,ACCT-2,
RCT-01064,Receipt,2024-08-15,2024-08-15 16:30,1101,HDFC Bank - CA 8842,35958.14,,Receipt from Customer 008 Retail UTR5383,ReceiptModule,ACCT-3,
RCT-01064,Receipt,2024-08-15,2024-08-15 16:30,1201,Sundry Debtors,,35958.14,Receipt from Customer 008 Retail UTR5383,ReceiptModule,ACCT-3,
RCT-01065,Receipt,2024-07-12,2024-07-12 18:04,1101,HDFC Bank - CA 8842,288388.46,,Receipt from Customer 010 Retail UTR5384,ReceiptModule,ACCT-3,
RCT-01065,Receipt,2024-07-12,2024-07-12 18:04,1201,Sundry Debtors,,288388.46,Receipt from Customer 010 Retail UTR5384,ReceiptModule,ACCT-3,
RCT-01066,Receipt,2024-11-07,2024-11-07 12:03,1101,HDFC Bank - CA 8842,247409.42,,Receipt from Customer 001 Retail UTR5385,ReceiptModule,ACCT-3,
RCT-01066,Receipt,2024-11-07,2024-11-07 12:03,1201,Sundry Debtors,,247409.42,Receipt from Customer 001 Retail UTR5385,ReceiptModule,ACCT-3,
RCT-01067,Receipt,2024-12-28,2024-12-28 13:08,1101,HDFC Bank - CA 8842,64748.96,,Receipt from Customer 014 Retail UTR5386,ReceiptModule,ACCT-1,
RCT-01067,Receipt,2024-12-28,2024-12-28 13:08,1201,Sundry Debtors,,64748.96,Receipt from Customer 014 Retail UTR5386,ReceiptModule,ACCT-1,
RCT-01068,Receipt,2024-08-27,2024-08-27 12:32,1101,HDFC Bank - CA 8842,250864.46,,Receipt from Customer 011 Retail UTR5387,ReceiptModule,ACCT-3,
RCT-01068,Receipt,2024-08-27,2024-08-27 12:32,1201,Sundry Debtors,,250864.46,Receipt from Customer 011 Retail UTR5387,ReceiptModule,ACCT-3,
RCT-01069,Receipt,2024-11-08,2024-11-08 18:11,1101,HDFC Bank - CA 8842,340837.10,,Receipt from Customer 025 Retail UTR5388,ReceiptModule,ACCT-2,
RCT-01069,Receipt,2024-11-08,2024-11-08 18:11,1201,Sundry Debtors,,340837.10,Receipt from Customer 025 Retail UTR5388,ReceiptModule,ACCT-2,
RCT-01070,Receipt,2025-02-20,2025-02-20 16:14,1101,HDFC Bank - CA 8842,393231.46,,Receipt from Customer 024 Retail UTR5389,ReceiptModule,ACCT-1,
RCT-01070,Receipt,2025-02-20,2025-02-20 16:14,1201,Sundry Debtors,,393231.46,Receipt from Customer 024 Retail UTR5389,ReceiptModule,ACCT-1,
RCT-01071,Receipt,2024-11-09,2024-11-09 17:41,1101,HDFC Bank - CA 8842,212722.14,,Receipt from Customer 029 Retail UTR5390,ReceiptModule,ACCT-3,
RCT-01071,Receipt,2024-11-09,2024-11-09 17:41,1201,Sundry Debtors,,212722.14,Receipt from Customer 029 Retail UTR5390,ReceiptModule,ACCT-3,
RCT-01072,Receipt,2025-02-27,2025-02-27 12:56,1101,HDFC Bank - CA 8842,361462.32,,Receipt from Customer 006 Retail UTR5391,ReceiptModule,ACCT-1,
RCT-01072,Receipt,2025-02-27,2025-02-27 12:56,1201,Sundry Debtors,,361462.32,Receipt from Customer 006 Retail UTR5391,ReceiptModule,ACCT-1,
RCT-01073,Receipt,2024-05-28,2024-05-28 13:57,1101,HDFC Bank - CA 8842,207158.44,,Receipt from Customer 003 Retail UTR5392,ReceiptModule,ACCT-2,
RCT-01073,Receipt,2024-05-28,2024-05-28 13:57,1201,Sundry Debtors,,207158.44,Receipt from Customer 003 Retail UTR5392,ReceiptModule,ACCT-2,
RCT-01074,Receipt,2025-03-29,2025-03-29 09:04,1101,HDFC Bank - CA 8842,148098.26,,Receipt from Customer 025 Retail UTR5393,ReceiptModule,ACCT-3,
RCT-01074,Receipt,2025-03-29,2025-03-29 09:04,1201,Sundry Debtors,,148098.26,Receipt from Customer 025 Retail UTR5393,ReceiptModule,ACCT-3,
RCT-01075,Receipt,2024-11-19,2024-11-19 09:21,1101,HDFC Bank - CA 8842,305275.44,,Receipt from Customer 002 Retail UTR5394,ReceiptModule,ACCT-2,
RCT-01075,Receipt,2024-11-19,2024-11-19 09:21,1201,Sundry Debtors,,305275.44,Receipt from Customer 002 Retail UTR5394,ReceiptModule,ACCT-2,
RCT-01076,Receipt,2024-09-04,2024-09-04 10:38,1101,HDFC Bank - CA 8842,225231.32,,Receipt from Customer 003 Retail UTR5395,ReceiptModule,ACCT-3,
RCT-01076,Receipt,2024-09-04,2024-09-04 10:38,1201,Sundry Debtors,,225231.32,Receipt from Customer 003 Retail UTR5395,ReceiptModule,ACCT-3,
RCT-01077,Receipt,2025-01-23,2025-01-23 15:17,1101,HDFC Bank - CA 8842,443242.22,,Receipt from Customer 025 Retail UTR5396,ReceiptModule,ACCT-3,
RCT-01077,Receipt,2025-01-23,2025-01-23 15:17,1201,Sundry Debtors,,443242.22,Receipt from Customer 025 Retail UTR5396,ReceiptModule,ACCT-3,
RCT-01078,Receipt,2025-01-10,2025-01-10 12:38,1101,HDFC Bank - CA 8842,261064.38,,Receipt from Customer 030 Retail UTR5397,ReceiptModule,ACCT-1,
RCT-01078,Receipt,2025-01-10,2025-01-10 12:38,1201,Sundry Debtors,,261064.38,Receipt from Customer 030 Retail UTR5397,ReceiptModule,ACCT-1,
RCT-01079,Receipt,2024-09-30,2024-09-30 10:52,1101,HDFC Bank - CA 8842,126044.06,,Receipt from Customer 013 Retail UTR5398,ReceiptModule,ACCT-3,
RCT-01079,Receipt,2024-09-30,2024-09-30 10:52,1201,Sundry Debtors,,126044.06,Receipt from Customer 013 Retail UTR5398,ReceiptModule,ACCT-3,
RCT-01080,Receipt,2024-08-10,2024-08-10 09:25,1101,HDFC Bank - CA 8842,355576.48,,Receipt from Customer 004 Retail UTR5399,ReceiptModule,ACCT-2,
RCT-01080,Receipt,2024-08-10,2024-08-10 09:25,1201,Sundry Debtors,,355576.48,Receipt from Customer 004 Retail UTR5399,ReceiptModule,ACCT-2,
RCT-01081,Receipt,2024-08-04,2024-08-04 10:27,1101,HDFC Bank - CA 8842,119538.72,,Receipt from Customer 022 Retail UTR5400,ReceiptModule,ACCT-3,
RCT-01081,Receipt,2024-08-04,2024-08-04 10:27,1201,Sundry Debtors,,119538.72,Receipt from Customer 022 Retail UTR5400,ReceiptModule,ACCT-3,
RCT-01082,Receipt,2024-12-13,2024-12-13 11:47,1101,HDFC Bank - CA 8842,195553.14,,Receipt from Customer 025 Retail UTR5401,ReceiptModule,ACCT-3,
RCT-01082,Receipt,2024-12-13,2024-12-13 11:47,1201,Sundry Debtors,,195553.14,Receipt from Customer 025 Retail UTR5401,ReceiptModule,ACCT-3,
RCT-01083,Receipt,2024-12-16,2024-12-16 13:16,1101,HDFC Bank - CA 8842,261740.52,,Receipt from Customer 001 Retail UTR5402,ReceiptModule,ACCT-1,
RCT-01083,Receipt,2024-12-16,2024-12-16 13:16,1201,Sundry Debtors,,261740.52,Receipt from Customer 001 Retail UTR5402,ReceiptModule,ACCT-1,
RCT-01084,Receipt,2025-02-02,2025-02-02 11:16,1101,HDFC Bank - CA 8842,305284.88,,Receipt from Customer 018 Retail UTR5403,ReceiptModule,ACCT-1,
RCT-01084,Receipt,2025-02-02,2025-02-02 11:16,1201,Sundry Debtors,,305284.88,Receipt from Customer 018 Retail UTR5403,ReceiptModule,ACCT-1,
RCT-01085,Receipt,2024-09-12,2024-09-12 13:53,1101,HDFC Bank - CA 8842,437446.06,,Receipt from Customer 020 Retail UTR5404,ReceiptModule,ACCT-1,
RCT-01085,Receipt,2024-09-12,2024-09-12 13:53,1201,Sundry Debtors,,437446.06,Receipt from Customer 020 Retail UTR5404,ReceiptModule,ACCT-1,
RCT-01086,Receipt,2025-01-25,2025-01-25 13:49,1101,HDFC Bank - CA 8842,448460.18,,Receipt from Customer 022 Retail UTR5405,ReceiptModule,ACCT-2,
RCT-01086,Receipt,2025-01-25,2025-01-25 13:49,1201,Sundry Debtors,,448460.18,Receipt from Customer 022 Retail UTR5405,ReceiptModule,ACCT-2,
RCT-01087,Receipt,2025-01-23,2025-01-23 13:51,1101,HDFC Bank - CA 8842,45408.76,,Receipt from Customer 003 Retail UTR5406,ReceiptModule,ACCT-1,
RCT-01087,Receipt,2025-01-23,2025-01-23 13:51,1201,Sundry Debtors,,45408.76,Receipt from Customer 003 Retail UTR5406,ReceiptModule,ACCT-1,
RCT-01088,Receipt,2025-03-03,2025-03-03 13:09,1101,HDFC Bank - CA 8842,179245.54,,Receipt from Customer 013 Retail UTR5407,ReceiptModule,ACCT-2,
RCT-01088,Receipt,2025-03-03,2025-03-03 13:09,1201,Sundry Debtors,,179245.54,Receipt from Customer 013 Retail UTR5407,ReceiptModule,ACCT-2,
RCT-01089,Receipt,2024-08-02,2024-08-02 18:47,1101,HDFC Bank - CA 8842,226836.12,,Receipt from Customer 011 Retail UTR5408,ReceiptModule,ACCT-3,
RCT-01089,Receipt,2024-08-02,2024-08-02 18:47,1201,Sundry Debtors,,226836.12,Receipt from Customer 011 Retail UTR5408,ReceiptModule,ACCT-3,
RCT-01090,Receipt,2024-12-20,2024-12-20 11:27,1101,HDFC Bank - CA 8842,232926.10,,Receipt from Customer 026 Retail UTR5409,ReceiptModule,ACCT-2,
RCT-01090,Receipt,2024-12-20,2024-12-20 11:27,1201,Sundry Debtors,,232926.10,Receipt from Customer 026 Retail UTR5409,ReceiptModule,ACCT-2,
RCT-01091,Receipt,2024-11-15,2024-11-15 15:48,1101,HDFC Bank - CA 8842,27342.96,,Receipt from Customer 009 Retail UTR5410,ReceiptModule,ACCT-2,
RCT-01091,Receipt,2024-11-15,2024-11-15 15:48,1201,Sundry Debtors,,27342.96,Receipt from Customer 009 Retail UTR5410,ReceiptModule,ACCT-2,
RCT-01092,Receipt,2024-07-23,2024-07-23 12:10,1101,HDFC Bank - CA 8842,154728.68,,Receipt from Customer 006 Retail UTR5411,ReceiptModule,ACCT-1,
RCT-01092,Receipt,2024-07-23,2024-07-23 12:10,1201,Sundry Debtors,,154728.68,Receipt from Customer 006 Retail UTR5411,ReceiptModule,ACCT-1,
RCT-01093,Receipt,2024-11-13,2024-11-13 18:02,1101,HDFC Bank - CA 8842,147505.90,,Receipt from Customer 028 Retail UTR5412,ReceiptModule,ACCT-2,
RCT-01093,Receipt,2024-11-13,2024-11-13 18:02,1201,Sundry Debtors,,147505.90,Receipt from Customer 028 Retail UTR5412,ReceiptModule,ACCT-2,
RCT-01094,Receipt,2025-02-11,2025-02-11 13:06,1101,HDFC Bank - CA 8842,195062.26,,Receipt from Customer 004 Retail UTR5413,ReceiptModule,ACCT-2,
RCT-01094,Receipt,2025-02-11,2025-02-11 13:06,1201,Sundry Debtors,,195062.26,Receipt from Customer 004 Retail UTR5413,ReceiptModule,ACCT-2,
RCT-01095,Receipt,2024-05-09,2024-05-09 18:23,1101,HDFC Bank - CA 8842,287536.50,,Receipt from Customer 027 Retail UTR5414,ReceiptModule,ACCT-2,
RCT-01095,Receipt,2024-05-09,2024-05-09 18:23,1201,Sundry Debtors,,287536.50,Receipt from Customer 027 Retail UTR5414,ReceiptModule,ACCT-2,
RCT-01096,Receipt,2024-10-14,2024-10-14 18:47,1101,HDFC Bank - CA 8842,155585.36,,Receipt from Customer 011 Retail UTR5415,ReceiptModule,ACCT-1,
RCT-01096,Receipt,2024-10-14,2024-10-14 18:47,1201,Sundry Debtors,,155585.36,Receipt from Customer 011 Retail UTR5415,ReceiptModule,ACCT-1,
RCT-01097,Receipt,2024-09-24,2024-09-24 09:31,1101,HDFC Bank - CA 8842,384684.72,,Receipt from Customer 021 Retail UTR5416,ReceiptModule,ACCT-2,
RCT-01097,Receipt,2024-09-24,2024-09-24 09:31,1201,Sundry Debtors,,384684.72,Receipt from Customer 021 Retail UTR5416,ReceiptModule,ACCT-2,
RCT-01098,Receipt,2024-09-15,2024-09-15 12:40,1101,HDFC Bank - CA 8842,335297.00,,Receipt from Customer 028 Retail UTR5417,ReceiptModule,ACCT-3,
RCT-01098,Receipt,2024-09-15,2024-09-15 12:40,1201,Sundry Debtors,,335297.00,Receipt from Customer 028 Retail UTR5417,ReceiptModule,ACCT-3,
RCT-01099,Receipt,2024-08-19,2024-08-19 12:52,1101,HDFC Bank - CA 8842,421413.40,,Receipt from Customer 008 Retail UTR5418,ReceiptModule,ACCT-3,
RCT-01099,Receipt,2024-08-19,2024-08-19 12:52,1201,Sundry Debtors,,421413.40,Receipt from Customer 008 Retail UTR5418,ReceiptModule,ACCT-3,
RCT-01100,Receipt,2024-07-22,2024-07-22 18:38,1101,HDFC Bank - CA 8842,342440.72,,Receipt from Customer 030 Retail UTR5419,ReceiptModule,ACCT-2,
RCT-01100,Receipt,2024-07-22,2024-07-22 18:38,1201,Sundry Debtors,,342440.72,Receipt from Customer 030 Retail UTR5419,ReceiptModule,ACCT-2,
RCT-01101,Receipt,2024-06-14,2024-06-14 18:39,1101,HDFC Bank - CA 8842,66372.64,,Receipt from Customer 017 Retail UTR5420,ReceiptModule,ACCT-3,
RCT-01101,Receipt,2024-06-14,2024-06-14 18:39,1201,Sundry Debtors,,66372.64,Receipt from Customer 017 Retail UTR5420,ReceiptModule,ACCT-3,
RCT-01102,Receipt,2024-11-01,2024-11-01 18:42,1101,HDFC Bank - CA 8842,345843.84,,Receipt from Customer 010 Retail UTR5421,ReceiptModule,ACCT-3,
RCT-01102,Receipt,2024-11-01,2024-11-01 18:42,1201,Sundry Debtors,,345843.84,Receipt from Customer 010 Retail UTR5421,ReceiptModule,ACCT-3,
RCT-01103,Receipt,2024-08-09,2024-08-09 11:15,1101,HDFC Bank - CA 8842,415853.24,,Receipt from Customer 003 Retail UTR5422,ReceiptModule,ACCT-3,
RCT-01103,Receipt,2024-08-09,2024-08-09 11:15,1201,Sundry Debtors,,415853.24,Receipt from Customer 003 Retail UTR5422,ReceiptModule,ACCT-3,
RCT-01104,Receipt,2024-07-01,2024-07-01 09:34,1101,HDFC Bank - CA 8842,314678.86,,Receipt from Customer 030 Retail UTR5423,ReceiptModule,ACCT-3,
RCT-01104,Receipt,2024-07-01,2024-07-01 09:34,1201,Sundry Debtors,,314678.86,Receipt from Customer 030 Retail UTR5423,ReceiptModule,ACCT-3,
RCT-01105,Receipt,2025-03-29,2025-03-29 11:41,1101,HDFC Bank - CA 8842,12687.36,,Receipt from Customer 023 Retail UTR5424,ReceiptModule,ACCT-2,
RCT-01105,Receipt,2025-03-29,2025-03-29 11:41,1201,Sundry Debtors,,12687.36,Receipt from Customer 023 Retail UTR5424,ReceiptModule,ACCT-2,
RCT-01106,Receipt,2024-07-22,2024-07-22 13:12,1101,HDFC Bank - CA 8842,98374.24,,Receipt from Customer 003 Retail UTR5425,ReceiptModule,ACCT-2,
RCT-01106,Receipt,2024-07-22,2024-07-22 13:12,1201,Sundry Debtors,,98374.24,Receipt from Customer 003 Retail UTR5425,ReceiptModule,ACCT-2,
RCT-01107,Receipt,2024-07-14,2024-07-14 15:59,1101,HDFC Bank - CA 8842,412784.06,,Receipt from Customer 013 Retail UTR5426,ReceiptModule,ACCT-3,
RCT-01107,Receipt,2024-07-14,2024-07-14 15:59,1201,Sundry Debtors,,412784.06,Receipt from Customer 013 Retail UTR5426,ReceiptModule,ACCT-3,
RCT-01108,Receipt,2025-02-12,2025-02-12 09:43,1101,HDFC Bank - CA 8842,169116.42,,Receipt from Customer 020 Retail UTR5427,ReceiptModule,ACCT-1,
RCT-01108,Receipt,2025-02-12,2025-02-12 09:43,1201,Sundry Debtors,,169116.42,Receipt from Customer 020 Retail UTR5427,ReceiptModule,ACCT-1,
RCT-01109,Receipt,2024-10-05,2024-10-05 10:03,1101,HDFC Bank - CA 8842,261683.88,,Receipt from Customer 019 Retail UTR5428,ReceiptModule,ACCT-2,
RCT-01109,Receipt,2024-10-05,2024-10-05 10:03,1201,Sundry Debtors,,261683.88,Receipt from Customer 019 Retail UTR5428,ReceiptModule,ACCT-2,
RCT-01110,Receipt,2024-10-02,2024-10-02 10:04,1101,HDFC Bank - CA 8842,306063.68,,Receipt from Customer 016 Retail UTR5429,ReceiptModule,ACCT-1,
RCT-01110,Receipt,2024-10-02,2024-10-02 10:04,1201,Sundry Debtors,,306063.68,Receipt from Customer 016 Retail UTR5429,ReceiptModule,ACCT-1,
RCT-01111,Receipt,2024-09-10,2024-09-10 12:48,1101,HDFC Bank - CA 8842,296408.92,,Receipt from Customer 030 Retail UTR5430,ReceiptModule,ACCT-2,
RCT-01111,Receipt,2024-09-10,2024-09-10 12:48,1201,Sundry Debtors,,296408.92,Receipt from Customer 030 Retail UTR5430,ReceiptModule,ACCT-2,
RCT-01112,Receipt,2024-05-28,2024-05-28 12:04,1101,HDFC Bank - CA 8842,297538.18,,Receipt from Customer 007 Retail UTR5431,ReceiptModule,ACCT-3,
RCT-01112,Receipt,2024-05-28,2024-05-28 12:04,1201,Sundry Debtors,,297538.18,Receipt from Customer 007 Retail UTR5431,ReceiptModule,ACCT-3,
RCT-01113,Receipt,2025-01-24,2025-01-24 13:27,1101,HDFC Bank - CA 8842,348056.34,,Receipt from Customer 030 Retail UTR5432,ReceiptModule,ACCT-3,
RCT-01113,Receipt,2025-01-24,2025-01-24 13:27,1201,Sundry Debtors,,348056.34,Receipt from Customer 030 Retail UTR5432,ReceiptModule,ACCT-3,
RCT-01114,Receipt,2024-06-28,2024-06-28 14:47,1101,HDFC Bank - CA 8842,121235.56,,Receipt from Customer 011 Retail UTR5433,ReceiptModule,ACCT-3,
RCT-01114,Receipt,2024-06-28,2024-06-28 14:47,1201,Sundry Debtors,,121235.56,Receipt from Customer 011 Retail UTR5433,ReceiptModule,ACCT-3,
RCT-01115,Receipt,2024-09-13,2024-09-13 18:45,1101,HDFC Bank - CA 8842,330421.24,,Receipt from Customer 005 Retail UTR5434,ReceiptModule,ACCT-2,
RCT-01115,Receipt,2024-09-13,2024-09-13 18:45,1201,Sundry Debtors,,330421.24,Receipt from Customer 005 Retail UTR5434,ReceiptModule,ACCT-2,
RCT-01116,Receipt,2025-03-26,2025-03-26 09:29,1101,HDFC Bank - CA 8842,44943.84,,Receipt from Customer 007 Retail UTR5435,ReceiptModule,ACCT-3,
RCT-01116,Receipt,2025-03-26,2025-03-26 09:29,1201,Sundry Debtors,,44943.84,Receipt from Customer 007 Retail UTR5435,ReceiptModule,ACCT-3,
RCT-01117,Receipt,2024-05-27,2024-05-27 15:51,1101,HDFC Bank - CA 8842,279583.30,,Receipt from Customer 002 Retail UTR5436,ReceiptModule,ACCT-3,
RCT-01117,Receipt,2024-05-27,2024-05-27 15:51,1201,Sundry Debtors,,279583.30,Receipt from Customer 002 Retail UTR5436,ReceiptModule,ACCT-3,
RCT-01118,Receipt,2025-02-10,2025-02-10 15:02,1101,HDFC Bank - CA 8842,147872.88,,Receipt from Customer 009 Retail UTR5437,ReceiptModule,ACCT-1,
RCT-01118,Receipt,2025-02-10,2025-02-10 15:02,1201,Sundry Debtors,,147872.88,Receipt from Customer 009 Retail UTR5437,ReceiptModule,ACCT-1,
RCT-01119,Receipt,2024-06-17,2024-06-17 14:45,1101,HDFC Bank - CA 8842,175306.70,,Receipt from Customer 020 Retail UTR5438,ReceiptModule,ACCT-1,
RCT-01119,Receipt,2024-06-17,2024-06-17 14:45,1201,Sundry Debtors,,175306.70,Receipt from Customer 020 Retail UTR5438,ReceiptModule,ACCT-1,
RCT-01120,Receipt,2024-10-06,2024-10-06 15:54,1101,HDFC Bank - CA 8842,442399.70,,Receipt from Customer 006 Retail UTR5439,ReceiptModule,ACCT-2,
RCT-01120,Receipt,2024-10-06,2024-10-06 15:54,1201,Sundry Debtors,,442399.70,Receipt from Customer 006 Retail UTR5439,ReceiptModule,ACCT-2,
RCT-01121,Receipt,2025-02-09,2025-02-09 13:56,1101,HDFC Bank - CA 8842,421749.70,,Receipt from Customer 022 Retail UTR5440,ReceiptModule,ACCT-2,
RCT-01121,Receipt,2025-02-09,2025-02-09 13:56,1201,Sundry Debtors,,421749.70,Receipt from Customer 022 Retail UTR5440,ReceiptModule,ACCT-2,
RCT-01122,Receipt,2024-06-16,2024-06-16 12:41,1101,HDFC Bank - CA 8842,409825.80,,Receipt from Customer 012 Retail UTR5441,ReceiptModule,ACCT-3,
RCT-01122,Receipt,2024-06-16,2024-06-16 12:41,1201,Sundry Debtors,,409825.80,Receipt from Customer 012 Retail UTR5441,ReceiptModule,ACCT-3,
RCT-01123,Receipt,2024-05-11,2024-05-11 14:34,1101,HDFC Bank - CA 8842,54038.10,,Receipt from Customer 023 Retail UTR5442,ReceiptModule,ACCT-2,
RCT-01123,Receipt,2024-05-11,2024-05-11 14:34,1201,Sundry Debtors,,54038.10,Receipt from Customer 023 Retail UTR5442,ReceiptModule,ACCT-2,
RCT-01124,Receipt,2024-12-06,2024-12-06 12:06,1101,HDFC Bank - CA 8842,388081.94,,Receipt from Customer 018 Retail UTR5443,ReceiptModule,ACCT-1,
RCT-01124,Receipt,2024-12-06,2024-12-06 12:06,1201,Sundry Debtors,,388081.94,Receipt from Customer 018 Retail UTR5443,ReceiptModule,ACCT-1,
RCT-01125,Receipt,2025-02-04,2025-02-04 18:34,1101,HDFC Bank - CA 8842,236059.00,,Receipt from Customer 022 Retail UTR5444,ReceiptModule,ACCT-3,
RCT-01125,Receipt,2025-02-04,2025-02-04 18:34,1201,Sundry Debtors,,236059.00,Receipt from Customer 022 Retail UTR5444,ReceiptModule,ACCT-3,
RCT-01126,Receipt,2025-03-28,2025-03-28 16:08,1101,HDFC Bank - CA 8842,23694.40,,Receipt from Customer 023 Retail UTR5445,ReceiptModule,ACCT-3,
RCT-01126,Receipt,2025-03-28,2025-03-28 16:08,1201,Sundry Debtors,,23694.40,Receipt from Customer 023 Retail UTR5445,ReceiptModule,ACCT-3,
RCT-01127,Receipt,2024-11-27,2024-11-27 10:18,1101,HDFC Bank - CA 8842,76849.86,,Receipt from Customer 005 Retail UTR5446,ReceiptModule,ACCT-1,
RCT-01127,Receipt,2024-11-27,2024-11-27 10:18,1201,Sundry Debtors,,76849.86,Receipt from Customer 005 Retail UTR5446,ReceiptModule,ACCT-1,
RCT-01128,Receipt,2025-03-31,2025-03-31 13:32,1101,HDFC Bank - CA 8842,257420.54,,Receipt from Customer 028 Retail UTR5447,ReceiptModule,ACCT-1,
RCT-01128,Receipt,2025-03-31,2025-03-31 13:32,1201,Sundry Debtors,,257420.54,Receipt from Customer 028 Retail UTR5447,ReceiptModule,ACCT-1,
RCT-01129,Receipt,2024-05-12,2024-05-12 14:36,1101,HDFC Bank - CA 8842,401423.02,,Receipt from Customer 011 Retail UTR5448,ReceiptModule,ACCT-3,
RCT-01129,Receipt,2024-05-12,2024-05-12 14:36,1201,Sundry Debtors,,401423.02,Receipt from Customer 011 Retail UTR5448,ReceiptModule,ACCT-3,
RCT-01130,Receipt,2025-02-24,2025-02-24 14:18,1101,HDFC Bank - CA 8842,74833.24,,Receipt from Customer 028 Retail UTR5449,ReceiptModule,ACCT-3,
RCT-01130,Receipt,2025-02-24,2025-02-24 14:18,1201,Sundry Debtors,,74833.24,Receipt from Customer 028 Retail UTR5449,ReceiptModule,ACCT-3,
RCT-01131,Receipt,2024-11-23,2024-11-23 09:20,1101,HDFC Bank - CA 8842,331063.16,,Receipt from Customer 001 Retail UTR5450,ReceiptModule,ACCT-3,
RCT-01131,Receipt,2024-11-23,2024-11-23 09:20,1201,Sundry Debtors,,331063.16,Receipt from Customer 001 Retail UTR5450,ReceiptModule,ACCT-3,
RCT-01132,Receipt,2024-05-28,2024-05-28 09:02,1101,HDFC Bank - CA 8842,338945.56,,Receipt from Customer 008 Retail UTR5451,ReceiptModule,ACCT-2,
RCT-01132,Receipt,2024-05-28,2024-05-28 09:02,1201,Sundry Debtors,,338945.56,Receipt from Customer 008 Retail UTR5451,ReceiptModule,ACCT-2,
RCT-01133,Receipt,2024-05-26,2024-05-26 15:26,1101,HDFC Bank - CA 8842,317176.92,,Receipt from Customer 019 Retail UTR5452,ReceiptModule,ACCT-2,
RCT-01133,Receipt,2024-05-26,2024-05-26 15:26,1201,Sundry Debtors,,317176.92,Receipt from Customer 019 Retail UTR5452,ReceiptModule,ACCT-2,
RCT-01134,Receipt,2025-02-17,2025-02-17 12:18,1101,HDFC Bank - CA 8842,191060.88,,Receipt from Customer 022 Retail UTR5453,ReceiptModule,ACCT-2,
RCT-01134,Receipt,2025-02-17,2025-02-17 12:18,1201,Sundry Debtors,,191060.88,Receipt from Customer 022 Retail UTR5453,ReceiptModule,ACCT-2,
RCT-01135,Receipt,2024-06-18,2024-06-18 18:00,1101,HDFC Bank - CA 8842,106428.92,,Receipt from Customer 006 Retail UTR5454,ReceiptModule,ACCT-3,
RCT-01135,Receipt,2024-06-18,2024-06-18 18:00,1201,Sundry Debtors,,106428.92,Receipt from Customer 006 Retail UTR5454,ReceiptModule,ACCT-3,
RCT-01136,Receipt,2024-05-09,2024-05-09 13:05,1101,HDFC Bank - CA 8842,373366.16,,Receipt from Customer 023 Retail UTR5455,ReceiptModule,ACCT-3,
RCT-01136,Receipt,2024-05-09,2024-05-09 13:05,1201,Sundry Debtors,,373366.16,Receipt from Customer 023 Retail UTR5455,ReceiptModule,ACCT-3,
RCT-01137,Receipt,2024-06-12,2024-06-12 12:02,1101,HDFC Bank - CA 8842,148486.48,,Receipt from Customer 010 Retail UTR5456,ReceiptModule,ACCT-2,
RCT-01137,Receipt,2024-06-12,2024-06-12 12:02,1201,Sundry Debtors,,148486.48,Receipt from Customer 010 Retail UTR5456,ReceiptModule,ACCT-2,
RCT-01138,Receipt,2024-09-27,2024-09-27 15:52,1101,HDFC Bank - CA 8842,79415.18,,Receipt from Customer 010 Retail UTR5457,ReceiptModule,ACCT-1,
RCT-01138,Receipt,2024-09-27,2024-09-27 15:52,1201,Sundry Debtors,,79415.18,Receipt from Customer 010 Retail UTR5457,ReceiptModule,ACCT-1,
RCT-01139,Receipt,2025-02-02,2025-02-02 16:02,1101,HDFC Bank - CA 8842,18880.00,,Receipt from Customer 030 Retail UTR5458,ReceiptModule,ACCT-2,
RCT-01139,Receipt,2025-02-02,2025-02-02 16:02,1201,Sundry Debtors,,18880.00,Receipt from Customer 030 Retail UTR5458,ReceiptModule,ACCT-2,
RCT-01140,Receipt,2024-11-24,2024-11-24 17:07,1101,HDFC Bank - CA 8842,324466.96,,Receipt from Customer 012 Retail UTR5459,ReceiptModule,ACCT-2,
RCT-01140,Receipt,2024-11-24,2024-11-24 17:07,1201,Sundry Debtors,,324466.96,Receipt from Customer 012 Retail UTR5459,ReceiptModule,ACCT-2,
RCT-01141,Receipt,2025-03-01,2025-03-01 14:21,1101,HDFC Bank - CA 8842,28653.94,,Receipt from Customer 023 Retail UTR5460,ReceiptModule,ACCT-3,
RCT-01141,Receipt,2025-03-01,2025-03-01 14:21,1201,Sundry Debtors,,28653.94,Receipt from Customer 023 Retail UTR5460,ReceiptModule,ACCT-3,
JRN-90001,Journal,2025-03-31,2025-04-04 22:15,5901,Miscellaneous Expenses,4900000.00,,Provision for pending vendor bills,Manual,ADMIN-1,
JRN-90001,Journal,2025-03-31,2025-04-04 22:15,2501,Provisions & Accruals,,4900000.00,Provision for pending vendor bills,Manual,ADMIN-1,
JRN-90002,Journal,2025-04-11,2025-04-11 21:40,2501,Provisions & Accruals,4900000.00,,Reversal of provision,Manual,ADMIN-1,JRN-90001
JRN-90002,Journal,2025-04-11,2025-04-11 21:40,5901,Miscellaneous Expenses,,4900000.00,Reversal of provision,Manual,ADMIN-1,JRN-90001
JRN-90003,Journal,2025-03-30,2025-04-02 20:05,5301,Repairs & Maintenance,830000.00,,Year end adjustment,Manual,ADMIN-1,
JRN-90003,Journal,2025-03-30,2025-04-02 20:05,2101,Sundry Creditors,,830000.00,Year end adjustment,Manual,ADMIN-1,
JRN-90004,Journal,2025-03-28,2025-04-05 19:30,5301,Repairs & Maintenance,615000.00,,Reclassification entry,Manual,MGR-1,
JRN-90004,Journal,2025-03-28,2025-04-05 19:30,2101,Sundry Creditors,,615000.00,Reclassification entry,Manual,MGR-1,
JRN-90010,Journal,2024-11-14,2024-11-14 19:26,5901,Miscellaneous Expenses,200000.00,,adjustment,Manual,ACCT-3,
JRN-90010,Journal,2024-11-14,2024-11-14 19:26,2101,Sundry Creditors,,200000.00,adjustment,Manual,ACCT-3,
JRN-90011,Journal,2024-12-09,2024-12-09 19:15,5901,Miscellaneous Expenses,300000.00,,adjustment,Manual,ACCT-3,
JRN-90011,Journal,2024-12-09,2024-12-09 19:15,2101,Sundry Creditors,,300000.00,adjustment,Manual,ACCT-3,
JRN-90012,Journal,2025-01-21,2025-01-21 19:22,5901,Miscellaneous Expenses,500000.00,,adjustment,Manual,ACCT-3,
JRN-90012,Journal,2025-01-21,2025-01-21 19:22,2101,Sundry Creditors,,500000.00,adjustment,Manual,ACCT-3,
JRN-90013,Journal,2025-03-27,2025-03-27 19:41,5901,Miscellaneous Expenses,400000.00,,adjustment,Manual,ACCT-3,
JRN-90013,Journal,2025-03-27,2025-03-27 19:41,2101,Sundry Creditors,,400000.00,adjustment,Manual,ACCT-3,
PMT-01142,Payment,2024-09-16,2024-09-16 17:15,2101,Sundry Creditors,49000.00,,Advance to Prakash Machinery NEFT5461,PaymentModule,ACCT-1,
PMT-01142,Payment,2024-09-16,2024-09-16 17:15,1101,HDFC Bank - CA 8842,,49000.00,Advance to Prakash Machinery NEFT5461,PaymentModule,ACCT-1,
PMT-01143,Payment,2024-09-18,2024-09-18 17:16,2101,Sundry Creditors,49500.00,,Advance to Prakash Machinery NEFT5462,PaymentModule,ACCT-1,
PMT-01143,Payment,2024-09-18,2024-09-18 17:16,1101,HDFC Bank - CA 8842,,49500.00,Advance to Prakash Machinery NEFT5462,PaymentModule,ACCT-1,
PMT-01144,Payment,2024-09-20,2024-09-20 17:17,2101,Sundry Creditors,48750.00,,Advance to Prakash Machinery NEFT5463,PaymentModule,ACCT-1,
PMT-01144,Payment,2024-09-20,2024-09-20 17:17,1101,HDFC Bank - CA 8842,,48750.00,Advance to Prakash Machinery NEFT5463,PaymentModule,ACCT-1,
PUR-01145,Purchase,2025-02-14,2025-02-14 11:25,5001,Purchases - Trading Goods,460000.00,,Being goods from Shri Ram Traders inv SRT/0091,PurchaseModule,ADMIN-1,
PUR-01145,Purchase,2025-02-14,2025-02-14 11:25,2301,GST Input Credit,82800.00,,GST input on SRT/0091,PurchaseModule,ADMIN-1,
PUR-01145,Purchase,2025-02-14,2025-02-14 11:25,2101,Sundry Creditors,,542800.00,Shri Ram Traders inv SRT/0091,PurchaseModule,ADMIN-1,
PMT-01146,Payment,2025-02-17,2025-02-17 16:33,2101,Sundry Creditors,542800.00,,Payment to Shri Ram Traders NEFT5464,PaymentModule,ADMIN-1,
PMT-01146,Payment,2025-02-17,2025-02-17 16:33,1101,HDFC Bank - CA 8842,,542800.00,Payment to Shri Ram Traders NEFT5464,PaymentModule,ADMIN-1,
PUR-01147,Purchase,2024-10-07,2024-10-07 14:30,5001,Purchases - Trading Goods,187450.00,,Being goods from Trident Tools Ltd inv TT/2287,PurchaseModule,ACCT-2,
PUR-01147,Purchase,2024-10-07,2024-10-07 14:30,2301,GST Input Credit,33741.00,,GST input on TT/2287,PurchaseModule,ACCT-2,
PUR-01147,Purchase,2024-10-07,2024-10-07 14:30,2101,Sundry Creditors,,221191.00,Trident Tools Ltd inv TT/2287,PurchaseModule,ACCT-2,
PUR-01148,Purchase,2024-10-21,2024-10-21 14:30,5001,Purchases - Trading Goods,187450.00,,Being goods from Trident Tools Ltd inv TT/2287A,PurchaseModule,ACCT-2,
PUR-01148,Purchase,2024-10-21,2024-10-21 14:30,2301,GST Input Credit,33741.00,,GST input on TT/2287A,PurchaseModule,ACCT-2,
PUR-01148,Purchase,2024-10-21,2024-10-21 14:30,2101,Sundry Creditors,,221191.00,Trident Tools Ltd inv TT/2287A,PurchaseModule,ACCT-2,
PUR-A8,Purchase,2025-01-02,2025-01-02 12:10,5001,Purchases - Trading Goods,340000.00,,Being goods from Fortune Chemicals inv FC/5512,PurchaseModule,ACCT-1,
PUR-A8,Purchase,2025-01-02,2025-01-02 12:10,2301,GST Input Credit,61200.00,,GST input on FC/5512,PurchaseModule,ACCT-1,
PUR-A8,Purchase,2025-01-02,2025-01-02 12:10,2101,Sundry Creditors,,401200.00,Fortune Chemicals inv FC/5512,PurchaseModule,ACCT-1,
PMT-01149,Payment,2025-01-09,2025-01-09 09:49,2101,Sundry Creditors,401200.00,,Payment to Fortune Chemicals NEFT5465,PaymentModule,ADMIN-1,
PMT-01149,Payment,2025-01-09,2025-01-09 09:49,1101,HDFC Bank - CA 8842,,401200.00,Payment to Fortune Chemicals NEFT5465,PaymentModule,ADMIN-1,
PMT-01150,Payment,2025-03-20,2025-03-20 16:42,2101,Sundry Creditors,118000.00,,Payment to Deccan Logistics chq 004512,PaymentModule,ACCT-2,
PMT-01150,Payment,2025-03-20,2025-03-20 16:42,1101,HDFC Bank - CA 8842,,118000.00,Payment to Deccan Logistics chq 004512,PaymentModule,ACCT-2,
RCT-01151,Receipt,2025-01-15,2025-01-15 12:05,1101,HDFC Bank - CA 8842,100000.00,,Receipt from C-004 COLL20251,ReceiptModule,ACCT-1,
RCT-01151,Receipt,2025-01-15,2025-01-15 12:05,1201,Sundry Debtors,,100000.00,Receipt from C-004 COLL20251,ReceiptModule,ACCT-1,
RCT-01152,Receipt,2025-01-15,2025-01-15 12:06,1101,HDFC Bank - CA 8842,100000.00,,Receipt from C-011 COLL20252,ReceiptModule,ACCT-1,
RCT-01152,Receipt,2025-01-15,2025-01-15 12:06,1201,Sundry Debtors,,100000.00,Receipt from C-011 COLL20252,ReceiptModule,ACCT-1,
RCT-01153,Receipt,2025-01-15,2025-01-15 12:07,1101,HDFC Bank - CA 8842,100000.00,,Receipt from C-019 COLL20253,ReceiptModule,ACCT-1,
RCT-01153,Receipt,2025-01-15,2025-01-15 12:07,1201,Sundry Debtors,,100000.00,Receipt from C-019 COLL20253,ReceiptModule,ACCT-1,
